date,category,ic,n,signal,returns,horizon
20190329,L001,0.15380119588185048,117,ai,specific,1
20190329,L002,0.020850202429149797,39,ai,specific,1
20190329,L003,0.0975609756097561,41,ai,specific,1
20190329,L004,-0.15567882512570835,67,ai,specific,1
20190329,L005,0.37142857142857144,14,ai,specific,1
20190329,L006,-0.025610859728506786,51,ai,specific,1
20190329,L007,0.047619047619047616,8,ai,specific,1
20190329,L008,0.09657985692468452,144,ai,specific,1
20190329,L009,-0.11758893280632411,23,ai,specific,1
20190329,L010,0.38421052631578945,19,ai,specific,1
20190430,L001,-0.04893040122429969,113,ai,specific,1
20190430,L002,-0.1583011583011583,36,ai,specific,1
20190430,L003,0.5581550802139037,33,ai,specific,1
20190430,L004,0.10712973493132709,70,ai,specific,1
20190430,L005,0.38461538461538464,12,ai,specific,1
20190430,L006,0.055619796484736354,47,ai,specific,1
20190430,L007,0.32867132867132864,12,ai,specific,1
20190430,L008,-0.008736722235704819,137,ai,specific,1
20190430,L009,-0.04935064935064935,21,ai,specific,1
20190430,L010,0.15584415584415584,21,ai,specific,1
20190531,L001,0.1555230873869562,106,ai,specific,1
20190531,L002,0.39037433155080214,33,ai,specific,1
20190531,L003,-0.054826254826254826,36,ai,specific,1
20190531,L004,-0.016477272727272726,65,ai,specific,1
20190531,L005,0.1,11,ai,specific,1
20190531,L006,-0.12262443438914027,51,ai,specific,1
20190531,L007,-0.38461538461538464,12,ai,specific,1
20190531,L008,0.27026649237999534,147,ai,specific,1
20190531,L009,-0.03636363636363636,21,ai,specific,1
20190531,L010,0.2727272727272727,21,ai,specific,1
20190628,L001,0.11818413370167911,107,ai,specific,1
20190628,L002,0.47250733137829914,32,ai,specific,1
20190628,L003,-0.016473616473616472,36,ai,specific,1
20190628,L004,-0.10759956156375594,69,ai,specific,1
20190628,L005,0.18681318681318682,13,ai,specific,1
20190628,L006,0.04663265306122449,49,ai,specific,1
20190628,L007,0.24545454545454545,11,ai,specific,1
20190628,L008,0.012261495151704722,139,ai,specific,1
20190628,L009,0.3132411067193676,23,ai,specific,1
20190628,L010,-0.058823529411764705,18,ai,specific,1
20190731,L001,-0.07507984563177857,113,ai,specific,1
20190731,L002,0.07936210131332083,40,ai,specific,1
20190731,L003,-0.10196078431372549,35,ai,specific,1
20190731,L004,0.16129822412737294,70,ai,specific,1
20190731,L005,-0.45454545454545453,12,ai,specific,1
20190731,L006,-0.048065561273108445,54,ai,specific,1
20190731,L007,0.11666666666666667,9,ai,specific,1
20190731,L008,0.19151504773320777,141,ai,specific,1
20190731,L009,-0.20045172219085264,22,ai,specific,1
20190731,L010,0.1907114624505929,23,ai,specific,1
20190830,L001,0.058220563772872366,117,ai,specific,1
20190830,L002,0.3907085561497326,33,ai,specific,1
20190830,L003,0.27382645803698435,37,ai,specific,1
20190830,L004,-0.08819875776397515,70,ai,specific,1
20190830,L005,0.04395604395604396,13,ai,specific,1
20190830,L006,0.12099547511312217,51,ai,specific,1
20190830,L007,-0.13636363636363635,11,ai,specific,1
20190830,L008,0.0943864692814606,137,ai,specific,1
20190830,L009,0.09217391304347826,24,ai,specific,1
20190830,L010,0.09323308270676692,20,ai,specific,1
20190930,L001,0.2468723936613845,109,ai,specific,1
20190930,L002,0.043697478991596636,35,ai,specific,1
20190930,L003,-0.039473684210526314,39,ai,specific,1
20190930,L004,-0.003216205837173579,63,ai,specific,1
20190930,L005,0.18181818181818182,11,ai,specific,1
20190930,L006,-0.05469472710453284,47,ai,specific,1
20190930,L007,-0.23636363636363636,10,ai,specific,1
20190930,L008,-0.0026000667907065504,136,ai,specific,1
20190930,L009,0.042348955392433656,22,ai,specific,1
20190930,L010,-0.09610389610389611,21,ai,specific,1
20191031,L001,0.18264319365236797,110,ai,specific,1
20191031,L002,-0.03866396761133603,39,ai,specific,1
20191031,L003,0.11444652908067542,40,ai,specific,1
20191031,L004,0.08743714582169367,67,ai,specific,1
20191031,L005,0.038461538461538464,13,ai,specific,1
20191031,L006,-0.055714285714285716,49,ai,specific,1
20191031,L007,0.05454545454545454,11,ai,specific,1
20191031,L008,0.22624446114379002,148,ai,specific,1
20191031,L009,0.36623376623376624,21,ai,specific,1
20191031,L010,0.2571428571428571,21,ai,specific,1
20191129,L001,0.13003134318404833,108,ai,specific,1
20191129,L002,0.23044096728307253,37,ai,specific,1
20191129,L003,-0.028705440900562852,40,ai,specific,1
20191129,L004,0.02969270640503517,74,ai,specific,1
20191129,L005,-0.4153846153846154,14,ai,specific,1
20191129,L006,0.1774097157005037,52,ai,specific,1
20191129,L007,0.030303030303030304,10,ai,specific,1
20191129,L008,0.06197642023271283,146,ai,specific,1
20191129,L009,0.08865047995482778,22,ai,specific,1
20191129,L010,0.06015037593984962,20,ai,specific,1
20191231,L001,0.08480199046236782,105,ai,specific,1
20191231,L002,0.0777619724988146,37,ai,specific,1
20191231,L003,-0.018020022246941044,30,ai,specific,1
20191231,L004,-0.19231209680497766,68,ai,specific,1
20191231,L005,0.3791208791208791,13,ai,specific,1
20191231,L006,0.17469387755102042,49,ai,specific,1
20191231,L007,-0.03333333333333333,9,ai,specific,1
20191231,L008,0.048389682816312306,151,ai,specific,1
20191231,L009,-0.0502540937323546,22,ai,specific,1
20191231,L010,-0.011857707509881422,22,ai,specific,1
20200131,L001,-0.04728067477924702,103,ai,specific,1
20200131,L002,0.15844155844155844,34,ai,specific,1
20200131,L003,0.31994851994851997,36,ai,specific,1
20200131,L004,0.09598688018522092,72,ai,specific,1
20200131,L005,0.3181818181818182,11,ai,specific,1
20200131,L006,0.21547980894485455,48,ai,specific,1
20200131,L007,0.18181818181818182,12,ai,specific,1
20200131,L008,-0.0926573553419191,149,ai,specific,1
20200131,L009,0.1373913043478261,24,ai,specific,1
20200131,L010,-0.2982456140350877,18,ai,specific,1
20200228,L001,-0.001640926640926641,111,ai,specific,1
20200228,L002,-0.24561403508771928,37,ai,specific,1
20200228,L003,0.04652908067542214,40,ai,specific,1
20200228,L004,0.06964285714285715,64,ai,specific,1
20200228,L005,-0.25274725274725274,13,ai,specific,1
20200228,L006,0.010321257689678742,56,ai,specific,1
20200228,L007,0.28484848484848485,10,ai,specific,1
20200228,L008,0.09838831568829354,138,ai,specific,1
20200228,L009,0.0220214568040655,22,ai,specific,1
20200228,L010,-0.10075187969924812,20,ai,specific,1
20200331,L001,0.0532553006216966,114,ai,specific,1
20200331,L002,0.11943371943371943,36,ai,specific,1
20200331,L003,0.19380863039399623,40,ai,specific,1
20200331,L004,0.21525365499866397,68,ai,specific,1
20200331,L005,0.027472527472527472,13,ai,specific,1
20200331,L006,0.07967867998263135,48,ai,specific,1
20200331,L007,0.2909090909090909,11,ai,specific,1
20200331,L008,0.1083302176303135,148,ai,specific,1
20200331,L009,-0.09881422924901186,22,ai,specific,1
20200331,L010,0.025974025974025976,21,ai,specific,1
20200430,L001,-0.022431632177789606,113,ai,specific,1
20200430,L002,0.2647058823529412,33,ai,specific,1
20200430,L003,-0.08217636022514072,40,ai,specific,1
20200430,L004,0.03767873917127648,66,ai,specific,1
20200430,L005,0.5757575757575758,10,ai,specific,1
20200430,L006,0.24728614850195396,48,ai,specific,1
20200430,L007,0.13986013986013987,12,ai,specific,1
20200430,L008,0.11610293790835148,150,ai,specific,1
20200430,L009,-0.18521739130434783,24,ai,specific,1
20200430,L010,-0.05138339920948617,22,ai,specific,1
20200529,L001,-0.18299813394153017,105,ai,specific,1
20200529,L002,-0.015866068497647445,38,ai,specific,1
20200529,L003,-0.012145748987854251,38,ai,specific,1
20200529,L004,-0.26000740466493893,74,ai,specific,1
20200529,L005,0.3076923076923077,13,ai,specific,1
20200529,L006,0.177733860342556,45,ai,specific,1
20200529,L007,0.3090909090909091,10,ai,specific,1
20200529,L008,0.1192214111922141,136,ai,specific,1
20200529,L009,-0.3217391304347826,24,ai,specific,1
20200529,L010,0.14210526315789473,19,ai,specific,1
20200630,L001,0.23326757673794682,115,ai,specific,1
20200630,L002,0.12199197860962567,33,ai,specific,1
20200630,L003,0.16216216216216217,36,ai,specific,1
20200630,L004,-0.10507622316226355,67,ai,specific,1
20200630,L005,-0.10303030303030303,10,ai,specific,1
20200630,L006,0.27183673469387754,49,ai,specific,1
20200630,L007,0.05454545454545454,11,ai,specific,1
20200630,L008,0.10605876752478205,137,ai,specific,1
20200630,L009,0.10573122529644269,23,ai,specific,1
20200630,L010,0.2614035087719298,19,ai,specific,1
20200731,L001,0.045790410928025604,110,ai,specific,1
20200731,L002,-0.07450980392156863,35,ai,specific,1
20200731,L003,0.49564459930313587,41,ai,specific,1
20200731,L004,0.13974395448079657,75,ai,specific,1
20200731,L005,0.03296703296703297,14,ai,specific,1
20200731,L006,0.046040961135300755,53,ai,specific,1
20200731,L007,-0.5515151515151515,10,ai,specific,1
20200731,L008,0.35627607086022706,138,ai,specific,1
20200731,L009,-0.10446075663466968,22,ai,specific,1
20200731,L010,-0.058823529411764705,17,ai,specific,1
20200831,L001,0.09662153170536962,113,ai,specific,1
20200831,L002,-0.011325611325611325,36,ai,specific,1
20200831,L003,0.4263157894736842,39,ai,specific,1
20200831,L004,0.008135771148630917,70,ai,specific,1
20200831,L005,-0.006593406593406593,14,ai,specific,1
20200831,L006,0.05831127806710493,52,ai,specific,1
20200831,L007,-0.806060606060606,10,ai,specific,1
20200831,L008,0.3137506784495097,142,ai,specific,1
20200831,L009,0.23433088650479955,22,ai,specific,1
20200831,L010,0.13608130999435347,22,ai,specific,1
20200930,L001,-0.06521558320580212,113,ai,specific,1
20200930,L002,0.12324929971988796,35,ai,specific,1
20200930,L003,0.17425320056899005,37,ai,specific,1
20200930,L004,0.055480710349050825,70,ai,specific,1
20200930,L005,-0.43356643356643354,12,ai,specific,1
20200930,L006,0.4261704681872749,50,ai,specific,1
20200930,L007,0.28484848484848485,10,ai,specific,1
20200930,L008,0.15321835867081834,146,ai,specific,1
20200930,L009,0.15979672501411632,22,ai,specific,1
20200930,L010,0.3684210526315789,19,ai,specific,1
20201030,L001,0.09016166985814589,108,ai,specific,1
20201030,L002,0.32829131652661064,35,ai,specific,1
20201030,L003,-0.0226890756302521,35,ai,specific,1
20201030,L004,0.11670020120724346,71,ai,specific,1
20201030,L005,0.6727272727272727,11,ai,specific,1
20201030,L006,0.06840833585019632,43,ai,specific,1
20201030,L007,0.055944055944055944,12,ai,specific,1
20201030,L008,0.20924849798089235,143,ai,specific,1
20201030,L009,0.023715415019762844,23,ai,specific,1
20201030,L010,0.5369847543760587,22,ai,specific,1
20201130,L001,0.11727327167476213,113,ai,specific,1
20201130,L002,0.012096774193548387,32,ai,specific,1
20201130,L003,0.18349928876244664,38,ai,specific,1
20201130,L004,0.2324534592942484,60,ai,specific,1
20201130,L005,0.4340659340659341,13,ai,specific,1
20201130,L006,-0.06445829420302228,52,ai,specific,1
20201130,L007,0.2818181818181818,11,ai,specific,1
20201130,L008,-0.013873383903439722,136,ai,specific,1
20201130,L009,0.34155844155844156,21,ai,specific,1
20201130,L010,0.16103896103896104,21,ai,specific,1
20201231,L001,-0.16968357926300007,115,ai,specific,1
20201231,L002,0.1296918767507003,35,ai,specific,1
20201231,L003,0.16106442577030813,35,ai,specific,1
20201231,L004,0.036829673694339954,70,ai,specific,1
20201231,L005,0.16923076923076924,14,ai,specific,1
20201231,L006,0.0951079996584991,52,ai,specific,1
20201231,L007,-0.09090909090909091,10,ai,specific,1
20201231,L008,0.054323024393446925,143,ai,specific,1
20201231,L009,0.3660869565217391,24,ai,specific,1
20201231,L010,-0.23715415019762845,23,ai,specific,1
20210129,L001,0.23513015330665826,117,ai,specific,1
20210129,L002,0.41726508785332317,34,ai,specific,1
20210129,L003,0.4012870012870013,36,ai,specific,1
20210129,L004,0.07142416388991732,73,ai,specific,1
20210129,L005,0.006993006993006993,12,ai,specific,1
20210129,L006,0.13783533765032377,47,ai,specific,1
20210129,L007,-0.3090909090909091,10,ai,specific,1
20210129,L008,-0.04659896079357582,145,ai,specific,1
20210129,L009,0.36695652173913046,24,ai,specific,1
20210129,L010,0.16623376623376623,21,ai,specific,1
20210226,L001,0.08788400396913792,114,ai,specific,1
20210226,L002,0.1879021879021879,36,ai,specific,1
20210226,L003,0.1708502024291498,39,ai,specific,1
20210226,L004,0.1764934704084468,60,ai,specific,1
20210226,L005,0.03296703296703297,13,ai,specific,1
20210226,L006,-0.21334933973589434,50,ai,specific,1
20210226,L007,0.5393939393939394,10,ai,specific,1
20210226,L008,0.1061128242336296,148,ai,specific,1
20210226,L009,0.07043478260869565,24,ai,specific,1
20210226,L010,0.16842105263157894,19,ai,specific,1
20210331,L001,0.06036328536328536,111,ai,specific,1
20210331,L002,0.2244228033701718,38,ai,specific,1
20210331,L003,0.2401794507057665,38,ai,specific,1
20210331,L004,0.23194189480405458,67,ai,specific,1
20210331,L005,0.013986013986013986,12,ai,specific,1
20210331,L006,0.16827930978874375,53,ai,specific,1
20210331,L007,-0.05,9,ai,specific,1
20210331,L008,0.12146246528612976,140,ai,specific,1
20210331,L009,0.20652173913043478,23,ai,specific,1
20210331,L010,0.4485294117647059,17,ai,specific,1
20210430,L001,0.11525500107760732,107,ai,specific,1
20210430,L002,-0.06414956011730205,32,ai,specific,1
20210430,L003,0.12184873949579832,35,ai,specific,1
20210430,L004,0.09108512970405554,69,ai,specific,1
20210430,L005,-0.3,11,ai,specific,1
20210430,L006,0.05889328063241107,45,ai,specific,1
20210430,L007,0.01818181818181818,10,ai,specific,1
20210430,L008,0.10167815403056638,141,ai,specific,1
20210430,L009,0.025974025974025976,21,ai,specific,1
20210430,L010,0.35810113519091846,18,ai,specific,1
20210531,L001,0.10517818703659412,112,ai,specific,1
20210531,L002,-0.11901375059269796,37,ai,specific,1
20210531,L003,0.13526392961876832,32,ai,specific,1
20210531,L004,0.045527606721636575,66,ai,specific,1
20210531,L005,-0.1,11,ai,specific,1
20210531,L006,-0.029710577990267224,52,ai,specific,1
20210531,L007,-0.01818181818181818,11,ai,specific,1
20210531,L008,0.09649195530833968,146,ai,specific,1
20210531,L009,0.06538461538461539,25,ai,specific,1
20210531,L010,-0.19220779220779222,21,ai,specific,1
20210630,L001,0.26393676114513603,119,ai,specific,1
20210630,L002,0.020168067226890758,35,ai,specific,1
20210630,L003,0.05998103366524419,37,ai,specific,1
20210630,L004,0.10859219242395009,72,ai,specific,1
20210630,L005,-0.07692307692307693,14,ai,specific,1
20210630,L006,-0.003256621797655232,48,ai,specific,1
20210630,L007,0.6727272727272727,11,ai,specific,1
20210630,L008,0.1667319794380028,142,ai,specific,1
20210630,L009,0.18478260869565216,23,ai,specific,1
20210630,L010,0.14736842105263157,20,ai,specific,1
20210730,L001,0.2583284928417672,112,ai,specific,1
20210730,L002,0.28403361344537814,35,ai,specific,1
20210730,L003,0.17923186344238975,37,ai,specific,1
20210730,L004,0.06644946316179193,74,ai,specific,1
20210730,L005,0.07142857142857142,13,ai,specific,1
20210730,L006,0.16677070828331333,50,ai,specific,1
20210730,L007,0.11666666666666667,9,ai,specific,1
20210730,L008,-0.060514749294789096,140,ai,specific,1
20210730,L009,-0.0016939582156973462,22,ai,specific,1
20210730,L010,0.02727272727272727,21,ai,specific,1
20210831,L001,0.024965220523360903,122,ai,specific,1
20210831,L002,0.024732620320855617,33,ai,specific,1
20210831,L003,0.018929861035124194,38,ai,specific,1
20210831,L004,0.17728001974577318,73,ai,specific,1
20210831,L005,0.06993006993006994,12,ai,specific,1
20210831,L006,0.20295113691340105,53,ai,specific,1
20210831,L007,0.38181818181818183,10,ai,specific,1
20210831,L008,0.13660475980706085,148,ai,specific,1
20210831,L009,0.19028797289666854,22,ai,specific,1
20210831,L010,0.17443609022556392,20,ai,specific,1
20210930,L001,0.01106093436746927,114,ai,specific,1
20210930,L002,0.04929971988795518,35,ai,specific,1
20210930,L003,-0.012348178137651822,39,ai,specific,1
20210930,L004,0.11002304147465437,63,ai,specific,1
20210930,L005,-0.01818181818181818,11,ai,specific,1
20210930,L006,0.14893617021276595,47,ai,specific,1
20210930,L007,-0.11515151515151516,10,ai,specific,1
20210930,L008,0.24113620957337473,140,ai,specific,1
20210930,L009,-0.20355731225296442,23,ai,specific,1
20210930,L010,0.2,19,ai,specific,1
20211029,L001,0.22889098478569456,108,ai,specific,1
20211029,L002,0.15315315315315314,37,ai,specific,1
20211029,L003,-0.14646074646074647,36,ai,specific,1
20211029,L004,0.2548747377514501,73,ai,specific,1
20211029,L005,0.01098901098901099,13,ai,specific,1
20211029,L006,-0.05087881591119334,46,ai,specific,1
20211029,L007,0.016666666666666666,9,ai,specific,1
20211029,L008,0.30424048388000074,137,ai,specific,1
20211029,L009,0.05039525691699605,23,ai,specific,1
20211029,L010,0.3893280632411067,23,ai,specific,1
20211130,L001,-0.0681355177092404,114,ai,specific,1
20211130,L002,0.03162271583324215,38,ai,specific,1
20211130,L003,0.17142857142857143,35,ai,specific,1
20211130,L004,-0.001955463325085801,67,ai,specific,1
20211130,L005,0.5,7,ai,specific,1
20211130,L006,0.2800960384153661,50,ai,specific,1
20211130,L007,0.2517482517482518,12,ai,specific,1
20211130,L008,-0.0862922288978627,143,ai,specific,1
20211130,L009,0.20835686053077357,22,ai,specific,1
20211130,L010,-0.26256352343308864,22,ai,specific,1
20211231,L001,-0.07199405527451484,108,ai,specific,1
20211231,L002,-0.10640394088669951,29,ai,specific,1
20211231,L003,-0.20450815187657292,38,ai,specific,1
20211231,L004,0.11794243723208818,70,ai,specific,1
20211231,L005,0.3,11,ai,specific,1
20211231,L006,0.085906362545018,50,ai,specific,1
20211231,L007,0.07878787878787878,10,ai,specific,1
20211231,L008,0.10125879303961496,147,ai,specific,1
20211231,L009,0.21442687747035574,23,ai,specific,1
20211231,L010,0.3012987012987013,21,ai,specific,1
20220131,L001,-0.031382724135325085,106,ai,specific,1
20220131,L002,0.35378151260504204,35,ai,specific,1
20220131,L003,0.3462033462033462,36,ai,specific,1
20220131,L004,0.1516431924882629,71,ai,specific,1
20220131,L005,0.2802197802197802,13,ai,specific,1
20220131,L006,0.01561054579093432,47,ai,specific,1
20220131,L007,0.006060606060606061,10,ai,specific,1
20220131,L008,0.010750743509364198,144,ai,specific,1
20220131,L009,-0.13391304347826086,24,ai,specific,1
20220131,L010,0.02987012987012987,21,ai,specific,1
20220228,L001,0.005926840259409471,107,ai,specific,1
20220228,L002,-0.09884169884169884,36,ai,specific,1
20220228,L003,-0.04879679144385027,33,ai,specific,1
20220228,L004,-0.010032799536947714,72,ai,specific,1
20220228,L005,0.7032967032967034,13,ai,specific,1
20220228,L006,0.42587881591119336,47,ai,specific,1
20220228,L007,0.18787878787878787,10,ai,specific,1
20220228,L008,0.06485662973526324,142,ai,specific,1
20220228,L009,0.15527950310559005,22,ai,specific,1
20220228,L010,0.10784867306606437,22,ai,specific,1
20220331,L001,0.10898897229172458,109,ai,specific,1
20220331,L002,0.20797940797940798,36,ai,specific,1
20220331,L003,-0.12521008403361344,35,ai,specific,1
20220331,L004,0.03675557179393497,69,ai,specific,1
20220331,L005,-0.2,9,ai,specific,1
20220331,L006,-0.020404678562281228,52,ai,specific,1
20220331,L007,0.25,9,ai,specific,1
20220331,L008,0.19684061817714799,141,ai,specific,1
20220331,L009,0.0017391304347826088,24,ai,specific,1
20220331,L010,0.34782608695652173,24,ai,specific,1
20220429,L001,0.210771004220374,108,ai,specific,1
20220429,L002,-0.23333333333333334,35,ai,specific,1
20220429,L003,0.11983805668016194,39,ai,specific,1
20220429,L004,0.2198309153533034,66,ai,specific,1
20220429,L005,-0.33516483516483514,13,ai,specific,1
20220429,L006,-0.07631350412505428,48,ai,specific,1
20220429,L007,0.06363636363636363,11,ai,specific,1
20220429,L008,-0.01093528578176665,145,ai,specific,1
20220429,L009,0.1280701754385965,19,ai,specific,1
20220429,L010,0.1383399209486166,22,ai,specific,1
20220531,L001,0.08816381283042689,115,ai,specific,1
20220531,L002,0.04059525112156691,38,ai,specific,1
20220531,L003,0.014935988620199146,37,ai,specific,1
20220531,L004,-0.07721109264281341,70,ai,specific,1
20220531,L005,-0.2867132867132867,12,ai,specific,1
20220531,L006,0.03053173241852487,54,ai,specific,1
20220531,L007,0.4523809523809524,8,ai,specific,1
20220531,L008,0.09410722720831365,145,ai,specific,1
20220531,L009,0.08,25,ai,specific,1
20220531,L010,0.4922077922077922,21,ai,specific,1
20220630,L001,0.09356209827907941,105,ai,specific,1
20220630,L002,0.1758398074187548,38,ai,specific,1
20220630,L003,-0.02026266416510319,40,ai,specific,1
20220630,L004,0.13164335664335663,65,ai,specific,1
20220630,L005,-0.12727272727272726,10,ai,specific,1
20220630,L006,0.15056448111159357,48,ai,specific,1
20220630,L007,0.4755244755244755,12,ai,specific,1
20220630,L008,0.02429861581859133,140,ai,specific,1
20220630,L009,-0.21558441558441557,21,ai,specific,1
20220630,L010,0.40372670807453415,22,ai,specific,1
20220729,L001,0.1832237727290201,116,ai,specific,1
20220729,L002,0.2240398293029872,37,ai,specific,1
20220729,L003,-0.033460656990068754,34,ai,specific,1
20220729,L004,0.13721139623126888,72,ai,specific,1
20220729,L005,-0.2545454545454545,11,ai,specific,1
20220729,L006,0.1646765089014329,48,ai,specific,1
20220729,L007,-0.030303030303030304,10,ai,specific,1
20220729,L008,-0.01023854511100614,145,ai,specific,1
20220729,L009,0.1976923076923077,25,ai,specific,1
20220729,L010,0.10676691729323308,20,ai,specific,1
20220831,L001,0.14088237255518402,108,ai,specific,1
20220831,L002,0.12941176470588237,35,ai,specific,1
20220831,L003,0.06882591093117409,38,ai,specific,1
20220831,L004,0.01585310952472828,72,ai,specific,1
20220831,L005,-0.15384615384615385,13,ai,specific,1
20220831,L006,-0.07466986794717888,50,ai,specific,1
20220831,L007,0.17575757575757575,10,ai,specific,1
20220831,L008,0.20618836238000482,140,ai,specific,1
20220831,L009,0.0823076923076923,25,ai,specific,1
20220831,L010,0.26666666666666666,19,ai,specific,1
20220930,L001,0.02505240853864707,110,ai,specific,1
20220930,L002,0.12232645403377111,40,ai,specific,1
20220930,L003,-0.1525328330206379,40,ai,specific,1
20220930,L004,0.0045970628162408985,73,ai,specific,1
20220930,L005,0.1258741258741259,12,ai,specific,1
20220930,L006,0.09863552266419981,47,ai,specific,1
20220930,L007,0.045454545454545456,11,ai,specific,1
20220930,L008,0.029610332679587844,138,ai,specific,1
20220930,L009,0.05434782608695652,23,ai,specific,1
20220930,L010,0.026538678712591756,22,ai,specific,1
20221031,L001,0.17541941435746747,112,ai,specific,1
20221031,L002,0.27419354838709675,32,ai,specific,1
20221031,L003,0.15811357916621074,38,ai,specific,1
20221031,L004,0.1881287726358149,71,ai,specific,1
20221031,L005,0.6606060606060606,10,ai,specific,1
20221031,L006,0.13069908814589665,48,ai,specific,1
20221031,L007,-0.23333333333333334,9,ai,specific,1
20221031,L008,0.06848747117203494,148,ai,specific,1
20221031,L009,-0.07015810276679842,23,ai,specific,1
20221031,L010,0.23859649122807017,19,ai,specific,1
20221130,L001,0.052258965999068464,114,ai,specific,1
20221130,L002,-0.14011379800853485,37,ai,specific,1
20221130,L003,-0.13916548127074443,37,ai,specific,1
20221130,L004,0.12541651240281376,73,ai,specific,1
20221130,L005,-0.24725274725274726,13,ai,specific,1
20221130,L006,0.13101295097132284,47,ai,specific,1
20221130,L007,0.2727272727272727,11,ai,specific,1
20221130,L008,0.15130784708249498,141,ai,specific,1
20221130,L009,0.22153846153846155,25,ai,specific,1
20221130,L010,0.12990196078431374,17,ai,specific,1
20221230,L001,0.0754547708676149,110,ai,specific,1
20221230,L002,-0.134024064171123,33,ai,specific,1
20221230,L003,0.33783783783783783,37,ai,specific,1
20221230,L004,-0.015756640298411475,72,ai,specific,1
20221230,L005,-0.15454545454545454,11,ai,specific,1
20221230,L006,0.18010291595197256,54,ai,specific,1
20221230,L007,-0.12727272727272726,10,ai,specific,1
20221230,L008,0.07263885539747608,144,ai,specific,1
20221230,L009,0.26,24,ai,specific,1
20221230,L010,0.3616600790513834,23,ai,specific,1
20230131,L001,-0.1374146160221784,108,ai,specific,1
20230131,L002,-0.03865546218487395,35,ai,specific,1
20230131,L003,-0.04690431519699812,40,ai,specific,1
20230131,L004,0.13550536838208072,73,ai,specific,1
20230131,L005,0.027972027972027972,12,ai,specific,1
20230131,L006,0.19610688978058569,52,ai,specific,1
20230131,L007,-0.47619047619047616,8,ai,specific,1
20230131,L008,0.03932103257844942,141,ai,specific,1
20230131,L009,0.24285714285714285,21,ai,specific,1
20230131,L010,0.2766233766233766,21,ai,specific,1
20230228,L001,-0.013706563706563707,111,ai,specific,1
20230228,L002,-0.0058823529411764705,35,ai,specific,1
20230228,L003,-0.0694642010431484,37,ai,specific,1
20230228,L004,-0.025193724472267816,68,ai,specific,1
20230228,L005,-0.11666666666666667,9,ai,specific,1
20230228,L006,0.22132284921369103,47,ai,specific,1
20230228,L007,-0.03636363636363636,11,ai,specific,1
20230228,L008,-0.08179365833042009,132,ai,specific,1
20230228,L009,0.09172932330827067,20,ai,specific,1
20230228,L010,0.06380575945793338,22,ai,specific,1
20230331,L001,0.23406442305524874,110,ai,specific,1
20230331,L002,0.16263632053105737,37,ai,specific,1
20230331,L003,0.23696060037523453,40,ai,specific,1
20230331,L004,-0.012404863966407139,70,ai,specific,1
20230331,L005,0.3021978021978022,13,ai,specific,1
20230331,L006,0.25402714932126697,51,ai,specific,1
20230331,L007,0.10909090909090909,11,ai,specific,1
20230331,L008,0.1409098358285213,146,ai,specific,1
20230331,L009,-0.03130434782608696,24,ai,specific,1
20230331,L010,0.32280701754385965,19,ai,specific,1
20230428,L001,0.2815284665359628,116,ai,specific,1
20230428,L002,0.3456885456885457,36,ai,specific,1
20230428,L003,0.32071342597658387,38,ai,specific,1
20230428,L004,0.045410906298003074,63,ai,specific,1
20230428,L005,-0.01818181818181818,11,ai,specific,1
20230428,L006,0.1261563367252544,47,ai,specific,1
20230428,L007,-0.24848484848484848,10,ai,specific,1
20230428,L008,0.10019661289601858,139,ai,specific,1
20230428,L009,0.07015810276679842,23,ai,specific,1
20230428,L010,-0.34545454545454546,21,ai,specific,1
20230531,L001,0.01939904875684692,110,ai,specific,1
20230531,L002,-0.08391248391248392,36,ai,specific,1
20230531,L003,0.015444015444015444,36,ai,specific,1
20230531,L004,0.1348339160839161,65,ai,specific,1
20230531,L005,-0.509090909090909,11,ai,specific,1
20230531,L006,0.07194570135746606,51,ai,specific,1
20230531,L007,0.22727272727272727,11,ai,specific,1
20230531,L008,0.21787637649706615,144,ai,specific,1
20230531,L009,0.08717948717948718,26,ai,specific,1
20230531,L010,0.19593450028232637,22,ai,specific,1
20230630,L001,0.2087665647298675,109,ai,specific,1
20230630,L002,0.32212885154061627,35,ai,specific,1
20230630,L003,-0.07104247104247104,36,ai,specific,1
20230630,L004,0.19632867132867132,65,ai,specific,1
20230630,L005,-0.18181818181818182,11,ai,specific,1
20230630,L006,0.13709483793517407,50,ai,specific,1
20230630,L007,0.08181818181818182,11,ai,specific,1
20230630,L008,0.08294756886306182,143,ai,specific,1
20230630,L009,0.25804630152456237,22,ai,specific,1
20230630,L010,-0.283596837944664,23,ai,specific,1
20230731,L001,0.2462604227019674,106,ai,specific,1
20230731,L002,-0.21147463252726412,37,ai,specific,1
20230731,L003,0.30587044534412955,39,ai,specific,1
20230731,L004,0.053903862183939985,60,ai,specific,1
20230731,L005,0.34945054945054943,14,ai,specific,1
20230731,L006,0.07945701357466063,51,ai,specific,1
20230731,L007,0.09523809523809523,8,ai,specific,1
20230731,L008,0.13723104813701636,136,ai,specific,1
20230731,L009,-0.3523076923076923,25,ai,specific,1
20230731,L010,0.00909090909090909,21,ai,specific,1
20230831,L001,0.0765786947236427,107,ai,specific,1
20230831,L002,-0.04105571847507331,32,ai,specific,1
20230831,L003,-0.002844950213371266,37,ai,specific,1
20230831,L004,-0.06335476329631794,59,ai,specific,1
20230831,L005,-0.27472527472527475,13,ai,specific,1
20230831,L006,0.08160676532769556,44,ai,specific,1
20230831,L007,0.7333333333333333,10,ai,specific,1
20230831,L008,0.3043264071797873,135,ai,specific,1
20230831,L009,-0.06598290598290599,26,ai,specific,1
20230831,L010,0.2631578947368421,20,ai,specific,1
20230929,L001,0.029241944496181786,118,ai,specific,1
20230929,L002,0.2812834224598931,34,ai,specific,1
20230929,L003,0.10853658536585366,41,ai,specific,1
20230929,L004,-0.08461538461538462,64,ai,specific,1
20230929,L005,0.44755244755244755,12,ai,specific,1
20230929,L006,0.06206778792794331,52,ai,specific,1
20230929,L007,0.7142857142857143,8,ai,specific,1
20230929,L008,0.13971133652084544,139,ai,specific,1
20230929,L009,-0.00909090909090909,21,ai,specific,1
20230929,L010,0.3954887218045113,20,ai,specific,1
20231031,L001,0.028608991397296293,108,ai,specific,1
20231031,L002,0.020388809862494073,37,ai,specific,1
20231031,L003,0.03744939271255061,39,ai,specific,1
20231031,L004,0.07554473621198819,67,ai,specific,1
20231031,L005,-0.07878787878787878,10,ai,specific,1
20231031,L006,-0.019996774713755845,53,ai,specific,1
20231031,L007,-0.5034965034965035,12,ai,specific,1
20231031,L008,0.09365002813278675,144,ai,specific,1
20231031,L009,0.3577075098814229,23,ai,specific,1
20231031,L010,0.3157894736842105,19,ai,specific,1
20231130,L001,0.0442445557101589,118,ai,specific,1
20231130,L002,0.28157894736842104,39,ai,specific,1
20231130,L003,-0.02195121951219512,40,ai,specific,1
20231130,L004,0.0040195510965335395,72,ai,specific,1
20231130,L005,-0.04195804195804196,12,ai,specific,1
20231130,L006,0.0899854862119013,53,ai,specific,1
20231130,L007,0.03333333333333333,9,ai,specific,1
20231130,L008,0.009030624547865927,144,ai,specific,1
20231130,L009,-0.2450592885375494,23,ai,specific,1
20231130,L010,-0.12154150197628459,23,ai,specific,1
20231229,L001,0.1964259041928945,104,ai,specific,1
20231229,L002,0.04971857410881801,40,ai,specific,1
20231229,L003,0.0196078431372549,35,ai,specific,1
20231229,L004,0.28387717610007873,70,ai,specific,1
20231229,L005,0.23636363636363636,10,ai,specific,1
20231229,L006,0.18168642951251646,45,ai,specific,1
20231229,L007,0.37272727272727274,11,ai,specific,1
20231229,L008,0.09028986280894678,131,ai,specific,1
20231229,L009,0.3948051948051948,21,ai,specific,1
20231229,L010,-0.14586466165413534,20,ai,specific,1
20240131,L001,0.19863155712212316,105,ai,specific,1
20240131,L002,0.16088617265087854,34,ai,specific,1
20240131,L003,-0.3637065637065637,36,ai,specific,1
20240131,L004,0.06480964163141512,67,ai,specific,1
20240131,L005,0.07272727272727272,11,ai,specific,1
20240131,L006,0.14842737094837935,50,ai,specific,1
20240131,L007,0.2857142857142857,8,ai,specific,1
20240131,L008,0.13307240704500978,147,ai,specific,1
20240131,L009,0.3030769230769231,25,ai,specific,1
20240131,L010,0.3932806324110672,23,ai,specific,1
20240229,L001,0.197440311050809,114,ai,specific,1
20240229,L002,-0.021106821106821105,36,ai,specific,1
20240229,L003,-0.28907563025210087,35,ai,specific,1
20240229,L004,-0.1085633001422475,75,ai,specific,1
20240229,L005,0.23076923076923078,12,ai,specific,1
20240229,L006,-0.0010204081632653062,49,ai,specific,1
20240229,L007,-0.41818181818181815,10,ai,specific,1
20240229,L008,0.14159488023671826,138,ai,specific,1
20240229,L009,0.25043478260869567,24,ai,specific,1
20240229,L010,-0.38480392156862747,17,ai,specific,1
20240329,L001,0.16670270809767782,113,ai,specific,1
20240329,L002,0.09558823529411764,33,ai,specific,1
20240329,L003,0.239960608381661,38,ai,specific,1
20240329,L004,0.15682234432234432,64,ai,specific,1
20240329,L005,-0.23636363636363636,11,ai,specific,1
20240329,L006,0.2179183135704875,45,ai,specific,1
20240329,L007,0.34265734265734266,12,ai,specific,1
20240329,L008,0.06531569775235713,139,ai,specific,1
20240329,L009,0.5626086956521739,24,ai,specific,1
20240329,L010,0.33258046301524563,22,ai,specific,1
20240430,L001,0.18799172773456818,117,ai,specific,1
20240430,L002,0.024904507257448433,34,ai,specific,1
20240430,L003,0.13837535014005603,35,ai,specific,1
20240430,L004,0.10140474100087796,67,ai,specific,1
20240430,L005,-0.23776223776223776,12,ai,specific,1
20240430,L006,0.15956629386152138,52,ai,specific,1
20240430,L007,0.21666666666666667,9,ai,specific,1
20240430,L008,0.0016437420739440056,135,ai,specific,1
20240430,L009,0.3969924812030075,20,ai,specific,1
20240430,L010,0.008695652173913044,24,ai,specific,1
20240531,L001,-0.06553659581182517,110,ai,specific,1
20240531,L002,-0.035483870967741936,31,ai,specific,1
20240531,L003,0.10263157894736842,39,ai,specific,1
20240531,L004,0.038973567431989195,72,ai,specific,1
20240531,L005,-0.00909090909090909,11,ai,specific,1
20240531,L006,0.03788715486194478,50,ai,specific,1
20240531,L007,-0.18181818181818182,12,ai,specific,1
20240531,L008,0.10910760753099648,140,ai,specific,1
20240531,L009,0.5618294748729531,22,ai,specific,1
20240531,L010,-0.3017543859649123,19,ai,specific,1
20240628,L001,0.11888947667469973,107,ai,specific,1
20240628,L002,0.15727155727155728,36,ai,specific,1
20240628,L003,0.06846846846846846,36,ai,specific,1
20240628,L004,-0.023275232230456112,66,ai,specific,1
20240628,L005,0.34065934065934067,13,ai,specific,1
20240628,L006,0.3422328931572629,50,ai,specific,1
20240628,L007,0.15,9,ai,specific,1
20240628,L008,-0.1275716970060892,138,ai,specific,1
20240628,L009,0.19090909090909092,21,ai,specific,1
20240628,L010,0.40019762845849804,23,ai,specific,1
20240731,L001,0.04718797195861416,110,ai,specific,1
20240731,L002,-0.039719881825144986,38,ai,specific,1
20240731,L003,0.2777327935222672,39,ai,specific,1
20240731,L004,0.1369215291750503,71,ai,specific,1
20240731,L005,-0.0989010989010989,13,ai,specific,1
20240731,L006,0.034913723592968876,53,ai,specific,1
20240731,L007,-0.5,8,ai,specific,1
20240731,L008,0.019277366325613252,141,ai,specific,1
20240731,L009,0.17076923076923076,25,ai,specific,1
20240731,L010,0.1665725578769057,22,ai,specific,1
20240830,L001,0.2739474696745712,114,ai,specific,1
20240830,L002,0.1830616041142357,38,ai,specific,1
20240830,L003,-0.0858226647700332,37,ai,specific,1
20240830,L004,0.13531187122736418,71,ai,specific,1
20240830,L005,-0.5636363636363636,11,ai,specific,1
20240830,L006,0.012025901942645698,47,ai,specific,1
20240830,L007,-0.25,9,ai,specific,1
20240830,L008,0.06178113409893204,139,ai,specific,1
20240830,L009,0.30773574251835123,22,ai,specific,1
20240830,L010,-0.13156408808582723,22,ai,specific,1
20240930,L001,0.007106980558307992,112,ai,specific,1
20240930,L002,-0.05362872421695951,34,ai,specific,1
20240930,L003,0.2277992277992278,36,ai,specific,1
20240930,L004,0.20117049327931058,72,ai,specific,1
20240930,L005,-0.03333333333333333,9,ai,specific,1
20240930,L006,-0.09227095093356491,48,ai,specific,1
20240930,L007,0.44545454545454544,11,ai,specific,1
20240930,L008,-0.05088974762654454,136,ai,specific,1
20240930,L009,0.18774703557312253,23,ai,specific,1
20240930,L010,0.2636928289102202,22,ai,specific,1
20241031,L001,0.06305254378648874,109,ai,specific,1
20241031,L002,0.20746460746460746,36,ai,specific,1
20241031,L003,0.06247948353211511,38,ai,specific,1
20241031,L004,0.06990803267091131,72,ai,specific,1
20241031,L005,0.40559440559440557,12,ai,specific,1
20241031,L006,-0.06950226244343892,51,ai,specific,1
20241031,L007,-0.14285714285714285,8,ai,specific,1
20241031,L008,0.05697718523610043,142,ai,specific,1
20241031,L009,0.0034782608695652175,24,ai,specific,1
20241031,L010,-0.041176470588235294,16,ai,specific,1
20241129,L001,-0.005962346670311272,112,ai,specific,1
20241129,L002,-0.044257703081232495,35,ai,specific,1
20241129,L003,0.23667797352007877,38,ai,specific,1
20241129,L004,-0.014989939637826962,71,ai,specific,1
20241129,L005,0.4125874125874126,12,ai,specific,1
20241129,L006,0.12846130126426147,46,ai,specific,1
20241129,L007,0.38181818181818183,10,ai,specific,1
20241129,L008,-0.09380110449933644,141,ai,specific,1
20241129,L009,0.06230769230769231,25,ai,specific,1
20241129,L010,0.1649122807017544,19,ai,specific,1
20241231,L001,0.03651723784467147,112,ai,specific,1
20241231,L002,0.09755469755469756,36,ai,specific,1
20241231,L003,0.0600375234521576,40,ai,specific,1
20241231,L004,0.21569957698140316,67,ai,specific,1
20241231,L005,0.39090909090909093,11,ai,specific,1
20241231,L006,0.418686401480111,46,ai,specific,1
20241231,L007,-0.3333333333333333,9,ai,specific,1
20241231,L008,0.09238809560254532,140,ai,specific,1
20241231,L009,0.13533834586466165,20,ai,specific,1
20241231,L010,0.03609022556390978,20,ai,specific,1
20250131,L001,0.003203661327231121,114,ai,specific,1
20250131,L002,-0.12419301892986104,38,ai,specific,1
20250131,L003,-0.11275303643724696,39,ai,specific,1
20250131,L004,-0.056201406886338394,74,ai,specific,1
20250131,L005,0.06293706293706294,12,ai,specific,1
20250131,L006,0.06289592760180995,51,ai,specific,1
20250131,L007,-0.07272727272727272,11,ai,specific,1
20250131,L008,0.052065338610570513,140,ai,specific,1
20250131,L009,-0.2953846153846154,25,ai,specific,1
20250131,L010,0.21168831168831168,21,ai,specific,1
20250228,L001,-0.038569178018719306,109,ai,specific,1
20250228,L002,-0.06951286261631089,28,ai,specific,1
20250228,L003,0.1467520151730678,37,ai,specific,1
20250228,L004,0.07648601398601398,65,ai,specific,1
20250228,L005,0.3626373626373626,14,ai,specific,1
20250228,L006,0.17429705858520378,42,ai,specific,1
20250228,L007,0.46153846153846156,12,ai,specific,1
20250228,L008,0.13653645205369344,144,ai,specific,1
20250228,L009,-0.05928853754940711,22,ai,specific,1
20250228,L010,-0.014822134387351778,23,ai,specific,1
20250331,L001,0.08340680655968966,107,ai,specific,1
20250331,L002,-0.047517188693659285,34,ai,specific,1
20250331,L003,-0.011325611325611325,36,ai,specific,1
20250331,L004,0.037742053343076364,69,ai,specific,1
20250331,L005,0.24545454545454545,11,ai,specific,1
20250331,L006,0.02127659574468085,47,ai,specific,1
20250331,L007,-0.19090909090909092,11,ai,specific,1
20250331,L008,0.11444654385136199,145,ai,specific,1
20250331,L009,-0.09022556390977443,20,ai,specific,1
20250331,L010,0.23333333333333334,19,ai,specific,1
20250430,L001,0.09538128620697428,110,ai,specific,1
20250430,L002,0.12019914651493599,37,ai,specific,1
20250430,L003,0.05394463289200131,38,ai,specific,1
20250430,L004,0.06947773598110402,70,ai,specific,1
20250430,L005,-0.03496503496503497,12,ai,specific,1
20250430,L006,-0.20551020408163265,49,ai,specific,1
20250430,L007,-0.027972027972027972,12,ai,specific,1
20250430,L008,-0.0992520862856243,145,ai,specific,1
20250430,L009,0.24285714285714285,21,ai,specific,1
20250430,L010,0.2837977296181631,18,ai,specific,1
20250530,L001,0.07284655072265692,112,ai,specific,1
20250530,L002,0.10712331764963344,38,ai,specific,1
20250530,L003,0.0820293978188715,37,ai,specific,1
20250530,L004,0.04840248883459938,68,ai,specific,1
20250530,L005,0.054945054945054944,14,ai,specific,1
20250530,L006,0.5579401788467468,46,ai,specific,1
20250530,L007,0.16666666666666666,9,ai,specific,1
20250530,L008,0.06324721128437041,142,ai,specific,1
20250530,L009,0.49308300395256915,23,ai,specific,1
20250530,L010,-0.017504234895539244,22,ai,specific,1
20250630,L001,-0.09006297968854418,114,ai,specific,1
20250630,L002,0.22773279352226722,39,ai,specific,1
20250630,L003,-0.0018218623481781376,39,ai,specific,1
20250630,L004,-0.23339422725611983,69,ai,specific,1
20250630,L005,-0.07142857142857142,13,ai,specific,1
20250630,L006,0.18642857142857142,49,ai,specific,1
20250630,L007,-0.5594405594405595,12,ai,specific,1
20250630,L008,0.2005813953488372,128,ai,specific,1
20250630,L009,0.06623376623376623,21,ai,specific,1
20250630,L010,-0.06753246753246753,21,ai,specific,1
20250731,L001,0.013272311212814645,114,ai,specific,1
20250731,L002,0.3178684757632126,38,ai,specific,1
20250731,L003,0.1366670314038735,38,ai,specific,1
20250731,L004,0.0038363171355498722,69,ai,specific,1
20250731,L005,0.44242424242424244,10,ai,specific,1
20250731,L006,0.17704081632653063,49,ai,specific,1
20250731,L007,-0.03636363636363636,11,ai,specific,1
20250731,L008,0.2313569994638337,134,ai,specific,1
20250731,L009,0.041367521367521365,26,ai,specific,1
20250731,L010,-0.14285714285714285,20,ai,specific,1
20250829,L001,0.1006683750693102,117,ai,specific,1
20250829,L002,-0.15798319327731092,35,ai,specific,1
20250829,L003,0.12125506072874494,39,ai,specific,1
20250829,L004,0.043688216254046015,70,ai,specific,1
20250829,L005,0.19230769230769232,13,ai,specific,1
20250829,L006,-0.041824729891956784,50,ai,specific,1
20250829,L007,-0.3706293706293706,12,ai,specific,1
20250829,L008,0.08465445311082895,149,ai,specific,1
20250829,L009,0.5324675324675324,22,ai,specific,1
20250829,L010,0.14736842105263157,19,ai,specific,1
20250930,L001,0.039009985798976625,110,ai,specific,1
20250930,L002,0.10952380952380952,35,ai,specific,1
20250930,L003,0.19312835102308787,38,ai,specific,1
20250930,L004,0.22436974789915967,69,ai,specific,1
20250930,L005,0.05454545454545454,11,ai,specific,1
20250930,L006,0.26197387518142234,53,ai,specific,1
20250930,L007,-0.6083916083916084,12,ai,specific,1
20250930,L008,-0.030354721694248216,142,ai,specific,1
20250930,L009,0.2506493506493506,21,ai,specific,1
20250930,L010,0.22077922077922077,21,ai,specific,1
20251031,L001,0.023447910616052208,112,ai,specific,1
20251031,L002,-0.10504201680672269,35,ai,specific,1
20251031,L003,-0.11519699812382739,40,ai,specific,1
20251031,L004,0.06503368034292713,70,ai,specific,1
20251031,L005,0.13186813186813187,13,ai,specific,1
20251031,L006,0.04921968787515006,50,ai,specific,1
20251031,L007,0.3076923076923077,12,ai,specific,1
20251031,L008,0.0772274808708174,148,ai,specific,1
20251031,L009,-0.09740259740259741,21,ai,specific,1
20251031,L010,-0.11127819548872181,20,ai,specific,1
20251128,L001,0.0916644487324506,113,ai,specific,1
20251128,L002,-0.03467741935483871,31,ai,specific,1
20251128,L003,0.15907335907335907,36,ai,specific,1
20251128,L004,-0.08564377628364937,62,ai,specific,1
20251128,L005,0.2909090909090909,11,ai,specific,1
20251128,L006,0.12459183673469387,49,ai,specific,1
20251128,L007,0.11818181818181818,11,ai,specific,1
20251128,L008,0.14704377263423082,145,ai,specific,1
20251128,L009,-0.16434782608695653,24,ai,specific,1
20251128,L010,-0.08596837944664032,23,ai,specific,1
20251231,L001,-0.015216378769162228,114,ai,specific,1
20251231,L002,0.08851540616246499,35,ai,specific,1
20251231,L003,-0.09625414888572784,37,ai,specific,1
20251231,L004,0.1454728370221328,71,ai,specific,1
20251231,L005,0.13636363636363635,11,ai,specific,1
20251231,L006,0.35507246376811596,45,ai,specific,1
20251231,L007,0.06293706293706294,12,ai,specific,1
20251231,L008,0.11167858213108438,141,ai,specific,1
20251231,L009,0.09323308270676692,20,ai,specific,1
20251231,L010,0.24675324675324675,21,ai,specific,1
20260130,L001,-0.06711259754738015,116,ai,specific,1
20260130,L002,0.14224598930481283,34,ai,specific,1
20260130,L003,0.124630703578072,38,ai,specific,1
20260130,L004,0.07508383635144199,71,ai,specific,1
20260130,L005,-0.35664335664335667,12,ai,specific,1
20260130,L006,0.01920942542474174,52,ai,specific,1
20260130,L007,-0.13636363636363635,11,ai,specific,1
20260130,L008,0.031176195695224763,142,ai,specific,1
20260130,L009,0.0912280701754386,19,ai,specific,1
20260130,L010,0.23007518796992482,20,ai,specific,1
20260227,L001,0.08339763925805253,108,ai,specific,1
20260227,L002,0.1089572192513369,33,ai,specific,1
20260227,L003,0.11680161943319838,39,ai,specific,1
20260227,L004,0.25205523186207995,67,ai,specific,1
20260227,L005,0.07692307692307693,12,ai,specific,1
20260227,L006,0.19076923076923077,51,ai,specific,1
20260227,L007,0.18181818181818182,11,ai,specific,1
20260227,L008,0.14205995120250958,151,ai,specific,1
20260227,L009,0.11726495726495727,26,ai,specific,1
20260227,L010,0.10220214568040654,22,ai,specific,1
20260331,L001,0.09628343722875404,115,ai,specific,1
20260331,L002,0.31744868035190615,32,ai,specific,1
20260331,L003,0.10193295077016007,43,ai,specific,1
20260331,L004,0.017359725436986193,67,ai,specific,1
20260331,L005,-0.18181818181818182,12,ai,specific,1
20260331,L006,-0.0057787174066243835,44,ai,specific,1
20260331,L007,0.16783216783216784,12,ai,specific,1
20260331,L008,0.2904991560163974,144,ai,specific,1
20260331,L009,-0.22981366459627328,22,ai,specific,1
20260331,L010,-0.20175438596491227,19,ai,specific,1
20260430,L001,0.24140576404727349,105,ai,specific,1
20260430,L002,0.27086834733893556,35,ai,specific,1
20260430,L003,0.20319509793194004,38,ai,specific,1
20260430,L004,-0.016512402813772677,74,ai,specific,1
20260430,L005,0.3241758241758242,13,ai,specific,1
20260430,L006,0.1481447963800905,51,ai,specific,1
20260430,L007,-0.6428571428571429,8,ai,specific,1
20260430,L008,0.10505058346214174,138,ai,specific,1
20260430,L009,-0.06493506493506493,21,ai,specific,1
20260430,L010,-0.4342179559570864,22,ai,specific,1
20260529,L001,-0.058570097810898926,113,ai,specific,1
20260529,L002,-0.0814516129032258,31,ai,specific,1
20260529,L003,0.3872414925046504,38,ai,specific,1
20260529,L004,0.09605119300276545,72,ai,specific,1
20260529,L005,0.4835164835164835,13,ai,specific,1
20260529,L006,0.2047872340425532,47,ai,specific,1
20260529,L007,0.8272727272727273,11,ai,specific,1
20260529,L008,-0.07262032319433208,140,ai,specific,1
20260529,L009,0.19298245614035087,19,ai,specific,1
20260529,L010,-0.1715686274509804,17,ai,specific,1
20260630,L001,0.19222534222534224,111,ai,specific,1
20260630,L002,0.08225806451612903,31,ai,specific,1
20260630,L003,0.1033141560651487,42,ai,specific,1
20260630,L004,0.09350307287093942,67,ai,specific,1
20260630,L005,-0.2967032967032967,14,ai,specific,1
20260630,L006,0.13438992618323925,48,ai,specific,1
20260630,L007,0.08181818181818182,11,ai,specific,1
20260630,L008,-0.025837955148299976,144,ai,specific,1
20260630,L009,0.16103896103896104,21,ai,specific,1
20260630,L010,-0.11029411764705882,17,ai,specific,1
20190329,L001,-0.06321453276972278,117,dss,specific,1
20190329,L002,0.14149392449728232,39,dss,specific,1
20190329,L003,-0.09886074486344325,41,dss,specific,1
20190329,L004,-0.1575300016977361,67,dss,specific,1
20190329,L005,-0.038228206171752724,14,dss,specific,1
20190329,L006,0.1735903026216721,51,dss,specific,1
20190329,L007,-0.15649215928719032,8,dss,specific,1
20190329,L008,0.18781909862919502,144,dss,specific,1
20190329,L009,0.007470902042455926,23,dss,specific,1
20190329,L010,0.19249101043833897,19,dss,specific,1
20190430,L001,0.15031279922620905,113,dss,specific,1
20190430,L002,-0.012615824275174993,36,dss,specific,1
20190430,L003,0.2987586413364713,33,dss,specific,1
20190430,L004,0.027460185611759457,70,dss,specific,1
20190430,L005,-0.3053524082762296,12,dss,specific,1
20190430,L006,0.014322412443757959,47,dss,specific,1
20190430,L007,0.015562199727669562,12,dss,specific,1
20190430,L008,-0.028777479787787625,137,dss,specific,1
20190430,L009,0.15728053787519436,21,dss,specific,1
20190430,L010,-0.16400331392007983,21,dss,specific,1
20190531,L001,0.01363460898378643,106,dss,specific,1
20190531,L002,0.30492965248235687,33,dss,specific,1
20190531,L003,0.10128177447814801,36,dss,specific,1
20190531,L004,-0.12649856067011536,65,dss,specific,1
20190531,L005,0.34641016151377546,11,dss,specific,1
20190531,L006,-0.2695899396640123,51,dss,specific,1
20190531,L007,-0.3182745690417337,12,dss,specific,1
20190531,L008,0.12208899053562554,147,dss,specific,1
20190531,L009,0.2835172166504328,21,dss,specific,1
20190531,L010,0.5667814911773837,21,dss,specific,1
20190628,L001,0.08861284024014622,107,dss,specific,1
20190628,L002,0.23601127253274795,32,dss,specific,1
20190628,L003,-0.015333574970628684,36,dss,specific,1
20190628,L004,0.05896549173560902,69,dss,specific,1
20190628,L005,0.3691310932110099,13,dss,specific,1
20190628,L006,0.2815607340447303,49,dss,specific,1
20190628,L007,-0.05773502691896258,11,dss,specific,1
20190628,L008,0.05488581618293512,139,dss,specific,1
20190628,L009,0.23872888733222378,23,dss,specific,1
20190628,L010,0.007213403993940774,18,dss,specific,1
20190731,L001,0.2227208491894726,113,dss,specific,1
20190731,L002,0.21276966672452832,40,dss,specific,1
20190731,L003,0.15530724033826493,35,dss,specific,1
20190731,L004,0.11153041763255028,70,dss,specific,1
20190731,L005,-0.5370658953905407,12,dss,specific,1
20190731,L006,0.1717348178216095,54,dss,specific,1
20190731,L007,0.25980762113533157,9,dss,specific,1
20190731,L008,0.09478494940205112,141,dss,specific,1
20190731,L009,-0.05196098951707423,22,dss,specific,1
20190731,L010,0.13015215002823988,23,dss,specific,1
20190830,L001,0.03443358260188874,117,dss,specific,1
20190830,L002,0.05968153811820031,33,dss,specific,1
20190830,L003,0.13520071512711127,37,dss,specific,1
20190830,L004,-0.10404956091449126,70,dss,specific,1
20190830,L005,0.07054187351886924,13,dss,specific,1
20190830,L006,-0.10174048577686885,51,dss,specific,1
20190830,L007,0.11547005383792516,11,dss,specific,1
20190830,L008,-0.0013632848167860093,137,dss,specific,1
20190830,L009,0.014144021619021558,24,dss,specific,1
20190830,L010,0.41054559430345694,20,dss,specific,1
20190930,L001,0.21480482132074205,109,dss,specific,1
20190930,L002,0.09460976165482181,35,dss,specific,1
20190930,L003,-0.08891756391574739,39,dss,specific,1
20190930,L004,0.15702940276820415,63,dss,specific,1
20190930,L005,0.6166731016395269,11,dss,specific,1
20190930,L006,0.25613927851894946,47,dss,specific,1
20190930,L007,-0.5222329678670935,10,dss,specific,1
20190930,L008,-0.09104115795319756,136,dss,specific,1
20190930,L009,0.060945320772802916,22,dss,specific,1
20190930,L010,0.15011565552836265,21,dss,specific,1
20191031,L001,0.13938977489806012,110,dss,specific,1
20191031,L002,-0.12206761386794522,39,dss,specific,1
20191031,L003,0.17588356677374833,40,dss,specific,1
20191031,L004,0.014135280348526565,67,dss,specific,1
20191031,L005,0.4666068586927366,13,dss,specific,1
20191031,L006,0.09492671693030794,49,dss,specific,1
20191031,L007,-0.07015803356374015,11,dss,specific,1
20191031,L008,0.18824623242097377,148,dss,specific,1
20191031,L009,0.383900438733881,21,dss,specific,1
20191031,L010,0.30307229146329734,21,dss,specific,1
20191129,L001,0.03566274158013982,108,dss,specific,1
20191129,L002,0.2271000904821473,37,dss,specific,1
20191129,L003,-0.16572096229466762,40,dss,specific,1
20191129,L004,0.08319169633442781,74,dss,specific,1
20191129,L005,0.00493481295724732,14,dss,specific,1
20191129,L006,0.22635834220989315,52,dss,specific,1
20191129,L007,0.0,10,dss,specific,1
20191129,L008,-0.061712714317439105,146,dss,specific,1
20191129,L009,-0.12197893277635724,22,dss,specific,1
20191129,L010,-0.09011271137791659,20,dss,specific,1
20191231,L001,0.01655463036905732,105,dss,specific,1
20191231,L002,0.006013126110003,37,dss,specific,1
20191231,L003,0.07861110510609637,30,dss,specific,1
20191231,L004,-0.24840067382369932,68,dss,specific,1
20191231,L005,0.20095923811712507,13,dss,specific,1
20191231,L006,0.14966421251225978,49,dss,specific,1
20191231,L007,0.14907119849998599,9,dss,specific,1
20191231,L008,-0.06520131852824138,151,dss,specific,1
20191231,L009,-0.20783231863877796,22,dss,specific,1
20191231,L010,0.029837986264724923,22,dss,specific,1
20200131,L001,-0.01654230454096532,103,dss,specific,1
20200131,L002,-0.04827453072270986,34,dss,specific,1
20200131,L003,0.17144015505939636,36,dss,specific,1
20200131,L004,0.22610585239291228,72,dss,specific,1
20200131,L005,-0.05773502691896258,11,dss,specific,1
20200131,L006,0.03392828242442559,48,dss,specific,1
20200131,L007,0.0942517534570816,12,dss,specific,1
20200131,L008,0.12068172234477588,149,dss,specific,1
20200131,L009,0.027625346136053695,24,dss,specific,1
20200131,L010,0.05361661299171675,18,dss,specific,1
20200228,L001,0.124075877006647,111,dss,specific,1
20200228,L002,-0.3236754280631825,37,dss,specific,1
20200228,L003,-0.1352843773799286,40,dss,specific,1
20200228,L004,-0.08811107919696569,64,dss,specific,1
20200228,L005,-0.7226686842533875,13,dss,specific,1
20200228,L006,0.18774909300731524,56,dss,specific,1
20200228,L007,0.811444119112067,10,dss,specific,1
20200228,L008,0.0345277629192676,138,dss,specific,1
20200228,L009,-0.11974719683978141,22,dss,specific,1
20200228,L010,-0.3940442155090047,20,dss,specific,1
20200331,L001,-0.03671913584553592,114,dss,specific,1
20200331,L002,0.12630573453366795,36,dss,specific,1
20200331,L003,-0.08383805366022136,40,dss,specific,1
20200331,L004,0.20919691417469571,68,dss,specific,1
20200331,L005,0.40382464234568066,13,dss,specific,1
20200331,L006,0.05243059450271428,48,dss,specific,1
20200331,L007,0.18090680674665818,11,dss,specific,1
20200331,L008,0.02075204155194819,148,dss,specific,1
20200331,L009,0.2598151268136409,22,dss,specific,1
20200331,L010,-0.15314148541988562,21,dss,specific,1
20200430,L001,0.044581636643883066,113,dss,specific,1
20200430,L002,0.09291525577055386,33,dss,specific,1
20200430,L003,0.06701406825969396,40,dss,specific,1
20200430,L004,0.002342399044801338,66,dss,specific,1
20200430,L005,-0.3133397807202561,10,dss,specific,1
20200430,L006,0.10804526077492047,48,dss,specific,1
20200430,L007,-0.10241831129983783,12,dss,specific,1
20200430,L008,0.036615486451489244,150,dss,specific,1
20200430,L009,-0.02104583798954647,24,dss,specific,1
20200430,L010,0.2592482944855373,22,dss,specific,1
20200529,L001,-0.01425360642782585,105,dss,specific,1
20200529,L002,0.062358916068966604,38,dss,specific,1
20200529,L003,0.24849028109116444,38,dss,specific,1
20200529,L004,-0.05215678781091463,74,dss,specific,1
20200529,L005,0.18177447027005209,13,dss,specific,1
20200529,L006,0.19690577689760339,45,dss,specific,1
20200529,L007,0.4403855060505443,10,dss,specific,1
20200529,L008,0.02921662614135733,136,dss,specific,1
20200529,L009,0.1053696673545996,24,dss,specific,1
20200529,L010,0.044230022861489075,19,dss,specific,1
20200630,L001,0.23167285777079788,115,dss,specific,1
20200630,L002,-0.0038868931696845236,33,dss,specific,1
20200630,L003,-0.1566489795302759,36,dss,specific,1
20200630,L004,-0.06072630365677239,67,dss,specific,1
20200630,L005,-0.1816497536376887,10,dss,specific,1
20200630,L006,0.4294754051206997,49,dss,specific,1
20200630,L007,-0.5628211765451587,11,dss,specific,1
20200630,L008,0.04466012065078663,137,dss,specific,1
20200630,L009,0.09372025951925554,23,dss,specific,1
20200630,L010,0.05976143046671968,19,dss,specific,1
20200731,L001,0.24677905122261254,110,dss,specific,1
20200731,L002,-0.19101384259684567,35,dss,specific,1
20200731,L003,0.26080072377959235,41,dss,specific,1
20200731,L004,0.03546916970801828,75,dss,specific,1
20200731,L005,0.10838935255942692,14,dss,specific,1
20200731,L006,0.09597803711582159,53,dss,specific,1
20200731,L007,-0.24720661623652213,10,dss,specific,1
20200731,L008,0.19811568773509752,138,dss,specific,1
20200731,L009,-0.10026997829063848,22,dss,specific,1
20200731,L010,0.24150253221734108,17,dss,specific,1
20200831,L001,-0.005070795800715292,113,dss,specific,1
20200831,L002,0.030952454977073874,36,dss,specific,1
20200831,L003,0.1631498131886483,39,dss,specific,1
20200831,L004,0.014978210550943285,70,dss,specific,1
20200831,L005,-0.17212620261723557,14,dss,specific,1
20200831,L006,0.11347000542596677,52,dss,specific,1
20200831,L007,0.062418778393235924,10,dss,specific,1
20200831,L008,0.16055971487690882,142,dss,specific,1
20200831,L009,0.0577173898518166,22,dss,specific,1
20200831,L010,0.34270711261478903,22,dss,specific,1
20200930,L001,0.07085025186709107,113,dss,specific,1
20200930,L002,-0.17987168598512507,35,dss,specific,1
20200930,L003,0.24724746054376742,37,dss,specific,1
20200930,L004,0.0862469432065886,70,dss,specific,1
20200930,L005,-0.4651705239840723,12,dss,specific,1
20200930,L006,0.18287823233587536,50,dss,specific,1
20200930,L007,-0.21320071635561044,10,dss,specific,1
20200930,L008,0.15610448223810727,146,dss,specific,1
20200930,L009,0.22976091478252492,22,dss,specific,1
20200930,L010,0.3517707919348614,19,dss,specific,1
20201030,L001,0.045645884333678194,108,dss,specific,1
20201030,L002,0.285337556865972,35,dss,specific,1
20201030,L003,0.17439083939802105,35,dss,specific,1
20201030,L004,-0.030215928468760287,71,dss,specific,1
20201030,L005,0.15289415743128767,11,dss,specific,1
20201030,L006,0.09322663802168171,43,dss,specific,1
20201030,L007,0.30187071460350484,12,dss,specific,1
20201030,L008,0.07006763242560413,143,dss,specific,1
20201030,L009,-0.0801507772467653,23,dss,specific,1
20201030,L010,-0.003961932622704227,22,dss,specific,1
20201130,L001,-0.003741066142937009,113,dss,specific,1
20201130,L002,0.10812590042773029,32,dss,specific,1
20201130,L003,0.08848047970632454,38,dss,specific,1
20201130,L004,0.04644512587595356,60,dss,specific,1
20201130,L005,0.005860090386731192,13,dss,specific,1
20201130,L006,-0.05510847945571041,52,dss,specific,1
20201130,L007,0.5351295510095069,11,dss,specific,1
20201130,L008,0.12519300839161054,136,dss,specific,1
20201130,L009,0.3405540283267904,21,dss,specific,1
20201130,L010,0.04093056648562896,21,dss,specific,1
20201231,L001,-0.02316843218198426,115,dss,specific,1
20201231,L002,-0.014819959035289416,35,dss,specific,1
20201231,L003,0.2455314578375345,35,dss,specific,1
20201231,L004,0.1662380349438551,70,dss,specific,1
20201231,L005,0.11548922521152759,14,dss,specific,1
20201231,L006,0.07555534465723344,52,dss,specific,1
20201231,L007,-0.42211588240886905,10,dss,specific,1
20201231,L008,0.045520417534397874,143,dss,specific,1
20201231,L009,-0.03787467607504305,24,dss,specific,1
20201231,L010,-0.041210009574460006,23,dss,specific,1
20210129,L001,0.08575353379345996,117,dss,specific,1
20210129,L002,0.2664527335919849,34,dss,specific,1
20210129,L003,0.38896832201483156,36,dss,specific,1
20210129,L004,0.0637395355505486,73,dss,specific,1
20210129,L005,-0.06477502756312957,12,dss,specific,1
20210129,L006,0.1890674331507415,47,dss,specific,1
20210129,L007,0.10487553416094877,10,dss,specific,1
20210129,L008,-0.08056903598204183,145,dss,specific,1
20210129,L009,-0.11245779156389232,24,dss,specific,1
20210129,L010,0.10817489812348183,21,dss,specific,1
20210226,L001,0.14301926129068446,114,dss,specific,1
20210226,L002,0.27164775386444656,36,dss,specific,1
20210226,L003,0.24305777452165597,39,dss,specific,1
20210226,L004,0.06378810899328745,60,dss,specific,1
20210226,L005,0.19138975058773816,13,dss,specific,1
20210226,L006,-0.3485628013136045,50,dss,specific,1
20210226,L007,-0.22134459743037016,10,dss,specific,1
20210226,L008,0.08771213879113206,148,dss,specific,1
20210226,L009,0.4971321701121635,24,dss,specific,1
20210226,L010,0.46868467051449286,19,dss,specific,1
20210331,L001,-0.0003451452631583615,111,dss,specific,1
20210331,L002,0.09302752197638338,38,dss,specific,1
20210331,L003,0.26459130339918596,38,dss,specific,1
20210331,L004,-0.058427499821749135,67,dss,specific,1
20210331,L005,-0.11282594802560432,12,dss,specific,1
20210331,L006,0.2491125896800041,53,dss,specific,1
20210331,L007,-0.03984095364447979,9,dss,specific,1
20210331,L008,0.2301233693513225,140,dss,specific,1
20210331,L009,-0.02747333971630667,23,dss,specific,1
20210331,L010,-0.006876024604004682,17,dss,specific,1
20210430,L001,-0.10268621227634168,107,dss,specific,1
20210430,L002,-0.16867650266380343,32,dss,specific,1
20210430,L003,-0.0595033938275793,35,dss,specific,1
20210430,L004,-0.08808448332846712,69,dss,specific,1
20210430,L005,0.05482211671282236,11,dss,specific,1
20210430,L006,0.1579294048834817,45,dss,specific,1
20210430,L007,-0.7143482416114778,10,dss,specific,1
20210430,L008,-0.05168279057661237,141,dss,specific,1
20210430,L009,0.5755932248606316,21,dss,specific,1
20210430,L010,0.2177335918799854,18,dss,specific,1
20210531,L001,0.16804786478932904,112,dss,specific,1
20210531,L002,-0.048104699022199215,37,dss,specific,1
20210531,L003,-0.28182813078775765,32,dss,specific,1
20210531,L004,-0.10789143377230241,66,dss,specific,1
20210531,L005,0.46188021535170065,11,dss,specific,1
20210531,L006,-0.010386707059472642,52,dss,specific,1
20210531,L007,-0.2795326960098374,11,dss,specific,1
20210531,L008,0.11976134486188983,146,dss,specific,1
20210531,L009,0.13932372991990283,25,dss,specific,1
20210531,L010,-0.0335029697130245,21,dss,specific,1
20210630,L001,0.09460627127131566,119,dss,specific,1
20210630,L002,0.2086338405159475,35,dss,specific,1
20210630,L003,0.13446687461469423,37,dss,specific,1
20210630,L004,-0.09374798811871886,72,dss,specific,1
20210630,L005,0.19763607187497617,14,dss,specific,1
20210630,L006,-0.038664078179569045,48,dss,specific,1
20210630,L007,0.4477215043467819,11,dss,specific,1
20210630,L008,0.1035183510879206,142,dss,specific,1
20210630,L009,0.33381106364594165,23,dss,specific,1
20210630,L010,0.6615652471241297,20,dss,specific,1
20210730,L001,0.06397742078148237,112,dss,specific,1
20210730,L002,0.29786173460006726,35,dss,specific,1
20210730,L003,0.2636982681785977,37,dss,specific,1
20210730,L004,-0.035843764069886506,74,dss,specific,1
20210730,L005,-0.26726124191242434,13,dss,specific,1
20210730,L006,0.14513218149240456,50,dss,specific,1
20210730,L007,-0.4472135954999579,9,dss,specific,1
20210730,L008,0.11752245334230049,140,dss,specific,1
20210730,L009,-0.059813501494680704,22,dss,specific,1
20210730,L010,0.03770591675822594,21,dss,specific,1
20210831,L001,-0.056428739698071335,122,dss,specific,1
20210831,L002,0.18081163655252971,33,dss,specific,1
20210831,L003,-0.19748984935469271,38,dss,specific,1
20210831,L004,0.17750723766521875,73,dss,specific,1
20210831,L005,0.3588868507718199,12,dss,specific,1
20210831,L006,-0.006168870109424591,53,dss,specific,1
20210831,L007,0.13767902008851549,10,dss,specific,1
20210831,L008,0.011150412659052998,148,dss,specific,1
20210831,L009,0.6644282148635363,22,dss,specific,1
20210831,L010,-0.11285605538709151,20,dss,specific,1
20210930,L001,0.01954135612566008,114,dss,specific,1
20210930,L002,0.016840057948268525,35,dss,specific,1
20210930,L003,-0.4152985710114745,39,dss,specific,1
20210930,L004,0.1470963880849404,63,dss,specific,1
20210930,L005,-0.10192943828752511,11,dss,specific,1
20210930,L006,0.1181642285359798,47,dss,specific,1
20210930,L007,0.34747562212815813,10,dss,specific,1
20210930,L008,0.02477028295982248,140,dss,specific,1
20210930,L009,-0.10431790823687956,23,dss,specific,1
20210930,L010,0.1957417271729237,19,dss,specific,1
20211029,L001,0.1142820985786845,108,dss,specific,1
20211029,L002,-0.058000329795253394,37,dss,specific,1
20211029,L003,-0.020908389781322707,36,dss,specific,1
20211029,L004,0.2022396432169026,73,dss,specific,1
20211029,L005,0.6319376169398703,13,dss,specific,1
20211029,L006,-0.032197126146920066,46,dss,specific,1
20211029,L007,0.5478131126115972,9,dss,specific,1
20211029,L008,0.1220270729103142,137,dss,specific,1
20211029,L009,0.3093775501936201,23,dss,specific,1
20211029,L010,0.31670356506871705,23,dss,specific,1
20211130,L001,-0.03447582834933085,114,dss,specific,1
20211130,L002,0.323383476204989,38,dss,specific,1
20211130,L003,-0.028862071410502982,35,dss,specific,1
20211130,L004,-0.12193486480659185,67,dss,specific,1
20211130,L005,0.11952286093343938,7,dss,specific,1
20211130,L006,0.31323780495467646,50,dss,specific,1
20211130,L007,0.15362746694975674,12,dss,specific,1
20211130,L008,-0.10019768700129277,143,dss,specific,1
20211130,L009,-0.16491646443250746,22,dss,specific,1
20211130,L010,-0.08342832906585672,22,dss,specific,1
20211231,L001,0.013874008845155961,108,dss,specific,1
20211231,L002,0.016244354388101914,29,dss,specific,1
20211231,L003,0.06385611285390443,38,dss,specific,1
20211231,L004,0.15449183851607798,70,dss,specific,1
20211231,L005,0.06396021490668312,11,dss,specific,1
20211231,L006,0.2991131758720913,50,dss,specific,1
20211231,L007,0.6142709857998429,10,dss,specific,1
20211231,L008,0.13341028190602727,147,dss,specific,1
20211231,L009,0.037927195295189856,23,dss,specific,1
20211231,L010,0.14970187495198495,21,dss,specific,1
20220131,L001,0.08432746074344635,106,dss,specific,1
20220131,L002,0.3547032025500163,35,dss,specific,1
20220131,L003,0.2376572548160166,36,dss,specific,1
20220131,L004,-0.07394382340850764,71,dss,specific,1
20220131,L005,-0.42105745129302397,13,dss,specific,1
20220131,L006,-0.05905998660297614,47,dss,specific,1
20220131,L007,0.2412090756622109,10,dss,specific,1
20220131,L008,0.03653587059933135,144,dss,specific,1
20220131,L009,0.06129113318342027,24,dss,specific,1
20220131,L010,-0.1475734122749425,21,dss,specific,1
20220228,L001,0.07719045557574288,107,dss,specific,1
20220228,L002,0.06093919243195902,36,dss,specific,1
20220228,L003,-0.13152385930943447,33,dss,specific,1
20220228,L004,0.09853190049237803,72,dss,specific,1
20220228,L005,0.39167954032024666,13,dss,specific,1
20220228,L006,0.217714039332009,47,dss,specific,1
20220228,L007,-0.034815531191139566,10,dss,specific,1
20220228,L008,0.14812708285710283,142,dss,specific,1
20220228,L009,0.12284507815765022,22,dss,specific,1
20220228,L010,-0.04776748381868353,22,dss,specific,1
20220331,L001,-0.006231503229214064,109,dss,specific,1
20220331,L002,0.18551364104169102,36,dss,specific,1
20220331,L003,0.12437860781933457,35,dss,specific,1
20220331,L004,0.07433850793123119,69,dss,specific,1
20220331,L005,0.08660254037844387,9,dss,specific,1
20220331,L006,-0.17161208521128135,52,dss,specific,1
20220331,L007,0.40836977485591786,9,dss,specific,1
20220331,L008,0.08615957826179327,141,dss,specific,1
20220331,L009,-0.0220947270666443,24,dss,specific,1
20220331,L010,0.4166253235349494,24,dss,specific,1
20220429,L001,0.05650620328528066,108,dss,specific,1
20220429,L002,-0.08418703047650869,35,dss,specific,1
20220429,L003,0.41542661625697896,39,dss,specific,1
20220429,L004,0.13472521152414516,66,dss,specific,1
20220429,L005,0.07412493166611012,13,dss,specific,1
20220429,L006,0.122229299183612,48,dss,specific,1
20220429,L007,0.492460640576973,11,dss,specific,1
20220429,L008,-0.000583709027772194,145,dss,specific,1
20220429,L009,0.005616707217618932,19,dss,specific,1
20220429,L010,0.09593684098734713,22,dss,specific,1
20220531,L001,0.13753161768996255,115,dss,specific,1
20220531,L002,-0.11307607414794907,38,dss,specific,1
20220531,L003,-0.006763506975923776,37,dss,specific,1
20220531,L004,-0.0054220304455342505,70,dss,specific,1
20220531,L005,0.16031001434502054,12,dss,specific,1
20220531,L006,0.029838854046933268,54,dss,specific,1
20220531,L007,0.2182178902359924,8,dss,specific,1
20220531,L008,0.09666875089138544,145,dss,specific,1
20220531,L009,0.11391971273987068,25,dss,specific,1
20220531,L010,0.18209676568318162,21,dss,specific,1
20220630,L001,0.07044565885771262,105,dss,specific,1
20220630,L002,-0.01564106648746169,38,dss,specific,1
20220630,L003,0.05071862611990847,40,dss,specific,1
20220630,L004,-0.004921264289526695,65,dss,specific,1
20220630,L005,0.2659080117391552,10,dss,specific,1
20220630,L006,0.03328732054705225,48,dss,specific,1
20220630,L007,0.05057714911492608,12,dss,specific,1
20220630,L008,0.035558398067692724,140,dss,specific,1
20220630,L009,-0.24949621001164127,21,dss,specific,1
20220630,L010,0.2133098592542037,22,dss,specific,1
20220729,L001,0.15281507356863305,116,dss,specific,1
20220729,L002,0.14178255434656792,37,dss,specific,1
20220729,L003,-0.1712923026998738,34,dss,specific,1
20220729,L004,-0.03193721340698483,72,dss,specific,1
20220729,L005,0.2988071523335984,11,dss,specific,1
20220729,L006,0.24434816220592342,48,dss,specific,1
20220729,L007,-0.34841310928986013,10,dss,specific,1
20220729,L008,-0.09373231010343552,145,dss,specific,1
20220729,L009,0.2398004868724697,25,dss,specific,1
20220729,L010,0.1565156972521707,20,dss,specific,1
20220831,L001,0.06441367217001136,108,dss,specific,1
20220831,L002,0.10711664490017042,35,dss,specific,1
20220831,L003,0.06149782126413898,38,dss,specific,1
20220831,L004,0.04979680745804075,72,dss,specific,1
20220831,L005,-0.1759227803274636,13,dss,specific,1
20220831,L006,0.004083523382566986,50,dss,specific,1
20220831,L007,-0.18993429409939655,10,dss,specific,1
20220831,L008,0.08424637844026991,140,dss,specific,1
20220831,L009,-0.05368714498821665,25,dss,specific,1
20220831,L010,-0.11260886464215662,19,dss,specific,1
20220930,L001,-0.05931337516832537,110,dss,specific,1
20220930,L002,0.016342090167233207,40,dss,specific,1
20220930,L003,-0.08830105956651244,40,dss,specific,1
20220930,L004,0.05105466425037028,73,dss,specific,1
20220930,L005,-0.34236839400873037,12,dss,specific,1
20220930,L006,0.09505276225090581,47,dss,specific,1
20220930,L007,0.49036164761790396,11,dss,specific,1
20220930,L008,0.008709775108072642,138,dss,specific,1
20220930,L009,0.06590510302208903,23,dss,specific,1
20220930,L010,-0.04375093196984125,22,dss,specific,1
20221031,L001,-0.01644259991177457,112,dss,specific,1
20221031,L002,0.12395201112666646,32,dss,specific,1
20221031,L003,0.3368110085561215,38,dss,specific,1
20221031,L004,0.011838340322201713,71,dss,specific,1
20221031,L005,0.2796823595120404,10,dss,specific,1
20221031,L006,0.21067774761221483,48,dss,specific,1
20221031,L007,-0.21783245945486834,9,dss,specific,1
20221031,L008,-0.15135402363719389,148,dss,specific,1
20221031,L009,0.018084211075135286,23,dss,specific,1
20221031,L010,0.08695204996100556,19,dss,specific,1
20221130,L001,-0.010241424543666845,114,dss,specific,1
20221130,L002,-0.06183556209819621,37,dss,specific,1
20221130,L003,-0.058436567141424325,37,dss,specific,1
20221130,L004,0.029763768668536233,73,dss,specific,1
20221130,L005,-0.7694006351079002,13,dss,specific,1
20221130,L006,-0.08695350895196415,47,dss,specific,1
20221130,L007,0.19364916731037082,11,dss,specific,1
20221130,L008,0.09692345030828753,141,dss,specific,1
20221130,L009,0.11006990785580144,25,dss,specific,1
20221130,L010,0.15329674243170588,17,dss,specific,1
20221230,L001,-0.05813265572076102,110,dss,specific,1
20221230,L002,0.15817715737643223,33,dss,specific,1
20221230,L003,0.2579674328505776,37,dss,specific,1
20221230,L004,0.014820750723375879,72,dss,specific,1
20221230,L005,-0.04779276109193974,11,dss,specific,1
20221230,L006,0.12734934171465054,54,dss,specific,1
20221230,L007,-0.6092717958449424,10,dss,specific,1
20221230,L008,-0.03804161715598213,144,dss,specific,1
20221230,L009,-0.009357858104139584,24,dss,specific,1
20221230,L010,0.07767627579436606,23,dss,specific,1
20230131,L001,-0.03493779238901893,108,dss,specific,1
20230131,L002,0.11594204858343846,35,dss,specific,1
20230131,L003,0.09825042687164304,40,dss,specific,1
20230131,L004,0.20832338231470002,73,dss,specific,1
20230131,L005,0.027874733666903028,12,dss,specific,1
20230131,L006,0.08909115890451917,52,dss,specific,1
20230131,L007,0.50709255283711,8,dss,specific,1
20230131,L008,0.09733254107272823,141,dss,specific,1
20230131,L009,0.24974941058800082,21,dss,specific,1
20230131,L010,0.3902780638180521,21,dss,specific,1
20230228,L001,0.016296732262286173,111,dss,specific,1
20230228,L002,-0.03236618047343279,35,dss,specific,1
20230228,L003,-0.18328740179323988,37,dss,specific,1
20230228,L004,-0.06287895492109748,68,dss,specific,1
20230228,L005,-0.40994579587496144,9,dss,specific,1
20230228,L006,-0.10616803885143514,47,dss,specific,1
20230228,L007,0.1556997888323046,11,dss,specific,1
20230228,L008,-0.04500962806939317,132,dss,specific,1
20230228,L009,0.15595630570925542,20,dss,specific,1
20230228,L010,-0.1377889009008841,22,dss,specific,1
20230331,L001,0.21961929652630577,110,dss,specific,1
20230331,L002,-0.015460797085080814,37,dss,specific,1
20230331,L003,0.4523274045961166,40,dss,specific,1
20230331,L004,0.14877145833963318,70,dss,specific,1
20230331,L005,0.5070580095618697,13,dss,specific,1
20230331,L006,0.03584872608743584,51,dss,specific,1
20230331,L007,0.2752094833763178,11,dss,specific,1
20230331,L008,0.02937296910933238,146,dss,specific,1
20230331,L009,-0.22257701407487748,24,dss,specific,1
20230331,L010,0.24989724879713038,19,dss,specific,1
20230428,L001,0.15063646313935516,116,dss,specific,1
20230428,L002,0.4147285489131513,36,dss,specific,1
20230428,L003,-0.034929398722973196,38,dss,specific,1
20230428,L004,0.07918788703544757,63,dss,specific,1
20230428,L005,-0.21320071635561041,11,dss,specific,1
20230428,L006,0.43755535285110686,47,dss,specific,1
20230428,L007,-0.06030226891555272,10,dss,specific,1
20230428,L008,0.1384269586909109,139,dss,specific,1
20230428,L009,0.01913490733859832,23,dss,specific,1
20230428,L010,-0.29283227364411624,21,dss,specific,1
20230531,L001,-0.06316437096472752,110,dss,specific,1
20230531,L002,0.045865316560046145,36,dss,specific,1
20230531,L003,0.20546001390990445,36,dss,specific,1
20230531,L004,0.07270770284739735,65,dss,specific,1
20230531,L005,0.0,11,dss,specific,1
20230531,L006,0.10362814165522011,51,dss,specific,1
20230531,L007,-0.020385887657505024,11,dss,specific,1
20230531,L008,0.06461882908348046,144,dss,specific,1
20230531,L009,-0.02456950605896801,26,dss,specific,1
20230531,L010,0.04824865864083179,22,dss,specific,1
20230630,L001,0.2655524409689259,109,dss,specific,1
20230630,L002,-0.11622417934986777,35,dss,specific,1
20230630,L003,-0.03119023645520283,36,dss,specific,1
20230630,L004,0.2567469107181826,65,dss,specific,1
20230630,L005,-0.01005037815259212,11,dss,specific,1
20230630,L006,0.2401255260681158,50,dss,specific,1
20230630,L007,0.34112114616897665,11,dss,specific,1
20230630,L008,0.013528545732767839,143,dss,specific,1
20230630,L009,0.10472136034306023,22,dss,specific,1
20230630,L010,-0.34555881140287087,23,dss,specific,1
20230731,L001,0.09040604513812556,106,dss,specific,1
20230731,L002,-0.10527126271515454,37,dss,specific,1
20230731,L003,0.2275751637894599,39,dss,specific,1
20230731,L004,0.024507689784619112,60,dss,specific,1
20230731,L005,0.3750457847507963,14,dss,specific,1
20230731,L006,0.07371609618858244,51,dss,specific,1
20230731,L007,0.08247860988423225,8,dss,specific,1
20230731,L008,0.13898246966390332,136,dss,specific,1
20230731,L009,-0.39104566501813837,25,dss,specific,1
20230731,L010,-0.07644707871564384,21,dss,specific,1
20230831,L001,-0.060542361890061715,107,dss,specific,1
20230831,L002,-0.06968919600663924,32,dss,specific,1
20230831,L003,0.08673769212138559,37,dss,specific,1
20230831,L004,0.07084121578923581,59,dss,specific,1
20230831,L005,-0.2409060279148579,13,dss,specific,1
20230831,L006,0.04742900431474665,44,dss,specific,1
20230831,L007,0.13483997249264842,10,dss,specific,1
20230831,L008,0.12825762938171276,135,dss,specific,1
20230831,L009,0.14095835425437003,26,dss,specific,1
20230831,L010,0.2820440961630843,20,dss,specific,1
20230929,L001,0.060177018872468124,118,dss,specific,1
20230929,L002,0.0025465812170129575,34,dss,specific,1
20230929,L003,-0.09817057340548357,41,dss,specific,1
20230929,L004,0.007071307735305265,64,dss,specific,1
20230929,L005,0.09855206599818044,12,dss,specific,1
20230929,L006,-0.1959008726756772,52,dss,specific,1
20230929,L007,0.50709255283711,8,dss,specific,1
20230929,L008,0.029723478403289604,139,dss,specific,1
20230929,L009,0.1957494774298451,21,dss,specific,1
20230929,L010,0.3217048790283163,20,dss,specific,1
20231031,L001,-0.06470630484049682,108,dss,specific,1
20231031,L002,0.3021835119367142,37,dss,specific,1
20231031,L003,0.25176027530964423,39,dss,specific,1
20231031,L004,-0.029868098202829495,67,dss,specific,1
20231031,L005,0.2412090756622109,10,dss,specific,1
20231031,L006,0.0389219068468017,53,dss,specific,1
20231031,L007,-0.8172586088997317,12,dss,specific,1
20231031,L008,0.13666063541730672,144,dss,specific,1
20231031,L009,0.09760106444742138,23,dss,specific,1
20231031,L010,0.3639967406866019,19,dss,specific,1
20231130,L001,0.13062589145056408,118,dss,specific,1
20231130,L002,0.3414018576360323,39,dss,specific,1
20231130,L003,-0.32065577282635943,40,dss,specific,1
20231130,L004,0.07197801600868296,72,dss,specific,1
20231130,L005,0.22034393241350794,12,dss,specific,1
20231130,L006,0.21677890345426293,53,dss,specific,1
20231130,L007,-0.009128709291752768,9,dss,specific,1
20231130,L008,0.07957385059000632,144,dss,specific,1
20231130,L009,-0.04337428816164992,23,dss,specific,1
20231130,L010,0.03305084161437973,23,dss,specific,1
20231229,L001,0.2430953342501615,104,dss,specific,1
20231229,L002,0.05251443847178489,40,dss,specific,1
20231229,L003,0.15064411967830274,35,dss,specific,1
20231229,L004,0.12048851511944539,70,dss,specific,1
20231229,L005,0.13177297660794252,10,dss,specific,1
20231229,L006,0.060802772866183026,45,dss,specific,1
20231229,L007,-0.11547005383792516,11,dss,specific,1
20231229,L008,0.30623805444908525,131,dss,specific,1
20231229,L009,0.07583129196140002,21,dss,specific,1
20231229,L010,-0.2205466681937389,20,dss,specific,1
20240131,L001,0.056448368437493554,105,dss,specific,1
20240131,L002,0.2872398256170452,34,dss,specific,1
20240131,L003,0.006687656585613794,36,dss,specific,1
20240131,L004,0.018169700374907623,67,dss,specific,1
20240131,L005,0.050251890762960605,11,dss,specific,1
20240131,L006,0.15329989437181643,50,dss,specific,1
20240131,L007,-0.5773502691896257,8,dss,specific,1
20240131,L008,0.012803946811322457,147,dss,specific,1
20240131,L009,0.2509208430954492,25,dss,specific,1
20240131,L010,0.20678109708928083,23,dss,specific,1
20240229,L001,0.2643472487758737,114,dss,specific,1
20240229,L002,0.07030132010810519,36,dss,specific,1
20240229,L003,0.09457878560293229,35,dss,specific,1
20240229,L004,0.062168079813946314,75,dss,specific,1
20240229,L005,0.3613955823891644,12,dss,specific,1
20240229,L006,-0.20771145286646645,49,dss,specific,1
20240229,L007,0.006465081838352359,10,dss,specific,1
20240229,L008,0.16998644968363896,138,dss,specific,1
20240229,L009,0.14911186951468408,24,dss,specific,1
20240229,L010,-0.2052645124581854,17,dss,specific,1
20240329,L001,-0.011926891064959191,113,dss,specific,1
20240329,L002,0.19277169750014575,33,dss,specific,1
20240329,L003,0.25489810089259785,38,dss,specific,1
20240329,L004,0.045074530692095646,64,dss,specific,1
20240329,L005,-0.30151134457776363,11,dss,specific,1
20240329,L006,-0.12122601746291435,45,dss,specific,1
20240329,L007,0.2412844888501289,12,dss,specific,1
20240329,L008,-0.036776793780286816,139,dss,specific,1
20240329,L009,0.4379884281653301,24,dss,specific,1
20240329,L010,0.30606740397970306,22,dss,specific,1
20240430,L001,0.12992948465744558,117,dss,specific,1
20240430,L002,0.13060063616912196,34,dss,specific,1
20240430,L003,-0.004577773839763655,35,dss,specific,1
20240430,L004,0.029303499238992396,67,dss,specific,1
20240430,L005,0.40756064401977204,12,dss,specific,1
20240430,L006,0.1764624951899328,52,dss,specific,1
20240430,L007,0.6024948132556827,9,dss,specific,1
20240430,L008,0.143325520405219,135,dss,specific,1
20240430,L009,0.2154516135394175,20,dss,specific,1
20240430,L010,-0.17967361713855537,24,dss,specific,1
20240531,L001,-0.09441927289772468,110,dss,specific,1
20240531,L002,0.08566158665390791,31,dss,specific,1
20240531,L003,0.2834183799141012,39,dss,specific,1
20240531,L004,0.266111259615288,72,dss,specific,1
20240531,L005,0.2803059552906941,11,dss,specific,1
20240531,L006,-0.0907996059510299,50,dss,specific,1
20240531,L007,-0.25520152476004415,12,dss,specific,1
20240531,L008,0.01911442404247507,140,dss,specific,1
20240531,L009,0.239613287143804,22,dss,specific,1
20240531,L010,-0.07826152083124506,19,dss,specific,1
20240628,L001,0.1143984216804349,107,dss,specific,1
20240628,L002,0.06180133672258815,36,dss,specific,1
20240628,L003,-0.05931384272819095,36,dss,specific,1
20240628,L004,0.08560108539896548,66,dss,specific,1
20240628,L005,0.24880667576405963,13,dss,specific,1
20240628,L006,0.2522758510535944,50,dss,specific,1
20240628,L007,-0.018633899812498248,9,dss,specific,1
20240628,L008,-0.10808603948241377,138,dss,specific,1
20240628,L009,0.03487054160288042,21,dss,specific,1
20240628,L010,0.3428759013764511,23,dss,specific,1
20240731,L001,-0.047746910931447804,110,dss,specific,1
20240731,L002,-0.001126525574129761,38,dss,specific,1
20240731,L003,0.16061867035187574,39,dss,specific,1
20240731,L004,0.15806770356994845,71,dss,specific,1
20240731,L005,0.13289435848843764,13,dss,specific,1
20240731,L006,0.0808910756628574,53,dss,specific,1
20240731,L007,-0.3436608745176344,8,dss,specific,1
20240731,L008,-0.05392033212142264,141,dss,specific,1
20240731,L009,0.045802120088815984,25,dss,specific,1
20240731,L010,-0.2547681932623,22,dss,specific,1
20240830,L001,0.26715105369275516,114,dss,specific,1
20240830,L002,0.19254966843216514,38,dss,specific,1
20240830,L003,0.05011697071228477,37,dss,specific,1
20240830,L004,0.151727354698198,71,dss,specific,1
20240830,L005,-0.4924685294770139,11,dss,specific,1
20240830,L006,0.16016705377915408,47,dss,specific,1
20240830,L007,-0.34641016151377546,9,dss,specific,1
20240830,L008,-0.03437912182678534,139,dss,specific,1
20240830,L009,0.1846633649211135,22,dss,specific,1
20240830,L010,0.07276356277774144,22,dss,specific,1
20240930,L001,-0.07353805905798357,112,dss,specific,1
20240930,L002,0.18919126650426765,34,dss,specific,1
20240930,L003,0.19196535465360084,36,dss,specific,1
20240930,L004,0.18111679569274558,72,dss,specific,1
20240930,L005,0.34641016151377546,9,dss,specific,1
20240930,L006,-0.09982348084060977,48,dss,specific,1
20240930,L007,0.502518907629606,11,dss,specific,1
20240930,L008,-0.03345866202249252,136,dss,specific,1
20240930,L009,-0.10577717706958902,23,dss,specific,1
20240930,L010,-0.02437087824297099,22,dss,specific,1
20241031,L001,0.0980562013216844,109,dss,specific,1
20241031,L002,-0.014336615027717797,36,dss,specific,1
20241031,L003,0.032873636391290845,38,dss,specific,1
20241031,L004,-0.006935242726609944,72,dss,specific,1
20241031,L005,-0.46469531374217,12,dss,specific,1
20241031,L006,-0.4337769790294832,51,dss,specific,1
20241031,L007,0.6002010969805864,8,dss,specific,1
20241031,L008,0.15721975258309956,142,dss,specific,1
20241031,L009,-0.005194113811148742,24,dss,specific,1
20241031,L010,-0.28495532744446983,16,dss,specific,1
20241129,L001,-0.04559549390414054,112,dss,specific,1
20241129,L002,0.11348414892924405,35,dss,specific,1
20241129,L003,0.29939484619691314,38,dss,specific,1
20241129,L004,0.00041400333688034293,71,dss,specific,1
20241129,L005,-0.20483662259967567,12,dss,specific,1
20241129,L006,0.21839980626039393,46,dss,specific,1
20241129,L007,0.582921932850343,10,dss,specific,1
20241129,L008,-0.10088697952325641,141,dss,specific,1
20241129,L009,-0.10087865399619872,25,dss,specific,1
20241129,L010,0.08070795745048273,19,dss,specific,1
20241231,L001,0.05224398367647059,112,dss,specific,1
20241231,L002,0.006689170143760505,36,dss,specific,1
20241231,L003,-0.17745488513928787,40,dss,specific,1
20241231,L004,0.11452026284653617,67,dss,specific,1
20241231,L005,0.2206837073761874,11,dss,specific,1
20241231,L006,0.38904030419978397,46,dss,specific,1
20241231,L007,-0.632518272526071,9,dss,specific,1
20241231,L008,0.09330037020520235,140,dss,specific,1
20241231,L009,-0.08894426374397892,20,dss,specific,1
20241231,L010,-0.19023794624226836,20,dss,specific,1
20250131,L001,0.04323425042934813,114,dss,specific,1
20250131,L002,0.23640539050130183,38,dss,specific,1
20250131,L003,0.1823668690356265,39,dss,specific,1
20250131,L004,-0.14149318041507686,74,dss,specific,1
20250131,L005,0.1634030971405304,12,dss,specific,1
20250131,L006,0.025344610876138752,51,dss,specific,1
20250131,L007,0.0,11,dss,specific,1
20250131,L008,0.04350379956702555,140,dss,specific,1
20250131,L009,-0.04392334078175382,25,dss,specific,1
20250131,L010,0.07331229688594454,21,dss,specific,1
20250228,L001,-0.03232765674129673,109,dss,specific,1
20250228,L002,0.018273294531880868,28,dss,specific,1
20250228,L003,0.24702005910476765,37,dss,specific,1
20250228,L004,-0.08539646607688398,65,dss,specific,1
20250228,L005,0.6708203932499369,14,dss,specific,1
20250228,L006,0.3267625273489092,42,dss,specific,1
20250228,L007,-0.041898757796425164,12,dss,specific,1
20250228,L008,0.19320013039132844,144,dss,specific,1
20250228,L009,0.17892088765150996,22,dss,specific,1
20250228,L010,-0.09498420065779033,23,dss,specific,1
20250331,L001,-0.09021986834719463,107,dss,specific,1
20250331,L002,0.40407436249459294,34,dss,specific,1
20250331,L003,-0.020357539713231038,36,dss,specific,1
20250331,L004,0.1937632991893821,69,dss,specific,1
20250331,L005,-0.10192943828752511,11,dss,specific,1
20250331,L006,-0.10998785614735618,47,dss,specific,1
20250331,L007,0.3017346036565429,11,dss,specific,1
20250331,L008,0.0967638494805404,145,dss,specific,1
20250331,L009,0.008482346989740847,20,dss,specific,1
20250331,L010,0.3070442940646912,19,dss,specific,1
20250430,L001,-0.16661897074273221,110,dss,specific,1
20250430,L002,-0.19613538024502944,37,dss,specific,1
20250430,L003,0.08914860215534502,38,dss,specific,1
20250430,L004,0.1527839426333504,70,dss,specific,1
20250430,L005,0.1142693394447959,12,dss,specific,1
20250430,L006,-0.22768648586409154,49,dss,specific,1
20250430,L007,0.21604524219604254,12,dss,specific,1
20250430,L008,-0.03355345877074076,145,dss,specific,1
20250430,L009,0.04273139508486674,21,dss,specific,1
20250430,L010,0.1251933489167979,18,dss,specific,1
20250530,L001,0.01789708440901799,112,dss,specific,1
20250530,L002,-0.09013614680956247,38,dss,specific,1
20250530,L003,0.18706598357987073,37,dss,specific,1
20250530,L004,0.12179702675104757,68,dss,specific,1
20250530,L005,-0.01930382715629099,14,dss,specific,1
20250530,L006,0.32067457542011135,46,dss,specific,1
20250530,L007,0.07453559924999299,9,dss,specific,1
20250530,L008,0.07849823017628421,142,dss,specific,1
20250530,L009,0.10961502994503873,23,dss,specific,1
20250530,L010,-0.07977643473490732,22,dss,specific,1
20250630,L001,0.06369307885059124,114,dss,specific,1
20250630,L002,0.25995880731136484,39,dss,specific,1
20250630,L003,0.0033277326655729695,39,dss,specific,1
20250630,L004,-0.06914007450748258,69,dss,specific,1
20250630,L005,0.3854651013600024,13,dss,specific,1
20250630,L006,-0.15886847699550893,49,dss,specific,1
20250630,L007,-0.39081150188595687,12,dss,specific,1
20250630,L008,0.16241798870326998,128,dss,specific,1
20250630,L009,-0.058980201703197885,21,dss,specific,1
20250630,L010,0.04755590743315814,21,dss,specific,1
20250731,L001,0.08959422811015735,114,dss,specific,1
20250731,L002,-0.08948286480006211,38,dss,specific,1
20250731,L003,0.19333089344490903,38,dss,specific,1
20250731,L004,0.10960896530811189,69,dss,specific,1
20250731,L005,0.3305336976051387,10,dss,specific,1
20250731,L006,0.1261977457801007,49,dss,specific,1
20250731,L007,-0.3585685828003181,11,dss,specific,1
20250731,L008,0.17068370114655068,134,dss,specific,1
20250731,L009,-0.26184097702057213,26,dss,specific,1
20250731,L010,0.2173746766870907,20,dss,specific,1
20250829,L001,0.07315110580249302,117,dss,specific,1
20250829,L002,-0.008405884497678156,35,dss,specific,1
20250829,L003,0.08581734086666201,39,dss,specific,1
20250829,L004,0.10730122887021074,70,dss,specific,1
20250829,L005,0.18531232916527532,13,dss,specific,1
20250829,L006,-0.030192726590670165,50,dss,specific,1
20250829,L007,-0.035014949387256515,12,dss,specific,1
20250829,L008,0.1111463126623939,149,dss,specific,1
20250829,L009,0.2404407483433858,22,dss,specific,1
20250829,L010,0.054118551616443106,19,dss,specific,1
20250930,L001,0.08985666455800916,110,dss,specific,1
20250930,L002,0.07608595959839987,35,dss,specific,1
20250930,L003,0.5137286076285624,38,dss,specific,1
20250930,L004,0.2696269279222381,69,dss,specific,1
20250930,L005,0.014337828327581922,11,dss,specific,1
20250930,L006,0.20338571778088685,53,dss,specific,1
20250930,L007,-0.11561219345410839,12,dss,specific,1
20250930,L008,0.10560822824425499,142,dss,specific,1
20250930,L009,0.16919084232174367,21,dss,specific,1
20250930,L010,-0.18541140018500424,21,dss,specific,1
20251031,L001,0.08099572070936635,112,dss,specific,1
20251031,L002,-0.04839620257205099,35,dss,specific,1
20251031,L003,-0.18306666789574905,40,dss,specific,1
20251031,L004,0.07342415605987695,70,dss,specific,1
20251031,L005,0.1267731382092775,13,dss,specific,1
20251031,L006,0.06238899701915013,50,dss,specific,1
20251031,L007,-0.19312181983410703,12,dss,specific,1
20251031,L008,0.08324637427513774,148,dss,specific,1
20251031,L009,0.253198098683632,21,dss,specific,1
20251031,L010,-0.08894949965911203,20,dss,specific,1
20251128,L001,0.14849234332729208,113,dss,specific,1
20251128,L002,-0.2428036841406202,31,dss,specific,1
20251128,L003,0.02059217042618413,36,dss,specific,1
20251128,L004,-0.19297209961543102,62,dss,specific,1
20251128,L005,0.2059714602177749,11,dss,specific,1
20251128,L006,0.0308139342843518,49,dss,specific,1
20251128,L007,-0.12909944487358055,11,dss,specific,1
20251128,L008,0.052612043166586485,145,dss,specific,1
20251128,L009,-0.05658251521157383,24,dss,specific,1
20251128,L010,-0.23786453540997737,23,dss,specific,1
20251231,L001,-0.0902814013328418,114,dss,specific,1
20251231,L002,-0.1939994669894016,35,dss,specific,1
20251231,L003,0.1639343969664135,37,dss,specific,1
20251231,L004,-0.002949860041650016,71,dss,specific,1
20251231,L005,0.06454972243679027,11,dss,specific,1
20251231,L006,-0.007258144960019529,45,dss,specific,1
20251231,L007,0.6072824650205241,12,dss,specific,1
20251231,L008,0.10909527372970014,141,dss,specific,1
20251231,L009,-0.027795650056651786,20,dss,specific,1
20251231,L010,-0.319269401556366,21,dss,specific,1
20260130,L001,-0.08318351011525335,116,dss,specific,1
20260130,L002,0.15321151480407041,34,dss,specific,1
20260130,L003,-0.06408993228271101,38,dss,specific,1
20260130,L004,0.06832332706144652,71,dss,specific,1
20260130,L005,-0.08770580193070292,12,dss,specific,1
20260130,L006,-0.0590736106036466,52,dss,specific,1
20260130,L007,0.26130983196739516,11,dss,specific,1
20260130,L008,0.12616011138456315,142,dss,specific,1
20260130,L009,-0.20077394540199286,19,dss,specific,1
20260130,L010,0.0884889259215024,20,dss,specific,1
20260227,L001,0.059411669940417126,108,dss,specific,1
20260227,L002,0.21881818368929767,33,dss,specific,1
20260227,L003,-0.10677373682661148,39,dss,specific,1
20260227,L004,0.26826773652280084,67,dss,specific,1
20260227,L005,0.544007404309956,12,dss,specific,1
20260227,L006,-0.03560396404636405,51,dss,specific,1
20260227,L007,-0.050964719143762556,11,dss,specific,1
20260227,L008,0.07696469241600414,151,dss,specific,1
20260227,L009,-0.037248920563343266,26,dss,specific,1
20260227,L010,0.11946068392203542,22,dss,specific,1
20260331,L001,0.09080681550109208,115,dss,specific,1
20260331,L002,0.23530320507977168,32,dss,specific,1
20260331,L003,0.17896864381607747,43,dss,specific,1
20260331,L004,0.08594421996437615,67,dss,specific,1
20260331,L005,0.1773937187967248,12,dss,specific,1
20260331,L006,0.3009506415293068,44,dss,specific,1
20260331,L007,0.2748171674486067,12,dss,specific,1
20260331,L008,0.07150813622194788,144,dss,specific,1
20260331,L009,-0.09661655545505633,22,dss,specific,1
20260331,L010,0.22201422518826378,19,dss,specific,1
20260430,L001,0.07545062025328451,105,dss,specific,1
20260430,L002,0.2680623630465715,35,dss,specific,1
20260430,L003,0.09110665713860218,38,dss,specific,1
20260430,L004,0.06003598582546977,74,dss,specific,1
20260430,L005,0.3335621924974956,13,dss,specific,1
20260430,L006,-0.09028254688974909,51,dss,specific,1
20260430,L007,-0.5086180942860988,8,dss,specific,1
20260430,L008,-0.015603101897909127,138,dss,specific,1
20260430,L009,-0.20061213729658653,21,dss,specific,1
20260430,L010,-0.07439452825405868,22,dss,specific,1
20260529,L001,-0.088712933499416,113,dss,specific,1
20260529,L002,-0.16658552689011574,31,dss,specific,1
20260529,L003,0.09336448293426693,38,dss,specific,1
20260529,L004,-0.003387037706666242,72,dss,specific,1
20260529,L005,0.1936728104540168,13,dss,specific,1
20260529,L006,0.007044428647000349,47,dss,specific,1
20260529,L007,0.28675656655163845,11,dss,specific,1
20260529,L008,-0.11028165388199664,140,dss,specific,1
20260529,L009,0.27011340077278423,19,dss,specific,1
20260529,L010,-0.2646188733785785,17,dss,specific,1
20260630,L001,0.2025013494311889,111,dss,specific,1
20260630,L002,0.015188847104543228,31,dss,specific,1
20260630,L003,-0.21577667954910537,42,dss,specific,1
20260630,L004,-0.08328546087786119,67,dss,specific,1
20260630,L005,0.47838163224091385,14,dss,specific,1
20260630,L006,0.24659596880052068,48,dss,specific,1
20260630,L007,-0.03517632353407242,11,dss,specific,1
20260630,L008,0.0699246663041233,144,dss,specific,1
20260630,L009,0.39346409085212136,21,dss,specific,1
20260630,L010,0.042461983686565466,17,dss,specific,1
