date,category,mean_signal,n,signal
20190329,L001,-0.030718721808373133,117,ai
20190329,L002,-0.18200529105104477,39,ai
20190329,L003,0.3296108479579138,41,ai
20190329,L004,0.13251184559348975,67,ai
20190329,L005,-0.042263700692966796,14,ai
20190329,L006,0.024239585911166383,51,ai
20190329,L007,-0.20944897086654957,8,ai
20190329,L008,-0.09608383315027577,144,ai
20190329,L009,-0.07568715510825846,23,ai
20190329,L010,0.25831050620138035,19,ai
20190430,L001,0.014471177994867713,113,ai
20190430,L002,-0.07946268941469004,36,ai
20190430,L003,0.20967594047468863,33,ai
20190430,L004,0.14299085808834777,70,ai
20190430,L005,0.04909030944953722,12,ai
20190430,L006,-0.06082953080494,47,ai
20190430,L007,-0.2391373735140624,12,ai
20190430,L008,-0.07889095204815716,137,ai
20190430,L009,-0.2575147482815763,21,ai
20190430,L010,0.2691509745131831,21,ai
20190531,L001,-0.043508080432340245,106,ai
20190531,L002,0.004204648622857413,33,ai
20190531,L003,0.4655016160423403,36,ai
20190531,L004,0.20767806527529672,65,ai
20190531,L005,-0.27315925932715757,11,ai
20190531,L006,-0.19788547455800215,51,ai
20190531,L007,-0.40600984690365943,12,ai
20190531,L008,-0.0769529596608902,147,ai
20190531,L009,0.12956365916085877,21,ai
20190531,L010,0.03696419745375284,21,ai
20190628,L001,0.17710845440994497,107,ai
20190628,L002,-0.07713329776258625,32,ai
20190628,L003,0.3434788400090587,36,ai
20190628,L004,-0.0435111642041701,69,ai
20190628,L005,-0.2975256111608013,13,ai
20190628,L006,-0.13431114578827025,49,ai
20190628,L007,-0.3763382614090005,11,ai
20190628,L008,-0.12152789865427129,139,ai
20190628,L009,-0.04597498553758995,23,ai
20190628,L010,0.37184975226795686,18,ai
20190731,L001,0.09842093643989111,113,ai
20190731,L002,-0.07782330400976198,40,ai
20190731,L003,0.1942234829902046,35,ai
20190731,L004,-0.04128692226048068,70,ai
20190731,L005,-0.044748969648121854,12,ai
20190731,L006,-0.042816937619439464,54,ai
20190731,L007,-0.27654229683791276,9,ai
20190731,L008,-0.01828742783307477,141,ai
20190731,L009,-0.2179723742384886,22,ai
20190731,L010,0.03458832577121604,23,ai
20190830,L001,0.15832279926669507,117,ai
20190830,L002,-0.22575177490551412,33,ai
20190830,L003,0.09547637012281661,37,ai
20190830,L004,-0.032396658611522466,70,ai
20190830,L005,0.4110708053353043,13,ai
20190830,L006,-0.025433788528680647,51,ai
20190830,L007,-0.45083001987186844,11,ai
20190830,L008,-0.09556666744812252,137,ai
20190830,L009,-0.11300593324581949,24,ai
20190830,L010,0.21891451342138776,20,ai
20190930,L001,0.18432109656645765,109,ai
20190930,L002,-0.2751382024964491,35,ai
20190930,L003,-0.030447405484021067,39,ai
20190930,L004,0.022787128504855165,63,ai
20190930,L005,0.4521004494617873,11,ai
20190930,L006,-0.0019274088943502514,47,ai
20190930,L007,-0.18881553838150014,10,ai
20190930,L008,-0.09412709058699785,136,ai
20190930,L009,-0.19529006272589602,22,ai
20190930,L010,0.16161912558447683,21,ai
20191031,L001,0.14303933990592835,110,ai
20191031,L002,-0.17082159075749404,39,ai
20191031,L003,0.03350648492890242,40,ai
20191031,L004,-0.06102931443443364,67,ai
20191031,L005,0.7507412146731879,13,ai
20191031,L006,-0.13810854031809466,49,ai
20191031,L007,-0.06348306482718184,11,ai
20191031,L008,-0.04229650209768829,148,ai
20191031,L009,-0.19074593339250717,21,ai
20191031,L010,0.07847441092742032,21,ai
20191129,L001,0.1682375230690583,108,ai
20191129,L002,-0.17708634100151258,37,ai
20191129,L003,0.19724811724406768,40,ai
20191129,L004,-0.09550069335845607,74,ai
20191129,L005,0.5528494913005125,14,ai
20191129,L006,0.05098292540103434,52,ai
20191129,L007,0.19925000234726314,10,ai
20191129,L008,-0.10011762032242336,146,ai
20191129,L009,-0.29542495049727846,22,ai
20191129,L010,-0.18536574000794734,20,ai
20191231,L001,-0.060606445971764754,105,ai
20191231,L002,0.18437168112947516,37,ai
20191231,L003,0.1307701834553406,30,ai
20191231,L004,0.07379559077584694,68,ai
20191231,L005,0.09462414097506097,13,ai
20191231,L006,-0.07646189390309398,49,ai
20191231,L007,0.0772639287751385,9,ai
20191231,L008,-0.03545001618021253,151,ai
20191231,L009,-0.1971648656605651,22,ai
20191231,L010,0.09602009300777216,22,ai
20200131,L001,-0.09990827983532191,103,ai
20200131,L002,0.18363099127129834,34,ai
20200131,L003,0.16510828030606975,36,ai
20200131,L004,0.06949048914796023,72,ai
20200131,L005,0.2997447676446494,11,ai
20200131,L006,-0.019194409452060017,48,ai
20200131,L007,-0.3599093153591159,12,ai
20200131,L008,0.046552304120960286,149,ai
20200131,L009,-0.27757185412962787,24,ai
20200131,L010,-0.2906462228251402,18,ai
20200228,L001,-0.0879228738756111,111,ai
20200228,L002,0.24411308519789016,37,ai
20200228,L003,0.10277785376950088,40,ai
20200228,L004,0.059354719951715845,64,ai
20200228,L005,0.05294385548169871,13,ai
20200228,L006,-0.1326172310823223,56,ai
20200228,L007,0.3545229256966663,10,ai
20200228,L008,0.07789287298640678,138,ai
20200228,L009,-0.4812929070162262,22,ai
20200228,L010,-0.2075134167602406,20,ai
20200331,L001,-0.16143390366250374,114,ai
20200331,L002,0.18531157750762697,36,ai
20200331,L003,0.05123336195350685,40,ai
20200331,L004,0.03531657261089475,68,ai
20200331,L005,0.04662452715003955,13,ai
20200331,L006,-0.05407187248615442,48,ai
20200331,L007,0.08450225062318867,11,ai
20200331,L008,0.05813309380069019,148,ai
20200331,L009,-0.2248761442683946,22,ai
20200331,L010,0.2230843034524818,21,ai
20200430,L001,-0.11051821552358579,113,ai
20200430,L002,0.27319767810178863,33,ai
20200430,L003,0.04194329259968952,40,ai
20200430,L004,0.08123246500088856,66,ai
20200430,L005,-0.7011896322877054,10,ai
20200430,L006,-0.20508747129972404,48,ai
20200430,L007,0.23730746822813678,12,ai
20200430,L008,0.11376675027703693,150,ai
20200430,L009,-0.3700432609011701,24,ai
20200430,L010,0.10265416497084741,22,ai
20200529,L001,-0.09401765625032227,105,ai
20200529,L002,0.2712942330329024,38,ai
20200529,L003,0.04281857615716718,38,ai
20200529,L004,0.18663775318265974,74,ai
20200529,L005,-0.12599714328989287,13,ai
20200529,L006,-0.1748887911677411,45,ai
20200529,L007,-0.1914425688948313,10,ai
20200529,L008,0.022018658700750007,136,ai
20200529,L009,-0.18030523042634697,24,ai
20200529,L010,-0.16423444617158053,19,ai
20200630,L001,-0.1278299498094663,115,ai
20200630,L002,-0.032524294932489484,33,ai
20200630,L003,0.19632156752631438,36,ai
20200630,L004,0.17437057893457553,67,ai
20200630,L005,-0.27904061652985657,10,ai
20200630,L006,-0.11549451868649588,49,ai
20200630,L007,-0.34898582766221686,11,ai
20200630,L008,0.1503680850354861,137,ai
20200630,L009,-0.2841420538545421,23,ai
20200630,L010,-0.2501756834046822,19,ai
20200731,L001,-0.013084742268708684,110,ai
20200731,L002,0.2256477576289826,35,ai
20200731,L003,-0.06481237596206746,41,ai
20200731,L004,0.11857951748085266,75,ai
20200731,L005,-0.2344028106003652,14,ai
20200731,L006,-0.19345425661886964,53,ai
20200731,L007,-0.47234650939355277,10,ai
20200731,L008,0.1152629065122438,138,ai
20200731,L009,-0.274243747933579,22,ai
20200731,L010,-0.25348499206386943,17,ai
20200831,L001,-0.12435741236666557,113,ai
20200831,L002,-0.008022870882440102,36,ai
20200831,L003,0.13876778080505875,39,ai
20200831,L004,0.27970340285809453,70,ai
20200831,L005,-0.27285764005252483,14,ai
20200831,L006,-0.08846606173365539,52,ai
20200831,L007,-0.5147145786099984,10,ai
20200831,L008,0.07933429217090725,142,ai
20200831,L009,-0.21656875509245932,22,ai
20200831,L010,-0.1628881646141894,22,ai
20200930,L001,-0.1300541912915692,113,ai
20200930,L002,-0.11046642591957333,35,ai
20200930,L003,0.008777467216058793,37,ai
20200930,L004,0.14642487104948854,70,ai
20200930,L005,0.11652089077569394,12,ai
20200930,L006,0.03399412327669968,50,ai
20200930,L007,-0.29157331591363134,10,ai
20200930,L008,0.1331588896778555,146,ai
20200930,L009,-0.32754721132009207,22,ai
20200930,L010,-0.23312850922409822,19,ai
20201030,L001,-0.07170160002338444,108,ai
20201030,L002,-0.022876297787370534,35,ai
20201030,L003,-0.2726374207816297,35,ai
20201030,L004,0.20732281368486774,71,ai
20201030,L005,0.21623977460628255,11,ai
20201030,L006,-0.01796216171903494,43,ai
20201030,L007,-0.040009424399040205,12,ai
20201030,L008,0.08331245551149784,143,ai
20201030,L009,-0.3077110807017244,23,ai
20201030,L010,-0.11798384432507864,22,ai
20201130,L001,-0.02363446828325258,113,ai
20201130,L002,0.18240549570686795,32,ai
20201130,L003,-0.26020610255644305,38,ai
20201130,L004,0.216008520352183,60,ai
20201130,L005,-0.24967606679279244,13,ai
20201130,L006,-0.004062578206566013,52,ai
20201130,L007,-0.08288536677632422,11,ai
20201130,L008,0.100952112374837,136,ai
20201130,L009,-0.587789784493671,21,ai
20201130,L010,-0.15505143379151567,21,ai
20201231,L001,0.11490261060406962,115,ai
20201231,L002,-0.1259328953607338,35,ai
20201231,L003,-0.10079240054030628,35,ai
20201231,L004,0.06165490717474599,70,ai
20201231,L005,-0.1966482440719983,14,ai
20201231,L006,0.028862743064592786,52,ai
20201231,L007,-0.12361761555942515,10,ai
20201231,L008,0.055406811884002295,143,ai
20201231,L009,-0.3598836511050707,24,ai
20201231,L010,-0.27790590890482836,23,ai
20210129,L001,0.04297915115726999,117,ai
20210129,L002,-0.11700459492824448,34,ai
20210129,L003,-0.1396308939177413,36,ai
20210129,L004,-0.08938635973881101,73,ai
20210129,L005,-0.29774413690643436,12,ai
20210129,L006,0.1173672980507554,47,ai
20210129,L007,0.2722038427613329,10,ai
20210129,L008,0.14320397055847273,145,ai
20210129,L009,-0.30435281516622353,24,ai
20210129,L010,-0.36304609409424743,21,ai
20210226,L001,0.07096442385525563,114,ai
20210226,L002,-0.163441226794274,36,ai
20210226,L003,-0.08015253948909569,39,ai
20210226,L004,-0.05069291201798382,60,ai
20210226,L005,-0.3612687610753538,13,ai
20210226,L006,0.1272343559296088,50,ai
20210226,L007,0.21054914661216842,10,ai
20210226,L008,0.045489942418160643,148,ai
20210226,L009,0.09633553110696365,24,ai
20210226,L010,-0.46599031509625977,19,ai
20210331,L001,0.11970428805018012,111,ai
20210331,L002,-0.3139676202706491,38,ai
20210331,L003,0.029385651035291227,38,ai
20210331,L004,0.04425715678763813,67,ai
20210331,L005,0.24907483014504342,12,ai
20210331,L006,-0.1831362468597118,53,ai
20210331,L007,0.49720364108001763,9,ai
20210331,L008,0.04565140698703978,140,ai
20210331,L009,-0.04263766673374117,23,ai
20210331,L010,-0.5062547610943301,17,ai
20210430,L001,0.1711578592607171,107,ai
20210430,L002,-0.2783296028838345,32,ai
20210430,L003,0.14770279873467368,35,ai
20210430,L004,-0.07691973703620653,69,ai
20210430,L005,0.13239998992024724,11,ai
20210430,L006,-0.09190099948219156,45,ai
20210430,L007,0.2404178067632219,10,ai
20210430,L008,-0.05927083841579969,141,ai
20210430,L009,0.08336981199301324,21,ai
20210430,L010,-0.1326716980061776,18,ai
20210531,L001,0.10215786578557762,112,ai
20210531,L002,-0.39982236837462803,37,ai
20210531,L003,0.3765072745925673,32,ai
20210531,L004,-0.02444958449733035,66,ai
20210531,L005,0.1430951594355904,11,ai
20210531,L006,0.023700646551005938,52,ai
20210531,L007,0.27273307296369204,11,ai
20210531,L008,-0.06312670119075435,146,ai
20210531,L009,-0.08057589204510773,25,ai
20210531,L010,-0.07897438334897118,21,ai
20210630,L001,0.1259816861343877,119,ai
20210630,L002,-0.4593649475975494,35,ai
20210630,L003,0.31299885381279563,37,ai
20210630,L004,-0.21597560863978346,72,ai
20210630,L005,0.011689960851643085,14,ai
20210630,L006,0.12969455026138074,48,ai
20210630,L007,0.15234485954218704,11,ai
20210630,L008,-0.038351620779987855,142,ai
20210630,L009,0.02463250790230089,23,ai
20210630,L010,0.09349149482425476,20,ai
20210730,L001,0.14348644207109537,112,ai
20210730,L002,-0.42315546621785466,35,ai
20210730,L003,0.15835884970705083,37,ai
20210730,L004,-0.2630625467744338,74,ai
20210730,L005,0.0415797738312143,13,ai
20210730,L006,0.001456111713971357,50,ai
20210730,L007,0.1727539292024001,9,ai
20210730,L008,0.06251841247436853,140,ai
20210730,L009,-0.25821560839946534,22,ai
20210730,L010,0.33844516466000657,21,ai
20210831,L001,-0.023032658761522648,122,ai
20210831,L002,-0.20343278990934782,33,ai
20210831,L003,0.3169968739357548,38,ai
20210831,L004,-0.0969584471900263,73,ai
20210831,L005,-0.295191960507229,12,ai
20210831,L006,-0.0028264650353418985,53,ai
20210831,L007,0.13767590104568483,10,ai
20210831,L008,0.04732347156194734,148,ai
20210831,L009,-0.048261392093562124,22,ai
20210831,L010,0.04642879343103329,20,ai
20210930,L001,-0.03813121180030078,114,ai
20210930,L002,-0.09310035779926876,35,ai
20210930,L003,0.2637265256028402,39,ai
20210930,L004,-0.2088870659759792,63,ai
20210930,L005,-0.3589949156206604,11,ai
20210930,L006,0.051392919373673206,47,ai
20210930,L007,0.3097487679640145,10,ai
20210930,L008,0.018358875769812745,140,ai
20210930,L009,0.10086251458415563,23,ai
20210930,L010,0.2118910560315645,19,ai
20211029,L001,-0.1035585456388824,108,ai
20211029,L002,0.14089805563347466,37,ai
20211029,L003,0.29835277185378817,36,ai
20211029,L004,-0.22604237450975004,73,ai
20211029,L005,-0.3757939974422268,13,ai
20211029,L006,0.21456167712240445,46,ai
20211029,L007,0.1307044319951855,9,ai
20211029,L008,0.07062456413254746,137,ai
20211029,L009,-0.05911581279381813,23,ai
20211029,L010,-0.11935948859580037,23,ai
20211130,L001,-0.052565543596413807,114,ai
20211130,L002,0.3212272415967662,38,ai
20211130,L003,0.2473376508428214,35,ai
20211130,L004,-0.26617499465340805,67,ai
20211130,L005,-0.5968611080480638,7,ai
20211130,L006,-0.002044476308862381,50,ai
20211130,L007,0.3650435031435226,12,ai
20211130,L008,0.047658001137255025,143,ai
20211130,L009,0.11162716479258793,22,ai
20211130,L010,-0.2912917546551573,22,ai
20211231,L001,-0.08634050850217648,108,ai
20211231,L002,0.19095394270998953,29,ai
20211231,L003,-0.01763862517341024,38,ai
20211231,L004,-0.0889244193220496,70,ai
20211231,L005,-0.37687515290536117,11,ai
20211231,L006,0.3933483471906337,50,ai
20211231,L007,0.5330035489334262,10,ai
20211231,L008,-0.037586556354352436,147,ai
20211231,L009,-0.1192486371405792,23,ai
20211231,L010,-0.09056171618120952,21,ai
20220131,L001,-0.035710998501730595,106,ai
20220131,L002,0.07544222478665438,35,ai
20220131,L003,-0.06982495682302897,36,ai
20220131,L004,0.12211236369330586,71,ai
20220131,L005,-0.30152755208635346,13,ai
20220131,L006,0.31930751480109104,47,ai
20220131,L007,0.3090150159875852,10,ai
20220131,L008,-0.09810198059610548,144,ai
20220131,L009,-0.1737874472163976,24,ai
20220131,L010,-0.04245488772937836,21,ai
20220228,L001,0.030600796305272012,107,ai
20220228,L002,0.25898080808750606,36,ai
20220228,L003,-0.08799784887127612,33,ai
20220228,L004,-4.804977396579332e-05,72,ai
20220228,L005,-0.36743605360370196,13,ai
20220228,L006,0.2513561904622929,47,ai
20220228,L007,0.28633875019759036,10,ai
20220228,L008,-0.05893494949365281,142,ai
20220228,L009,-0.36388910991065077,22,ai
20220228,L010,-0.146197373184509,22,ai
20220331,L001,-0.12342537314359019,109,ai
20220331,L002,-0.03685374042791448,36,ai
20220331,L003,0.009236115821132646,35,ai
20220331,L004,0.049564390707442674,69,ai
20220331,L005,-0.08097726910877429,9,ai
20220331,L006,0.16233762737768104,52,ai
20220331,L007,0.2940712762580148,9,ai
20220331,L008,0.0018675211387916115,141,ai
20220331,L009,-0.03055507260381904,24,ai
20220331,L010,0.04781216206010522,24,ai
20220429,L001,-0.02091044015714361,108,ai
20220429,L002,0.2699336009388294,35,ai
20220429,L003,-0.10419195442139106,39,ai
20220429,L004,-0.0376206482361003,66,ai
20220429,L005,-0.4897468527405452,13,ai
20220429,L006,0.20471626199908963,48,ai
20220429,L007,-0.018909047068074333,11,ai
20220429,L008,-0.020023303612750495,145,ai
20220429,L009,-0.021272848437227543,19,ai
20220429,L010,-0.02668219628613218,22,ai
20220531,L001,0.12901887172363752,115,ai
20220531,L002,0.25738843051021043,38,ai
20220531,L003,-0.31161059007846037,37,ai
20220531,L004,-0.041253000823104645,70,ai
20220531,L005,0.09027485777730725,12,ai
20220531,L006,-0.17436075921813024,54,ai
20220531,L007,0.2570983894005091,8,ai
20220531,L008,-0.005944142413177354,145,ai
20220531,L009,-0.10961167982651582,25,ai
20220531,L010,-0.015382880107860772,21,ai
20220630,L001,0.10592335966780465,105,ai
20220630,L002,0.18278110216986113,38,ai
20220630,L003,-0.22157893216886193,40,ai
20220630,L004,-0.0179124918837043,65,ai
20220630,L005,-0.11760928459051775,10,ai
20220630,L006,0.05065154118167802,48,ai
20220630,L007,-0.10298825808481284,12,ai
20220630,L008,-0.03858618707470831,140,ai
20220630,L009,-0.3192758142854387,21,ai
20220630,L010,0.18397140310349192,22,ai
20220729,L001,0.10721903024968811,116,ai
20220729,L002,0.0779690490277177,37,ai
20220729,L003,-0.2847833091766911,34,ai
20220729,L004,0.00841633808620917,72,ai
20220729,L005,-0.008616438457730524,11,ai
20220729,L006,0.1678011036213534,48,ai
20220729,L007,0.22190327514159044,10,ai
20220729,L008,-0.02437116898129184,145,ai
20220729,L009,-0.45132481880577857,25,ai
20220729,L010,-0.0803685541481493,20,ai
20220831,L001,0.09779814267324652,108,ai
20220831,L002,0.036011770234933065,35,ai
20220831,L003,0.015619703102543417,38,ai
20220831,L004,-0.006905480201408378,72,ai
20220831,L005,0.31218142150025724,13,ai
20220831,L006,0.012271280703777022,50,ai
20220831,L007,0.13198616492421147,10,ai
20220831,L008,-0.07205884502989644,140,ai
20220831,L009,-0.5258411670849769,25,ai
20220831,L010,0.2801851477393197,19,ai
20220930,L001,-0.030277839079392084,110,ai
20220930,L002,-0.06723281593679795,40,ai
20220930,L003,-0.05874649263966062,40,ai
20220930,L004,0.1412347256993391,73,ai
20220930,L005,-0.0013221878243736551,12,ai
20220930,L006,-0.017938111254143813,47,ai
20220930,L007,0.575610146114117,11,ai
20220930,L008,-0.03267295576969317,138,ai
20220930,L009,-0.36223654574587627,23,ai
20220930,L010,0.2466888177133864,22,ai
20221031,L001,0.02713914350323029,112,ai
20221031,L002,-0.0684423188461113,32,ai
20221031,L003,0.10220985561204297,38,ai
20221031,L004,0.10944003141457129,71,ai
20221031,L005,-0.24435618565307332,10,ai
20221031,L006,-0.1433354599419427,48,ai
20221031,L007,0.015710305589170723,9,ai
20221031,L008,0.017324562311071278,148,ai
20221031,L009,-0.32782579251952776,23,ai
20221031,L010,0.08708329349334759,19,ai
20221130,L001,0.0014348175476930425,114,ai
20221130,L002,-0.22592848972718352,37,ai
20221130,L003,0.06506429505321003,37,ai
20221130,L004,0.10427750590213218,73,ai
20221130,L005,-0.06818638857744798,13,ai
20221130,L006,-0.04414746456487763,47,ai
20221130,L007,-0.07746609528523023,11,ai
20221130,L008,0.024008967659996557,141,ai
20221130,L009,-0.12845775952221866,25,ai
20221130,L010,0.10681226787258377,17,ai
20221230,L001,-0.028425593004213243,110,ai
20221230,L002,-0.20751889916395638,33,ai
20221230,L003,-0.021438382185415904,37,ai
20221230,L004,0.1786521060478295,72,ai
20221230,L005,0.02877810191364545,11,ai
20221230,L006,-0.012691411440480294,54,ai
20221230,L007,-0.002717684816427579,10,ai
20221230,L008,0.0012920180747881722,144,ai
20221230,L009,-0.09704560473565267,24,ai
20221230,L010,0.01931327235117189,23,ai
20230131,L001,-0.08836500860462679,108,ai
20230131,L002,-0.4155704586293559,35,ai
20230131,L003,-0.15372701509235914,40,ai
20230131,L004,0.21635900159791713,73,ai
20230131,L005,0.004462830427674831,12,ai
20230131,L006,-0.015286283025703899,52,ai
20230131,L007,0.2520364658110285,8,ai
20230131,L008,0.0859571875829225,141,ai
20230131,L009,-0.09902105991452771,21,ai
20230131,L010,0.14894191919537375,21,ai
20230228,L001,-0.023061009277134985,111,ai
20230228,L002,-0.0742212217925063,35,ai
20230228,L003,-0.3456512064418086,37,ai
20230228,L004,0.10039329615308293,68,ai
20230228,L005,-0.11732057106863686,9,ai
20230228,L006,-0.10067830207252351,47,ai
20230228,L007,0.521918168720899,11,ai
20230228,L008,0.02844262665178237,132,ai
20230228,L009,0.13540386931802018,20,ai
20230228,L010,0.2138193940517166,22,ai
20230331,L001,-0.07907617912723251,110,ai
20230331,L002,0.07021104494956815,37,ai
20230331,L003,-0.20216109087513026,40,ai
20230331,L004,-0.012069035981239097,70,ai
20230331,L005,-0.056532208645195044,13,ai
20230331,L006,-0.07981726273391905,51,ai
20230331,L007,0.41172260168228936,11,ai
20230331,L008,0.14157742910636373,146,ai
20230331,L009,-0.07477126164949968,24,ai
20230331,L010,-0.18775245695133624,19,ai
20230428,L001,-0.03674198711647559,116,ai
20230428,L002,-0.04820346421701694,36,ai
20230428,L003,-0.1269712290612966,38,ai
20230428,L004,0.1116140187303879,63,ai
20230428,L005,0.1231402600426601,11,ai
20230428,L006,-0.04273363771661931,47,ai
20230428,L007,0.2895613619382385,10,ai
20230428,L008,-0.0027535763842662713,139,ai
20230428,L009,-0.03232160689243048,23,ai
20230428,L010,0.12738511001938044,21,ai
20230531,L001,-0.012427599447407699,110,ai
20230531,L002,0.010489610240949077,36,ai
20230531,L003,-0.2513576360004791,36,ai
20230531,L004,-0.011542010114629934,65,ai
20230531,L005,-0.1928666759899849,11,ai
20230531,L006,0.026700672267869503,51,ai
20230531,L007,0.2205292043511119,11,ai
20230531,L008,0.0689284761794399,144,ai
20230531,L009,0.09043148815676336,26,ai
20230531,L010,-0.1433829925245484,22,ai
20230630,L001,0.03396471176993734,109,ai
20230630,L002,0.021559516155462477,35,ai
20230630,L003,-0.20518721224020378,36,ai
20230630,L004,-0.025287677640588067,65,ai
20230630,L005,-0.032854205513327,11,ai
20230630,L006,0.19146616803692681,50,ai
20230630,L007,0.04442069298474052,11,ai
20230630,L008,-0.05376767991710881,143,ai
20230630,L009,0.0041654589069390815,22,ai
20230630,L010,0.10740436552535666,23,ai
20230731,L001,-0.031240420356422736,106,ai
20230731,L002,-0.006235013835101781,37,ai
20230731,L003,-0.056784207641029705,39,ai
20230731,L004,0.09394085411904127,60,ai
20230731,L005,0.14779284916205213,14,ai
20230731,L006,0.14164983603113893,51,ai
20230731,L007,-0.6780809062685746,8,ai
20230731,L008,-0.036722256134559206,136,ai
20230731,L009,-0.34067199467174725,25,ai
20230731,L010,0.46489263552013266,21,ai
20230831,L001,0.022590175284485724,107,ai
20230831,L002,-0.06786166229206586,32,ai
20230831,L003,-0.018305273948733294,37,ai
20230831,L004,0.09592468352082067,59,ai
20230831,L005,0.12138716733105556,13,ai
20230831,L006,0.07376389516402194,44,ai
20230831,L007,0.2825787705288447,10,ai
20230831,L008,-0.0028857922493128497,135,ai
20230831,L009,-0.33414228473896473,26,ai
20230831,L010,-0.1899993832328985,20,ai
20230929,L001,-0.14678655364623136,118,ai
20230929,L002,-0.31001274620745634,34,ai
20230929,L003,-0.03641646053856002,41,ai
20230929,L004,0.10686340818461014,64,ai
20230929,L005,0.3011814614777442,12,ai
20230929,L006,0.010908339824449402,52,ai
20230929,L007,0.10080449922472394,8,ai
20230929,L008,0.13515049589430034,139,ai
20230929,L009,-0.29131576391259945,21,ai
20230929,L010,0.2429464185014732,20,ai
20231031,L001,0.004514571196069796,108,ai
20231031,L002,-0.18709407200934328,37,ai
20231031,L003,0.1788881155092058,39,ai
20231031,L004,0.007589251253704129,67,ai
20231031,L005,0.10049587848951877,10,ai
20231031,L006,-0.06483097859372766,53,ai
20231031,L007,-0.09868271772529379,12,ai
20231031,L008,0.07082669539914431,144,ai
20231031,L009,-0.25813685800921404,23,ai
20231031,L010,-0.08930684598294711,19,ai
20231130,L001,-0.09538204650763085,118,ai
20231130,L002,-0.10506062124163602,39,ai
20231130,L003,0.3802975019578049,40,ai
20231130,L004,0.15137155300122573,72,ai
20231130,L005,-0.2457697982241953,12,ai
20231130,L006,-0.11335358136271563,53,ai
20231130,L007,-0.09436116479225581,9,ai
20231130,L008,-0.019890017227077665,144,ai
20231130,L009,0.27152688494148397,23,ai
20231130,L010,-0.18838844247767775,23,ai
20231229,L001,-0.02937665858620311,104,ai
20231229,L002,0.004723587544767716,40,ai
20231229,L003,0.1400946080805686,35,ai
20231229,L004,0.20317422265988228,70,ai
20231229,L005,0.39514576422026887,10,ai
20231229,L006,-0.0779670884064678,45,ai
20231229,L007,-0.4384943620159699,11,ai
20231229,L008,-0.06068268528672532,131,ai
20231229,L009,0.08241459235159924,21,ai
20231229,L010,-0.2830026613197897,20,ai
20240131,L001,0.10816834932879686,105,ai
20240131,L002,-0.08546192282572396,34,ai
20240131,L003,0.19994074836068734,36,ai
20240131,L004,-0.07350725044767807,67,ai
20240131,L005,0.09236543077311878,11,ai
20240131,L006,-0.11867166174884679,50,ai
20240131,L007,-0.12370239817440369,8,ai
20240131,L008,-0.03376705538450249,147,ai
20240131,L009,0.03692748493894508,25,ai
20240131,L010,-0.0337869526981681,23,ai
20240229,L001,-0.03639651275864916,114,ai
20240229,L002,-0.2932459127148349,36,ai
20240229,L003,0.06089469124930916,35,ai
20240229,L004,-0.025378844026472686,75,ai
20240229,L005,-0.1690965443909478,12,ai
20240229,L006,-0.06530749851875584,49,ai
20240229,L007,-0.08954435765227875,10,ai
20240229,L008,0.10916272263439071,138,ai
20240229,L009,0.08408596704446207,24,ai
20240229,L010,0.2070767661470525,17,ai
20240329,L001,-0.0756466569978262,113,ai
20240329,L002,0.08591811463813154,33,ai
20240329,L003,-0.037781204753860875,38,ai
20240329,L004,0.09977946256692444,64,ai
20240329,L005,0.13912815334943804,11,ai
20240329,L006,-0.015967781279010787,45,ai
20240329,L007,-0.3835977588738231,12,ai
20240329,L008,-0.010126724822967724,139,ai
20240329,L009,0.21686530615591249,24,ai
20240329,L010,0.034397073359442025,22,ai
20240430,L001,-0.022493836773463335,117,ai
20240430,L002,-0.11438929283172002,34,ai
20240430,L003,0.045750394230686615,35,ai
20240430,L004,-0.02432927558666667,67,ai
20240430,L005,0.1841670449516172,12,ai
20240430,L006,0.02398953162222347,52,ai
20240430,L007,-0.2176497952703158,9,ai
20240430,L008,0.0012339318947601854,135,ai
20240430,L009,0.07022422891189438,20,ai
20240430,L010,0.14500562977640044,24,ai
20240531,L001,-0.13801723739264665,110,ai
20240531,L002,0.11555925665580423,31,ai
20240531,L003,0.08550997651479515,39,ai
20240531,L004,0.07217770954353316,72,ai
20240531,L005,0.14062517565166413,11,ai
20240531,L006,0.13874473578588786,50,ai
20240531,L007,-0.2150881708574516,12,ai
20240531,L008,-0.01703136194544699,140,ai
20240531,L009,-0.060647818367462476,22,ai
20240531,L010,0.04649799952227821,19,ai
20240628,L001,-0.17161141562242832,107,ai
20240628,L002,0.18179230114762143,36,ai
20240628,L003,0.31727978823537767,36,ai
20240628,L004,0.17884422310360287,66,ai
20240628,L005,-0.012710313704314385,13,ai
20240628,L006,-0.06120504942021955,50,ai
20240628,L007,-0.23015076067770376,9,ai
20240628,L008,-0.019550593954131282,138,ai
20240628,L009,-0.25794438701537054,21,ai
20240628,L010,0.0871202181405811,23,ai
20240731,L001,-0.04138643540594218,110,ai
20240731,L002,0.061945438788716285,38,ai
20240731,L003,0.07999287410879595,39,ai
20240731,L004,0.22091931245183138,71,ai
20240731,L005,0.14154400349308108,13,ai
20240731,L006,-0.06500789029450607,53,ai
20240731,L007,-0.5732405659513881,8,ai
20240731,L008,-0.12289548231970548,141,ai
20240731,L009,0.1781818690577672,25,ai
20240731,L010,0.11175340430925024,22,ai
20240830,L001,-0.09727433063888559,114,ai
20240830,L002,0.06761919868159207,38,ai
20240830,L003,0.1331923619896579,37,ai
20240830,L004,0.12818742609452052,71,ai
20240830,L005,0.2142923289948924,11,ai
20240830,L006,-0.028016953232630384,47,ai
20240830,L007,0.026574332744286156,9,ai
20240830,L008,-0.1192256521354044,139,ai
20240830,L009,0.08993531365619367,22,ai
20240830,L010,0.3547509286945616,22,ai
20240930,L001,-0.11724288235394106,112,ai
20240930,L002,-0.18429797647817403,34,ai
20240930,L003,0.13469179822999006,36,ai
20240930,L004,0.1255700119886993,72,ai
20240930,L005,0.3096960789576976,9,ai
20240930,L006,0.1913842221877704,48,ai
20240930,L007,-0.0877514915229615,11,ai
20240930,L008,-0.13352813976478664,136,ai
20240930,L009,-0.04047771826227438,23,ai
20240930,L010,0.6177164537998601,22,ai
20241031,L001,-0.03793349258596556,109,ai
20241031,L002,-0.012278802948178128,36,ai
20241031,L003,0.19325461505326758,38,ai
20241031,L004,0.02006339528678108,72,ai
20241031,L005,0.06136883330497896,12,ai
20241031,L006,0.02100980424065173,51,ai
20241031,L007,0.08831011944426484,8,ai
20241031,L008,-0.08590845014115282,142,ai
20241031,L009,0.09875857559758372,24,ai
20241031,L010,0.19393343122167833,16,ai
20241129,L001,0.040490041468056,112,ai
20241129,L002,-0.06114254302340331,35,ai
20241129,L003,-0.012664156664003322,38,ai
20241129,L004,-0.07107580313661008,71,ai
20241129,L005,-0.056789221257083994,12,ai
20241129,L006,0.049510291057750636,46,ai
20241129,L007,-0.1586102106291162,10,ai
20241129,L008,0.02989644691813267,141,ai
20241129,L009,-0.14623357312192292,25,ai
20241129,L010,0.13490863277048906,19,ai
20241231,L001,0.07474190728021214,112,ai
20241231,L002,-0.05993799405971045,36,ai
20241231,L003,-0.23164342167388083,40,ai
20241231,L004,-0.09796056151689021,67,ai
20241231,L005,-0.16752862099691304,11,ai
20241231,L006,-0.06452462608542278,46,ai
20241231,L007,-0.03315954996657158,9,ai
20241231,L008,0.08406775777503854,140,ai
20241231,L009,-0.013522308661978937,20,ai
20241231,L010,0.16130561623407624,20,ai
20250131,L001,0.030251766203800108,114,ai
20250131,L002,-0.03952035094610436,38,ai
20250131,L003,0.04282704579753208,39,ai
20250131,L004,0.045214521698415916,74,ai
20250131,L005,0.009670881492116201,12,ai
20250131,L006,-0.2233412477942163,51,ai
20250131,L007,-0.20744872270020157,11,ai
20250131,L008,0.050163760889507414,140,ai
20250131,L009,-0.16587288866876645,25,ai
20250131,L010,0.17700606182962894,21,ai
20250228,L001,0.13067636881550046,109,ai
20250228,L002,-0.1304366748532457,28,ai
20250228,L003,-0.21122649495217824,37,ai
20250228,L004,0.05788599023071676,65,ai
20250228,L005,-0.1291036545457979,14,ai
20250228,L006,-0.25461105446793325,42,ai
20250228,L007,0.00917655708193163,12,ai
20250228,L008,0.00841083652759556,144,ai
20250228,L009,0.1264169180601886,22,ai
20250228,L010,0.0808677283586353,23,ai
20250331,L001,0.006722757478084195,107,ai
20250331,L002,-0.26389496340083984,34,ai
20250331,L003,-0.06771886487140027,36,ai
20250331,L004,0.15963146118381197,69,ai
20250331,L005,-0.5254466687356074,11,ai
20250331,L006,-0.049096125705095826,47,ai
20250331,L007,-0.24239971766125637,11,ai
20250331,L008,0.08015648612631124,145,ai
20250331,L009,0.013814376723061416,20,ai
20250331,L010,-0.07730251816370559,19,ai
20250430,L001,0.12965704482037224,110,ai
20250430,L002,-0.23217599803503344,37,ai
20250430,L003,-0.012067770903069527,38,ai
20250430,L004,0.12013212112221074,70,ai
20250430,L005,-0.1685380500341059,12,ai
20250430,L006,-0.08514153778971685,49,ai
20250430,L007,0.07101306898544968,12,ai
20250430,L008,-0.047770787394394665,145,ai
20250430,L009,0.1897521438304018,21,ai
20250430,L010,-0.296568439508557,18,ai
20250530,L001,0.11192831957582927,112,ai
20250530,L002,-0.06577494065256924,38,ai
20250530,L003,0.011028089705803153,37,ai
20250530,L004,-0.14222611019925366,68,ai
20250530,L005,-0.10575699382477688,14,ai
20250530,L006,0.11828249414397192,46,ai
20250530,L007,-0.14389002863082812,9,ai
20250530,L008,0.003790946355441068,142,ai
20250530,L009,-0.14927746528595467,23,ai
20250530,L010,-0.02470486879794376,22,ai
20250630,L001,0.11643457177750798,114,ai
20250630,L002,-0.03503547488211185,39,ai
20250630,L003,0.018729337777200587,39,ai
20250630,L004,-0.005085776642890784,69,ai
20250630,L005,0.07938853643083008,13,ai
20250630,L006,0.19741199170833174,49,ai
20250630,L007,-0.0011716428367208875,12,ai
20250630,L008,-0.10989766963897335,128,ai
20250630,L009,-0.32618881236488156,21,ai
20250630,L010,-0.09814263461915203,21,ai
20250731,L001,0.09220344478396071,114,ai
20250731,L002,0.053886675585690075,38,ai
20250731,L003,0.06947134104752342,38,ai
20250731,L004,0.13993629637643282,69,ai
20250731,L005,-0.0899143361064187,10,ai
20250731,L006,0.16193135152473626,49,ai
20250731,L007,0.4709606171946996,11,ai
20250731,L008,-0.21770333592172336,134,ai
20250731,L009,-0.2601566386301541,26,ai
20250731,L010,-0.0567070911151069,20,ai
20250829,L001,-0.01479814710180953,117,ai
20250829,L002,-0.14222556660498767,35,ai
20250829,L003,0.05768996999742157,39,ai
20250829,L004,0.10112629072100578,70,ai
20250829,L005,0.22446787791880793,13,ai
20250829,L006,0.165701197955581,50,ai
20250829,L007,0.1787599846347149,12,ai
20250829,L008,-0.08443509746079218,149,ai
20250829,L009,-0.19761052525104575,22,ai
20250829,L010,0.05055409539775548,19,ai
20250930,L001,-0.030489954293830977,110,ai
20250930,L002,0.06189150267561353,35,ai
20250930,L003,0.06526367359214506,38,ai
20250930,L004,0.0818678289560902,69,ai
20250930,L005,0.1195554489251117,11,ai
20250930,L006,0.11450670799260543,53,ai
20250930,L007,0.07245042016993665,12,ai
20250930,L008,-0.08583594122898959,142,ai
20250930,L009,-0.12273571156182157,21,ai
20250930,L010,-0.020401158205027418,21,ai
20251031,L001,0.039854988663564475,112,ai
20251031,L002,0.12419799674194247,35,ai
20251031,L003,0.08663998240590422,40,ai
20251031,L004,-0.08997028126784222,70,ai
20251031,L005,-0.17275273438079441,13,ai
20251031,L006,0.1946869993315683,50,ai
20251031,L007,-0.0806762538186154,12,ai
20251031,L008,-0.04111946493319935,148,ai
20251031,L009,-0.2013327465999955,21,ai
20251031,L010,-0.10925745544328588,20,ai
20251128,L001,0.20368939899026428,113,ai
20251128,L002,0.0918400138387576,31,ai
20251128,L003,-0.13342246148725398,36,ai
20251128,L004,-0.24326151062293627,62,ai
20251128,L005,-0.3810953873456016,11,ai
20251128,L006,0.060875579753811554,49,ai
20251128,L007,-0.2450258277160688,11,ai
20251128,L008,-0.0019598160031246044,145,ai
20251128,L009,-0.016114470644882667,24,ai
20251128,L010,-0.06100737691592621,23,ai
20251231,L001,0.026453108982125176,114,ai
20251231,L002,0.14044391549696014,35,ai
20251231,L003,-0.2474764680649909,37,ai
20251231,L004,-0.10126591939213503,71,ai
20251231,L005,-0.22669332528179334,11,ai
20251231,L006,0.18637737550262487,45,ai
20251231,L007,-0.017518721440810386,12,ai
20251231,L008,0.005861877717203149,141,ai
20251231,L009,0.10179341729194577,20,ai
20251231,L010,-0.006200268442992157,21,ai
20260130,L001,0.0013413618249249395,116,ai
20260130,L002,-0.02440430180541323,34,ai
20260130,L003,-0.3071101482920581,38,ai
20260130,L004,-0.15541217047074185,71,ai
20260130,L005,-0.08287144838581358,12,ai
20260130,L006,0.11030696061004377,52,ai
20260130,L007,0.17696796606292026,11,ai
20260130,L008,0.13462166036195855,142,ai
20260130,L009,0.03258230232080537,19,ai
20260130,L010,-0.15224468425322096,20,ai
20260227,L001,0.039889674348831276,108,ai
20260227,L002,0.12403054573436004,33,ai
20260227,L003,-0.37457767833314654,39,ai
20260227,L004,-0.07129786003456937,67,ai
20260227,L005,-0.17358844573719767,12,ai
20260227,L006,0.20266757224917206,51,ai
20260227,L007,-0.30181202861254625,11,ai
20260227,L008,0.05917332777127165,151,ai
20260227,L009,-0.012471358883425173,26,ai
20260227,L010,-0.11634438387341567,22,ai
20260331,L001,0.06780986657281736,115,ai
20260331,L002,0.04804196022615131,32,ai
20260331,L003,-0.291969155291689,43,ai
20260331,L004,-0.21344024672634404,67,ai
20260331,L005,-0.09169055951226229,12,ai
20260331,L006,0.3646950544489661,44,ai
20260331,L007,-0.33096435116310974,12,ai
20260331,L008,0.038835066517454914,144,ai
20260331,L009,-0.1318449192463887,22,ai
20260331,L010,0.20280568433441246,19,ai
20260430,L001,-0.027794351487062392,105,ai
20260430,L002,-0.07225322142855783,35,ai
20260430,L003,-0.23673169962863713,38,ai
20260430,L004,-0.1682106954565937,74,ai
20260430,L005,-0.13292011253555705,13,ai
20260430,L006,0.2667505310892137,51,ai
20260430,L007,0.25235798018001865,8,ai
20260430,L008,0.06340049759183781,138,ai
20260430,L009,0.021824075370669077,21,ai
20260430,L010,0.17217781778780694,22,ai
20260529,L001,0.011506663177340042,113,ai
20260529,L002,-0.08270921558903063,31,ai
20260529,L003,-0.19882236918624874,38,ai
20260529,L004,-0.14432731548996525,72,ai
20260529,L005,-0.14388407098391715,13,ai
20260529,L006,0.24020501112583645,47,ai
20260529,L007,0.033100500016736915,11,ai
20260529,L008,0.05037121124272944,140,ai
20260529,L009,0.021202293056030216,19,ai
20260529,L010,0.11602872036595767,17,ai
20260630,L001,-0.0836557106938678,111,ai
20260630,L002,-0.12132100494959361,31,ai
20260630,L003,0.09022448338902805,42,ai
20260630,L004,-0.06057033746808411,67,ai
20260630,L005,-0.12989064021952468,14,ai
20260630,L006,0.2715882043085102,48,ai
20260630,L007,-0.026093694107861755,11,ai
20260630,L008,0.05041896516105645,144,ai
20260630,L009,-0.3039179754235295,21,ai
20260630,L010,0.08863127297838304,17,ai
20260731,L001,0.023453167353038054,114,ai
20260731,L002,0.029444386933784438,38,ai
20260731,L003,-0.026530052725604648,37,ai
20260731,L004,-0.10065223822667047,73,ai
20260731,L005,0.2378947817733851,12,ai
20260731,L006,0.07159499815438308,53,ai
20260731,L007,0.32001382413352797,12,ai
20260731,L008,0.0003944733423013618,141,ai
20260731,L009,-0.31723740788356963,24,ai
20260731,L010,0.07644363974000408,21,ai
20190329,L001,0.0008547008547008555,117,dss
20190329,L002,0.0,39,dss
20190329,L003,0.051219512195121955,41,dss
20190329,L004,0.04776119402985075,67,dss
20190329,L005,-1.982541115402065e-18,14,dss
20190329,L006,0.01764705882352941,51,dss
20190329,L007,0.0625,8,dss
20190329,L008,-0.05763888888888888,144,dss
20190329,L009,0.056521739130434775,23,dss
20190329,L010,0.042105263157894736,19,dss
20190430,L001,0.030088495575221242,113,dss
20190430,L002,-0.05,36,dss
20190430,L003,0.021212121212121217,33,dss
20190430,L004,0.01571428571428571,70,dss
20190430,L005,-0.08333333333333333,12,dss
20190430,L006,-0.02127659574468085,47,dss
20190430,L007,0.05833333333333333,12,dss
20190430,L008,-0.010948905109489052,137,dss
20190430,L009,-0.009523809523809528,21,dss
20190430,L010,0.004761904761904762,21,dss
20190531,L001,-0.026415094339622636,106,dss
20190531,L002,-0.01818181818181818,33,dss
20190531,L003,-0.013888888888888888,36,dss
20190531,L004,0.07384615384615384,65,dss
20190531,L005,-0.009090909090909092,11,dss
20190531,L006,-0.023529411764705882,51,dss
20190531,L007,-0.016666666666666666,12,dss
20190531,L008,0.01564625850340136,147,dss
20190531,L009,-0.028571428571428574,21,dss
20190531,L010,-0.023809523809523808,21,dss
20190628,L001,0.01775700934579439,107,dss
20190628,L002,-0.009374999999999998,32,dss
20190628,L003,0.027777777777777776,36,dss
20190628,L004,0.0028985507246376773,69,dss
20190628,L005,-0.038461538461538464,13,dss
20190628,L006,-0.006122448979591832,49,dss
20190628,L007,0.009090909090909092,11,dss
20190628,L008,-0.007194244604316547,139,dss
20190628,L009,-0.02608695652173913,23,dss
20190628,L010,0.005555555555555554,18,dss
20190731,L001,-1.2281228148508369e-18,113,dss
20190731,L002,0.045,40,dss
20190731,L003,0.025714285714285714,35,dss
20190731,L004,0.005714285714285713,70,dss
20190731,L005,0.016666666666666666,12,dss
20190731,L006,0.02962962962962963,54,dss
20190731,L007,-0.011111111111111112,9,dss
20190731,L008,-0.010638297872340425,141,dss
20190731,L009,-0.05,22,dss
20190731,L010,-0.06956521739130435,23,dss
20190830,L001,0.062393162393162394,117,dss
20190830,L002,-0.03333333333333333,33,dss
20190830,L003,0.02162162162162162,37,dss
20190830,L004,-0.014285714285714285,70,dss
20190830,L005,0.06153846153846154,13,dss
20190830,L006,0.003921568627450981,51,dss
20190830,L007,-0.009090909090909092,11,dss
20190830,L008,-0.032116788321167884,137,dss
20190830,L009,-0.05833333333333333,24,dss
20190830,L010,-0.024999999999999998,20,dss
20190930,L001,0.013761467889908258,109,dss
20190930,L002,0.022857142857142854,35,dss
20190930,L003,0.033333333333333326,39,dss
20190930,L004,8.8112938462314e-19,63,dss
20190930,L005,0.07272727272727274,11,dss
20190930,L006,-0.006382978723404251,47,dss
20190930,L007,0.06000000000000001,10,dss
20190930,L008,-0.03014705882352941,136,dss
20190930,L009,-0.05909090909090909,22,dss
20190930,L010,0.06190476190476189,21,dss
20191031,L001,2.0185873175002845e-18,110,dss
20191031,L002,-0.020512820512820513,39,dss
20191031,L003,0.005,40,dss
20191031,L004,-0.023880597014925373,67,dss
20191031,L005,0.15384615384615385,13,dss
20191031,L006,-0.01020408163265306,49,dss
20191031,L007,-0.027272727272727282,11,dss
20191031,L008,0.006756756756756755,148,dss
20191031,L009,-0.009523809523809526,21,dss
20191031,L010,0.0380952380952381,21,dss
20191129,L001,-0.009259259259259259,108,dss
20191129,L002,0.010810810810810808,37,dss
20191129,L003,0.05500000000000001,40,dss
20191129,L004,0.005405405405405404,74,dss
20191129,L005,0.028571428571428574,14,dss
20191129,L006,0.009615384615384616,52,dss
20191129,L007,0.15999999999999998,10,dss
20191129,L008,-0.010273972602739725,146,dss
20191129,L009,-0.06363636363636364,22,dss
20191129,L010,-0.05,20,dss
20191231,L001,-0.010476190476190476,105,dss
20191231,L002,0.005405405405405404,37,dss
20191231,L003,-0.020000000000000004,30,dss
20191231,L004,0.004411764705882352,68,dss
20191231,L005,-0.015384615384615384,13,dss
20191231,L006,0.002040816326530612,49,dss
20191231,L007,0.04444444444444444,9,dss
20191231,L008,0.006622516556291391,151,dss
20191231,L009,0.0,22,dss
20191231,L010,0.01818181818181818,22,dss
20200131,L001,-0.010679611650485438,103,dss
20200131,L002,0.03235294117647059,34,dss
20200131,L003,0.008333333333333335,36,dss
20200131,L004,0.03888888888888889,72,dss
20200131,L005,0.009090909090909092,11,dss
20200131,L006,-0.022916666666666665,48,dss
20200131,L007,-0.025000000000000005,12,dss
20200131,L008,-0.0020134228187919457,149,dss
20200131,L009,-0.04583333333333334,24,dss
20200131,L010,0.011111111111111106,18,dss
20200228,L001,-0.015315315315315318,111,dss
20200228,L002,0.024324324324324322,37,dss
20200228,L003,0.027500000000000004,40,dss
20200228,L004,0.024999999999999998,64,dss
20200228,L005,0.07692307692307693,13,dss
20200228,L006,-0.049999999999999996,56,dss
20200228,L007,0.09,10,dss
20200228,L008,0.01666666666666667,138,dss
20200228,L009,-0.14545454545454548,22,dss
20200228,L010,0.025,20,dss
20200331,L001,-0.008771929824561403,114,dss
20200331,L002,-0.05,36,dss
20200331,L003,-0.017499999999999998,40,dss
20200331,L004,0.045588235294117645,68,dss
20200331,L005,-0.02307692307692308,13,dss
20200331,L006,0.022916666666666665,48,dss
20200331,L007,-0.05454545454545454,11,dss
20200331,L008,0.010135135135135137,148,dss
20200331,L009,-0.06363636363636363,22,dss
20200331,L010,0.03333333333333333,21,dss
20200430,L001,0.0008849557522123887,113,dss
20200430,L002,-0.02121212121212121,33,dss
20200430,L003,0.045,40,dss
20200430,L004,-0.013636363636363634,66,dss
20200430,L005,0.0,10,dss
20200430,L006,-0.027083333333333334,48,dss
20200430,L007,0.17500000000000002,12,dss
20200430,L008,-0.006000000000000001,150,dss
20200430,L009,-0.06666666666666667,24,dss
20200430,L010,0.08636363636363636,22,dss
20200529,L001,0.01238095238095238,105,dss
20200529,L002,-0.01842105263157895,38,dss
20200529,L003,-0.018421052631578946,38,dss
20200529,L004,0.005405405405405404,74,dss
20200529,L005,-0.1,13,dss
20200529,L006,-0.006666666666666668,45,dss
20200529,L007,-0.15999999999999998,10,dss
20200529,L008,0.024264705882352938,136,dss
20200529,L009,-0.024999999999999998,24,dss
20200529,L010,0.0368421052631579,19,dss
20200630,L001,-0.03304347826086956,115,dss
20200630,L002,-0.02121212121212121,33,dss
20200630,L003,0.02222222222222222,36,dss
20200630,L004,0.01940298507462686,67,dss
20200630,L005,-0.12,10,dss
20200630,L006,-0.04285714285714286,49,dss
20200630,L007,-0.05454545454545454,11,dss
20200630,L008,0.0364963503649635,137,dss
20200630,L009,0.034782608695652174,23,dss
20200630,L010,0.02631578947368421,19,dss
20200731,L001,0.006363636363636362,110,dss
20200731,L002,0.08857142857142858,35,dss
20200731,L003,-0.004878048780487803,41,dss
20200731,L004,0.0013333333333333326,75,dss
20200731,L005,0.04285714285714286,14,dss
20200731,L006,-0.06792452830188679,53,dss
20200731,L007,-0.009999999999999998,10,dss
20200731,L008,-0.0057971014492753615,138,dss
20200731,L009,1.261617073437678e-18,22,dss
20200731,L010,0.047058823529411764,17,dss
20200831,L001,-0.004424778761061947,113,dss
20200831,L002,0.022222222222222223,36,dss
20200831,L003,0.053846153846153835,39,dss
20200831,L004,0.027142857142857146,70,dss
20200831,L005,-0.00714285714285715,14,dss
20200831,L006,-0.036538461538461534,52,dss
20200831,L007,-0.09,10,dss
20200831,L008,0.007746478873239436,142,dss
20200831,L009,-0.04090909090909091,22,dss
20200831,L010,-0.05,22,dss
20200930,L001,-0.049557522123893805,113,dss
20200930,L002,-0.02857142857142857,35,dss
20200930,L003,0.09729729729729729,37,dss
20200930,L004,0.07428571428571429,70,dss
20200930,L005,0.016666666666666666,12,dss
20200930,L006,-0.0020000000000000018,50,dss
20200930,L007,-0.02,10,dss
20200930,L008,0.011643835616438355,146,dss
20200930,L009,-0.05909090909090908,22,dss
20200930,L010,-0.10526315789473684,19,dss
20201030,L001,-0.011111111111111112,108,dss
20201030,L002,-0.014285714285714289,35,dss
20201030,L003,-0.07428571428571429,35,dss
20201030,L004,0.04647887323943662,71,dss
20201030,L005,0.03636363636363636,11,dss
20201030,L006,0.023255813953488372,43,dss
20201030,L007,0.11666666666666665,12,dss
20201030,L008,0.008391608391608392,143,dss
20201030,L009,-0.03913043478260869,23,dss
20201030,L010,-0.06818181818181818,22,dss
20201130,L001,-0.022123893805309734,113,dss
20201130,L002,0.053125,32,dss
20201130,L003,-0.05,38,dss
20201130,L004,0.030000000000000002,60,dss
20201130,L005,-0.13846153846153847,13,dss
20201130,L006,0.01923076923076923,52,dss
20201130,L007,-0.03636363636363636,11,dss
20201130,L008,0.022058823529411766,136,dss
20201130,L009,-0.01904761904761905,21,dss
20201130,L010,0.004761904761904758,21,dss
20201231,L001,0.019130434782608695,115,dss
20201231,L002,0.011428571428571429,35,dss
20201231,L003,0.011428571428571429,35,dss
20201231,L004,0.022857142857142857,70,dss
20201231,L005,-0.049999999999999996,14,dss
20201231,L006,-0.028846153846153848,52,dss
20201231,L007,0.05,10,dss
20201231,L008,0.004895104895104895,143,dss
20201231,L009,-0.09166666666666667,24,dss
20201231,L010,-0.034782608695652174,23,dss
20210129,L001,-0.042735042735042736,117,dss
20210129,L002,-0.0058823529411764705,34,dss
20210129,L003,0.025000000000000005,36,dss
20210129,L004,0.01643835616438356,73,dss
20210129,L005,-0.06666666666666667,12,dss
20210129,L006,0.03829787234042553,47,dss
20210129,L007,0.10999999999999999,10,dss
20210129,L008,0.014482758620689656,145,dss
20210129,L009,0.004166666666666665,24,dss
20210129,L010,-0.02857142857142857,21,dss
20210226,L001,-0.016666666666666663,114,dss
20210226,L002,-0.08611111111111111,36,dss
20210226,L003,0.017948717948717947,39,dss
20210226,L004,0.04666666666666666,60,dss
20210226,L005,-0.07692307692307693,13,dss
20210226,L006,0.016,50,dss
20210226,L007,-0.030000000000000006,10,dss
20210226,L008,0.024999999999999998,148,dss
20210226,L009,-0.016666666666666666,24,dss
20210226,L010,-0.0368421052631579,19,dss
20210331,L001,-0.005405405405405404,111,dss
20210331,L002,0.028947368421052628,38,dss
20210331,L003,0.031578947368421054,38,dss
20210331,L004,0.049253731343283584,67,dss
20210331,L005,-0.041666666666666664,12,dss
20210331,L006,-0.062264150943396226,53,dss
20210331,L007,0.1111111111111111,9,dss
20210331,L008,-0.019285714285714288,140,dss
20210331,L009,0.01739130434782609,23,dss
20210331,L010,0.03529411764705882,17,dss
20210430,L001,0.018691588785046728,107,dss
20210430,L002,0.006250000000000001,32,dss
20210430,L003,0.005714285714285712,35,dss
20210430,L004,-0.021739130434782608,69,dss
20210430,L005,0.01818181818181817,11,dss
20210430,L006,-0.07333333333333333,45,dss
20210430,L007,0.09,10,dss
20210430,L008,0.01843971631205674,141,dss
20210430,L009,-0.004761904761904762,21,dss
20210430,L010,-0.03333333333333334,18,dss
20210531,L001,0.005357142857142856,112,dss
20210531,L002,-0.03513513513513513,37,dss
20210531,L003,0.053125,32,dss
20210531,L004,0.027272727272727275,66,dss
20210531,L005,-0.009090909090909092,11,dss
20210531,L006,0.03461538461538461,52,dss
20210531,L007,0.1,11,dss
20210531,L008,-0.011643835616438355,146,dss
20210531,L009,-0.08399999999999999,25,dss
20210531,L010,-0.05714285714285714,21,dss
20210630,L001,0.01680672268907563,119,dss
20210630,L002,-0.09142857142857141,35,dss
20210630,L003,0.03513513513513514,37,dss
20210630,L004,0.011111111111111108,72,dss
20210630,L005,0.007142857142857141,14,dss
20210630,L006,0.029166666666666664,48,dss
20210630,L007,-0.018181818181818177,11,dss
20210630,L008,-0.028873239436619715,142,dss
20210630,L009,0.03043478260869565,23,dss
20210630,L010,0.09,20,dss
20210730,L001,0.002678571428571428,112,dss
20210730,L002,0.05714285714285714,35,dss
20210730,L003,-0.029729729729729724,37,dss
20210730,L004,-0.032432432432432434,74,dss
20210730,L005,0.038461538461538464,13,dss
20210730,L006,0.015999999999999997,50,dss
20210730,L007,-0.044444444444444446,9,dss
20210730,L008,0.003571428571428572,140,dss
20210730,L009,-0.02272727272727272,22,dss
20210730,L010,0.04285714285714285,21,dss
20210831,L001,0.00983606557377049,122,dss
20210831,L002,-0.05454545454545454,33,dss
20210831,L003,0.018421052631578946,38,dss
20210831,L004,0.03424657534246575,73,dss
20210831,L005,-0.09999999999999999,12,dss
20210831,L006,-0.020754716981132074,53,dss
20210831,L007,-0.020000000000000004,10,dss
20210831,L008,0.005405405405405407,148,dss
20210831,L009,0.027272727272727268,22,dss
20210831,L010,-0.045,20,dss
20210930,L001,0.039473684210526314,114,dss
20210930,L002,0.025714285714285714,35,dss
20210930,L003,0.046153846153846156,39,dss
20210930,L004,-0.02222222222222222,63,dss
20210930,L005,-0.036363636363636355,11,dss
20210930,L006,-0.01702127659574468,47,dss
20210930,L007,0.020000000000000004,10,dss
20210930,L008,-0.018571428571428572,140,dss
20210930,L009,-0.004347826086956521,23,dss
20210930,L010,-0.07894736842105263,19,dss
20211029,L001,-0.025,108,dss
20211029,L002,-0.048648648648648644,37,dss
20211029,L003,0.027777777777777776,36,dss
20211029,L004,0.03150684931506849,73,dss
20211029,L005,-0.06153846153846154,13,dss
20211029,L006,0.015217391304347827,46,dss
20211029,L007,0.1111111111111111,9,dss
20211029,L008,0.021167883211678833,137,dss
20211029,L009,-0.017391304347826087,23,dss
20211029,L010,-0.06956521739130435,23,dss
20211130,L001,0.005263157894736843,114,dss
20211130,L002,0.010526315789473684,38,dss
20211130,L003,-0.03142857142857143,35,dss
20211130,L004,-0.016417910447761197,67,dss
20211130,L005,-0.14285714285714285,7,dss
20211130,L006,-0.055999999999999994,50,dss
20211130,L007,-0.03333333333333333,12,dss
20211130,L008,0.024475524475524476,143,dss
20211130,L009,0.08181818181818182,22,dss
20211130,L010,0.02727272727272727,22,dss
20211231,L001,-0.00648148148148148,108,dss
20211231,L002,0.05517241379310344,29,dss
20211231,L003,-0.007894736842105263,38,dss
20211231,L004,-0.02,70,dss
20211231,L005,0.018181818181818177,11,dss
20211231,L006,0.03,50,dss
20211231,L007,0.11000000000000001,10,dss
20211231,L008,-0.017687074829931974,147,dss
20211231,L009,0.034782608695652174,23,dss
20211231,L010,0.01904761904761905,21,dss
20220131,L001,-0.04905660377358491,106,dss
20220131,L002,0.04285714285714286,35,dss
20220131,L003,-0.02222222222222222,36,dss
20220131,L004,0.025352112676056335,71,dss
20220131,L005,-0.07692307692307693,13,dss
20220131,L006,0.03829787234042553,47,dss
20220131,L007,0.049999999999999996,10,dss
20220131,L008,0.011111111111111108,144,dss
20220131,L009,0.03333333333333333,24,dss
20220131,L010,-0.019047619047619042,21,dss
20220228,L001,0.030841121495327105,107,dss
20220228,L002,-7.709882115452476e-19,36,dss
20220228,L003,-0.04242424242424242,33,dss
20220228,L004,-0.0013888888888888885,72,dss
20220228,L005,-0.02307692307692308,13,dss
20220228,L006,0.00212765957446809,47,dss
20220228,L007,0.0,10,dss
20220228,L008,0.009154929577464789,142,dss
20220228,L009,-0.04090909090909091,22,dss
20220228,L010,-0.06818181818181819,22,dss
20220331,L001,0.03302752293577981,109,dss
20220331,L002,-0.027777777777777776,36,dss
20220331,L003,0.03714285714285714,35,dss
20220331,L004,-0.014492753623188403,69,dss
20220331,L005,0.011111111111111112,9,dss
20220331,L006,-0.009615384615384614,52,dss
20220331,L007,0.1111111111111111,9,dss
20220331,L008,-0.02056737588652482,141,dss
20220331,L009,0.0,24,dss
20220331,L010,-0.004166666666666662,24,dss
20220429,L001,-0.003703703703703705,108,dss
20220429,L002,2.3790493384824783e-18,35,dss
20220429,L003,-0.015384615384615382,39,dss
20220429,L004,-0.006060606060606064,66,dss
20220429,L005,-0.06153846153846154,13,dss
20220429,L006,0.002083333333333335,48,dss
20220429,L007,0.07272727272727274,11,dss
20220429,L008,-0.009655172413793102,145,dss
20220429,L009,0.14736842105263157,19,dss
20220429,L010,0.018181818181818188,22,dss
20220531,L001,0.022608695652173914,115,dss
20220531,L002,0.02368421052631579,38,dss
20220531,L003,-0.01891891891891892,37,dss
20220531,L004,-0.0028571428571428576,70,dss
20220531,L005,-0.08333333333333333,12,dss
20220531,L006,-0.05555555555555555,54,dss
20220531,L007,0.0,8,dss
20220531,L008,0.011724137931034485,145,dss
20220531,L009,0.007999999999999998,25,dss
20220531,L010,0.004761904761904762,21,dss
20220630,L001,0.01619047619047619,105,dss
20220630,L002,0.09473684210526316,38,dss
20220630,L003,-0.10500000000000001,40,dss
20220630,L004,0.03846153846153846,65,dss
20220630,L005,0.04,10,dss
20220630,L006,0.008333333333333331,48,dss
20220630,L007,-0.041666666666666664,12,dss
20220630,L008,-0.022142857142857145,140,dss
20220630,L009,-0.02857142857142857,21,dss
20220630,L010,0.018181818181818177,22,dss
20220729,L001,0.022413793103448276,116,dss
20220729,L002,-0.043243243243243246,37,dss
20220729,L003,-0.06176470588235293,34,dss
20220729,L004,3.854941057726238e-18,72,dss
20220729,L005,0.02727272727272728,11,dss
20220729,L006,0.06041666666666667,48,dss
20220729,L007,0.05,10,dss
20220729,L008,0.0013793103448275859,145,dss
20220729,L009,-0.08,25,dss
20220729,L010,-0.014999999999999996,20,dss
20220831,L001,0.01574074074074074,108,dss
20220831,L002,-0.03142857142857143,35,dss
20220831,L003,-0.010526315789473686,38,dss
20220831,L004,0.0041666666666666675,72,dss
20220831,L005,-0.0076923076923076945,13,dss
20220831,L006,0.036000000000000004,50,dss
20220831,L007,-0.04,10,dss
20220831,L008,-0.004285714285714284,140,dss
20220831,L009,-0.07600000000000001,25,dss
20220831,L010,0.06315789473684211,19,dss
20220930,L001,-0.009999999999999995,110,dss
20220930,L002,0.027500000000000004,40,dss
20220930,L003,0.012499999999999999,40,dss
20220930,L004,0.03698630136986301,73,dss
20220930,L005,0.041666666666666664,12,dss
20220930,L006,-0.04680851063829788,47,dss
20220930,L007,-0.018181818181818177,11,dss
20220930,L008,-0.004347826086956521,138,dss
20220930,L009,-0.05652173913043478,23,dss
20220930,L010,0.049999999999999996,22,dss
20221031,L001,0.004464285714285715,112,dss
20221031,L002,0.003125000000000001,32,dss
20221031,L003,-0.05526315789473685,38,dss
20221031,L004,-0.0070422535211267625,71,dss
20221031,L005,-0.06999999999999999,10,dss
20221031,L006,0.012499999999999999,48,dss
20221031,L007,-0.05555555555555555,9,dss
20221031,L008,0.029054054054054052,148,dss
20221031,L009,-0.0391304347826087,23,dss
20221031,L010,-0.01578947368421053,19,dss
20221130,L001,0.008771929824561401,114,dss
20221130,L002,-0.03513513513513514,37,dss
20221130,L003,0.03513513513513513,37,dss
20221130,L004,0.03835616438356164,73,dss
20221130,L005,-0.038461538461538464,13,dss
20221130,L006,0.038297872340425525,47,dss
20221130,L007,-0.045454545454545456,11,dss
20221130,L008,-0.027659574468085105,141,dss
20221130,L009,0.016,25,dss
20221130,L010,-0.029411764705882353,17,dss
20221230,L001,0.002727272727272729,110,dss
20221230,L002,-0.030303030303030304,33,dss
20221230,L003,0.07027027027027026,37,dss
20221230,L004,0.018055555555555557,72,dss
20221230,L005,0.05454545454545454,11,dss
20221230,L006,0.0074074074074074086,54,dss
20221230,L007,-0.06000000000000001,10,dss
20221230,L008,-0.015277777777777779,144,dss
20221230,L009,-0.08750000000000001,24,dss
20221230,L010,0.05217391304347827,23,dss
20230131,L001,0.008333333333333335,108,dss
20230131,L002,-0.07714285714285715,35,dss
20230131,L003,0.0325,40,dss
20230131,L004,0.02465753424657534,73,dss
20230131,L005,0.05000000000000001,12,dss
20230131,L006,-0.049999999999999996,52,dss
20230131,L007,-0.025,8,dss
20230131,L008,0.014893617021276596,141,dss
20230131,L009,-2.64338815386942e-18,21,dss
20230131,L010,-0.028571428571428564,21,dss
20230228,L001,0.004504504504504506,111,dss
20230228,L002,-0.037142857142857144,35,dss
20230228,L003,-0.021621621621621623,37,dss
20230228,L004,0.0029411764705882327,68,dss
20230228,L005,0.08888888888888888,9,dss
20230228,L006,-0.031914893617021274,47,dss
20230228,L007,0.18181818181818182,11,dss
20230228,L008,0.0045454545454545435,132,dss
20230228,L009,-0.01,20,dss
20230228,L010,0.009090909090909096,22,dss
20230331,L001,-0.007272727272727273,110,dss
20230331,L002,-0.008108108108108107,37,dss
20230331,L003,0.022500000000000003,40,dss
20230331,L004,0.032857142857142856,70,dss
20230331,L005,-0.023076923076923075,13,dss
20230331,L006,-0.041176470588235294,51,dss
20230331,L007,0.07272727272727272,11,dss
20230331,L008,0.00958904109589041,146,dss
20230331,L009,-0.008333333333333335,24,dss
20230331,L010,-0.057894736842105256,19,dss
20230428,L001,0.02758620689655172,116,dss
20230428,L002,-0.005555555555555555,36,dss
20230428,L003,0.03684210526315789,38,dss
20230428,L004,-0.01428571428571428,63,dss
20230428,L005,0.09090909090909091,11,dss
20230428,L006,-0.008510638297872344,47,dss
20230428,L007,-0.05,10,dss
20230428,L008,-0.007194244604316547,139,dss
20230428,L009,-0.008695652173913044,23,dss
20230428,L010,-0.09047619047619047,21,dss
20230531,L001,0.01909090909090909,110,dss
20230531,L002,0.011111111111111108,36,dss
20230531,L003,-0.07222222222222223,36,dss
20230531,L004,0.007692307692307693,65,dss
20230531,L005,0.02727272727272728,11,dss
20230531,L006,0.005882352941176472,51,dss
20230531,L007,0.07272727272727274,11,dss
20230531,L008,0.0027777777777777766,144,dss
20230531,L009,-0.05,26,dss
20230531,L010,-0.018181818181818188,22,dss
20230630,L001,-0.014678899082568805,109,dss
20230630,L002,0.008571428571428567,35,dss
20230630,L003,-0.04722222222222222,36,dss
20230630,L004,0.021538461538461538,65,dss
20230630,L005,0.05454545454545454,11,dss
20230630,L006,0.044000000000000004,50,dss
20230630,L007,0.09090909090909091,11,dss
20230630,L008,-0.029370629370629366,143,dss
20230630,L009,0.05,22,dss
20230630,L010,0.06521739130434782,23,dss
20230731,L001,-0.030188679245283016,106,dss
20230731,L002,0.07837837837837838,37,dss
20230731,L003,-0.05128205128205128,39,dss
20230731,L004,-0.014999999999999998,60,dss
20230731,L005,-0.028571428571428574,14,dss
20230731,L006,0.01764705882352941,51,dss
20230731,L007,-0.07500000000000001,8,dss
20230731,L008,0.013970588235294117,136,dss
20230731,L009,0.008000000000000002,25,dss
20230731,L010,0.08571428571428572,21,dss
20230831,L001,0.011214953271028035,107,dss
20230831,L002,0.021875,32,dss
20230831,L003,-0.008108108108108109,37,dss
20230831,L004,4.7043348501065955e-19,59,dss
20230831,L005,0.030769230769230764,13,dss
20230831,L006,-0.006818181818181817,44,dss
20230831,L007,0.11000000000000001,10,dss
20230831,L008,-0.012592592592592593,135,dss
20230831,L009,0.007692307692307699,26,dss
20230831,L010,-0.034999999999999996,20,dss
20230929,L001,0.022881355932203386,118,dss
20230929,L002,-0.055882352941176466,34,dss
20230929,L003,-0.036585365853658534,41,dss
20230929,L004,0.014062499999999999,64,dss
20230929,L005,-0.06666666666666667,12,dss
20230929,L006,-0.04807692307692308,52,dss
20230929,L007,-0.025,8,dss
20230929,L008,0.02014388489208633,139,dss
20230929,L009,-0.047619047619047616,21,dss
20230929,L010,0.10499999999999998,20,dss
20231031,L001,-0.002777777777777776,108,dss
20231031,L002,0.04594594594594594,37,dss
20231031,L003,0.06666666666666667,39,dss
20231031,L004,-0.0417910447761194,67,dss
20231031,L005,0.05,10,dss
20231031,L006,-0.016981132075471694,53,dss
20231031,L007,-0.024999999999999998,12,dss
20231031,L008,-0.0027777777777777783,144,dss
20231031,L009,0.013043478260869563,23,dss
20231031,L010,0.005263157894736842,19,dss
20231130,L001,-0.000847457627118643,118,dss
20231130,L002,0.041025641025641026,39,dss
20231130,L003,0.025,40,dss
20231130,L004,-0.018055555555555554,72,dss
20231130,L005,-0.016666666666666666,12,dss
20231130,L006,-0.016981132075471698,53,dss
20231130,L007,0.06666666666666667,9,dss
20231130,L008,-0.005555555555555556,144,dss
20231130,L009,-0.004347826086956521,23,dss
20231130,L010,0.034782608695652174,23,dss
20231229,L001,-0.009615384615384616,104,dss
20231229,L002,-0.032499999999999994,40,dss
20231229,L003,0.011428571428571429,35,dss
20231229,L004,0.02142857142857143,70,dss
20231229,L005,0.22999999999999998,10,dss
20231229,L006,-0.006666666666666666,45,dss
20231229,L007,-0.009090909090909092,11,dss
20231229,L008,-0.01679389312977099,131,dss
20231229,L009,0.023809523809523808,21,dss
20231229,L010,0.039999999999999994,20,dss
20240131,L001,0.0019047619047619056,105,dss
20240131,L002,0.023529411764705882,34,dss
20240131,L003,0.06666666666666667,36,dss
20240131,L004,-0.04477611940298507,67,dss
20240131,L005,-0.05454545454545454,11,dss
20240131,L006,-0.012,50,dss
20240131,L007,0.07500000000000001,8,dss
20240131,L008,0.007482993197278908,147,dss
20240131,L009,-0.011999999999999997,25,dss
20240131,L010,-0.004347826086956527,23,dss
20240229,L001,0.015789473684210523,114,dss
20240229,L002,-0.0027777777777777796,36,dss
20240229,L003,-0.06285714285714285,35,dss
20240229,L004,0.021333333333333336,75,dss
20240229,L005,-0.09166666666666666,12,dss
20240229,L006,-0.010204081632653057,49,dss
20240229,L007,0.0,10,dss
20240229,L008,-0.011594202898550725,138,dss
20240229,L009,0.016666666666666673,24,dss
20240229,L010,0.12941176470588234,17,dss
20240329,L001,-0.014159292035398232,113,dss
20240329,L002,0.048484848484848485,33,dss
20240329,L003,-0.028947368421052635,38,dss
20240329,L004,0.004687500000000001,64,dss
20240329,L005,0.13636363636363635,11,dss
20240329,L006,-0.026666666666666665,45,dss
20240329,L007,2.3129646346357427e-18,12,dss
20240329,L008,-0.0028776978417266183,139,dss
20240329,L009,0.09583333333333333,24,dss
20240329,L010,-0.03636363636363637,22,dss
20240430,L001,-0.024786324786324785,117,dss
20240430,L002,0.049999999999999996,34,dss
20240430,L003,-0.017142857142857144,35,dss
20240430,L004,0.0029850746268656725,67,dss
20240430,L005,-0.016666666666666666,12,dss
20240430,L006,0.02307692307692308,52,dss
20240430,L007,-0.06666666666666667,9,dss
20240430,L008,0.017037037037037035,135,dss
20240430,L009,-0.025,20,dss
20240430,L010,0.0,24,dss
20240531,L001,0.007272727272727272,110,dss
20240531,L002,0.05806451612903226,31,dss
20240531,L003,0.005128205128205127,39,dss
20240531,L004,0.02361111111111111,72,dss
20240531,L005,0.03636363636363636,11,dss
20240531,L006,-0.024,50,dss
20240531,L007,-0.016666666666666673,12,dss
20240531,L008,-0.017142857142857144,140,dss
20240531,L009,-0.06363636363636363,22,dss
20240531,L010,0.042105263157894736,19,dss
20240628,L001,-0.01588785046728972,107,dss
20240628,L002,0.024999999999999994,36,dss
20240628,L003,0.04722222222222222,36,dss
20240628,L004,-0.03333333333333333,66,dss
20240628,L005,0.07692307692307693,13,dss
20240628,L006,-0.006000000000000001,50,dss
20240628,L007,-0.08888888888888889,9,dss
20240628,L008,0.017391304347826087,138,dss
20240628,L009,-0.06190476190476189,21,dss
20240628,L010,0.03913043478260869,23,dss
20240731,L001,0.012727272727272728,110,dss
20240731,L002,-0.005263157894736845,38,dss
20240731,L003,0.038461538461538464,39,dss
20240731,L004,0.023943661971830985,71,dss
20240731,L005,-0.15384615384615385,13,dss
20240731,L006,-0.05094339622641509,53,dss
20240731,L007,-0.03749999999999999,8,dss
20240731,L008,0.00921985815602837,141,dss
20240731,L009,-3.3306690738754695e-18,25,dss
20240731,L010,-0.009090909090909089,22,dss
20240830,L001,-0.00526315789473684,114,dss
20240830,L002,-0.005263157894736847,38,dss
20240830,L003,0.005405405405405407,37,dss
20240830,L004,-0.004225352112676055,71,dss
20240830,L005,0.13636363636363635,11,dss
20240830,L006,0.038297872340425525,47,dss
20240830,L007,0.011111111111111112,9,dss
20240830,L008,-0.019424460431654675,139,dss
20240830,L009,-1.261617073437678e-18,22,dss
20240830,L010,0.031818181818181815,22,dss
20240930,L001,-0.005357142857142855,112,dss
20240930,L002,0.02058823529411765,34,dss
20240930,L003,-0.011111111111111108,36,dss
20240930,L004,-0.008333333333333331,72,dss
20240930,L005,-0.011111111111111112,9,dss
20240930,L006,0.027083333333333334,48,dss
20240930,L007,-0.05454545454545454,11,dss
20240930,L008,-0.006617647058823529,136,dss
20240930,L009,-0.013043478260869568,23,dss
20240930,L010,0.09545454545454546,22,dss
20241031,L001,-0.020183486238532108,109,dss
20241031,L002,-0.03333333333333333,36,dss
20241031,L003,0.031578947368421054,38,dss
20241031,L004,0.006944444444444444,72,dss
20241031,L005,-0.016666666666666666,12,dss
20241031,L006,0.005882352941176471,51,dss
20241031,L007,0.025,8,dss
20241031,L008,-0.0007042253521126756,142,dss
20241031,L009,0.09166666666666666,24,dss
20241031,L010,-0.0125,16,dss
20241129,L001,-0.01875,112,dss
20241129,L002,0.05999999999999999,35,dss
20241129,L003,0.0368421052631579,38,dss
20241129,L004,-0.01267605633802817,71,dss
20241129,L005,0.03333333333333333,12,dss
20241129,L006,0.03695652173913044,46,dss
20241129,L007,-0.06999999999999999,10,dss
20241129,L008,-0.019858156028368792,141,dss
20241129,L009,0.008000000000000002,25,dss
20241129,L010,0.06842105263157895,19,dss
20241231,L001,0.008928571428571428,112,dss
20241231,L002,-0.005555555555555555,36,dss
20241231,L003,-0.0675,40,dss
20241231,L004,0.007462686567164177,67,dss
20241231,L005,-0.09999999999999999,11,dss
20241231,L006,-6.033820786006285e-19,46,dss
20241231,L007,0.12222222222222223,9,dss
20241231,L008,0.011428571428571427,140,dss
20241231,L009,-0.05,20,dss
20241231,L010,0.06999999999999999,20,dss
20250131,L001,-0.007894736842105262,114,dss
20250131,L002,-0.031578947368421054,38,dss
20250131,L003,0.017948717948717947,39,dss
20250131,L004,-0.008108108108108107,74,dss
20250131,L005,-0.05833333333333333,12,dss
20250131,L006,-0.04313725490196078,51,dss
20250131,L007,-0.02727272727272728,11,dss
20250131,L008,0.03071428571428571,140,dss
20250131,L009,0.007999999999999998,25,dss
20250131,L010,0.06190476190476189,21,dss
20250228,L001,0.03669724770642202,109,dss
20250228,L002,-0.04642857142857143,28,dss
20250228,L003,-0.04054054054054054,37,dss
20250228,L004,-0.004615384615384612,65,dss
20250228,L005,-0.049999999999999996,14,dss
20250228,L006,-0.0023809523809523786,42,dss
20250228,L007,0.016666666666666663,12,dss
20250228,L008,-0.012500000000000002,144,dss
20250228,L009,0.09545454545454546,22,dss
20250228,L010,-0.004347826086956522,23,dss
20250331,L001,0.0018691588785046725,107,dss
20250331,L002,0.0058823529411764705,34,dss
20250331,L003,0.0027777777777777757,36,dss
20250331,L004,0.03333333333333333,69,dss
20250331,L005,0.03636363636363636,11,dss
20250331,L006,0.014893617021276595,47,dss
20250331,L007,-5.046468293750712e-18,11,dss
20250331,L008,-0.02,145,dss
20250331,L009,0.034999999999999996,20,dss
20250331,L010,-0.05789473684210527,19,dss
20250430,L001,0.017272727272727273,110,dss
20250430,L002,-0.02972972972972973,37,dss
20250430,L003,-0.05789473684210527,38,dss
20250430,L004,-0.004285714285714284,70,dss
20250430,L005,-0.016666666666666666,12,dss
20250430,L006,-0.02857142857142857,49,dss
20250430,L007,0.14166666666666666,12,dss
20250430,L008,0.0296551724137931,145,dss
20250430,L009,-0.028571428571428574,21,dss
20250430,L010,-0.08888888888888889,18,dss
20250530,L001,0.01875,112,dss
20250530,L002,0.042105263157894736,38,dss
20250530,L003,-0.04594594594594594,37,dss
20250530,L004,0.008823529411764707,68,dss
20250530,L005,-0.05714285714285715,14,dss
20250530,L006,0.034782608695652174,46,dss
20250530,L007,0.044444444444444446,9,dss
20250530,L008,-0.016901408450704227,142,dss
20250530,L009,-0.02608695652173913,23,dss
20250530,L010,-0.009090909090909092,22,dss
20250630,L001,0.0017543859649122777,114,dss
20250630,L002,0.010256410256410255,39,dss
20250630,L003,-0.020512820512820513,39,dss
20250630,L004,0.05652173913043478,69,dss
20250630,L005,0.0076923076923076945,13,dss
20250630,L006,0.0163265306122449,49,dss
20250630,L007,-0.09166666666666667,12,dss
20250630,L008,-0.0070312499999999984,128,dss
20250630,L009,-0.06666666666666668,21,dss
20250630,L010,-0.028571428571428574,21,dss
20250731,L001,-0.009649122807017544,114,dss
20250731,L002,-0.007894736842105262,38,dss
20250731,L003,0.07368421052631578,38,dss
20250731,L004,0.0463768115942029,69,dss
20250731,L005,0.09999999999999999,10,dss
20250731,L006,0.004081632653061227,49,dss
20250731,L007,-0.02727272727272728,11,dss
20250731,L008,-0.0417910447761194,134,dss
20250731,L009,0.02692307692307692,26,dss
20250731,L010,0.0,20,dss
20250829,L001,0.021367521367521368,117,dss
20250829,L002,0.017142857142857144,35,dss
20250829,L003,0.07435897435897436,39,dss
20250829,L004,-0.014285714285714282,70,dss
20250829,L005,-0.030769230769230764,13,dss
20250829,L006,-0.004000000000000001,50,dss
20250829,L007,0.041666666666666664,12,dss
20250829,L008,-0.02885906040268456,149,dss
20250829,L009,0.018181818181818184,22,dss
20250829,L010,-0.02631578947368421,19,dss
20250930,L001,0.0027272727272727266,110,dss
20250930,L002,0.0028571428571428567,35,dss
20250930,L003,0.05263157894736842,38,dss
20250930,L004,-0.03333333333333333,69,dss
20250930,L005,0.05454545454545454,11,dss
20250930,L006,-0.007547169811320757,53,dss
20250930,L007,0.075,12,dss
20250930,L008,-0.005633802816901407,142,dss
20250930,L009,0.019047619047619046,21,dss
20250930,L010,-0.014285714285714287,21,dss
20251031,L001,0.01607142857142857,112,dss
20251031,L002,-0.02571428571428571,35,dss
20251031,L003,-0.012499999999999997,40,dss
20251031,L004,0.001428571428571431,70,dss
20251031,L005,-0.02307692307692308,13,dss
20251031,L006,-0.01,50,dss
20251031,L007,0.0,12,dss
20251031,L008,0.010810810810810811,148,dss
20251031,L009,-0.004761904761904761,21,dss
20251031,L010,-0.03,20,dss
20251128,L001,0.03982300884955752,113,dss
20251128,L002,-0.006451612903225808,31,dss
20251128,L003,-0.027777777777777776,36,dss
20251128,L004,-0.029032258064516127,62,dss
20251128,L005,-0.11818181818181818,11,dss
20251128,L006,-0.010204081632653059,49,dss
20251128,L007,-0.045454545454545456,11,dss
20251128,L008,0.018620689655172412,145,dss
20251128,L009,-0.049999999999999996,24,dss
20251128,L010,-0.004347826086956522,23,dss
20251231,L001,-0.007894736842105265,114,dss
20251231,L002,0.005714285714285714,35,dss
20251231,L003,0.024324324324324322,37,dss
20251231,L004,-0.008450704225352112,71,dss
20251231,L005,0.045454545454545456,11,dss
20251231,L006,-0.019999999999999997,45,dss
20251231,L007,0.05833333333333333,12,dss
20251231,L008,0.014184397163120567,141,dss
20251231,L009,-0.024999999999999994,20,dss
20251231,L010,-0.0380952380952381,21,dss
20260130,L001,-0.0077586206896551714,116,dss
20260130,L002,0.011764705882352941,34,dss
20260130,L003,-0.031578947368421054,38,dss
20260130,L004,0.011267605633802816,71,dss
20260130,L005,-0.075,12,dss
20260130,L006,0.021153846153846155,52,dss
20260130,L007,-0.05454545454545454,11,dss
20260130,L008,0.03591549295774648,142,dss
20260130,L009,-0.06315789473684211,19,dss
20260130,L010,-0.1,20,dss
20260227,L001,-0.013888888888888892,108,dss
20260227,L002,0.06969696969696969,33,dss
20260227,L003,0.0025641025641025637,39,dss
20260227,L004,-0.029850746268656716,67,dss
20260227,L005,-0.10833333333333332,12,dss
20260227,L006,0.03137254901960784,51,dss
20260227,L007,-0.07272727272727274,11,dss
20260227,L008,0.003973509933774834,151,dss
20260227,L009,0.06538461538461539,26,dss
20260227,L010,-0.009090909090909089,22,dss
20260331,L001,-0.030434782608695653,115,dss
20260331,L002,0.025,32,dss
20260331,L003,-0.011627906976744186,43,dss
20260331,L004,-0.014925373134328356,67,dss
20260331,L005,0.10833333333333332,12,dss
20260331,L006,0.045454545454545456,44,dss
20260331,L007,-0.08333333333333333,12,dss
20260331,L008,0.0020833333333333346,144,dss
20260331,L009,0.07272727272727272,22,dss
20260331,L010,0.02631578947368421,19,dss
20260430,L001,0.013333333333333332,105,dss
20260430,L002,0.002857142857142862,35,dss
20260430,L003,-0.042105263157894736,38,dss
20260430,L004,-0.01081081081081081,74,dss
20260430,L005,0.06153846153846154,13,dss
20260430,L006,0.04313725490196079,51,dss
20260430,L007,-0.2,8,dss
20260430,L008,-0.012318840579710146,138,dss
20260430,L009,-0.01904761904761905,21,dss
20260430,L010,0.1,22,dss
20260529,L001,-0.004424778761061948,113,dss
20260529,L002,0.029032258064516127,31,dss
20260529,L003,-0.02368421052631579,38,dss
20260529,L004,0.0027777777777777788,72,dss
20260529,L005,-0.10769230769230768,13,dss
20260529,L006,0.038297872340425525,47,dss
20260529,L007,-0.05454545454545454,11,dss
20260529,L008,0.007142857142857141,140,dss
20260529,L009,0.0,19,dss
20260529,L010,0.0058823529411764705,17,dss
20260630,L001,-0.03873873873873874,111,dss
20260630,L002,8.953411488912552e-19,31,dss
20260630,L003,-0.01428571428571428,42,dss
20260630,L004,0.01791044776119403,67,dss
20260630,L005,-0.021428571428571425,14,dss
20260630,L006,0.012499999999999999,48,dss
20260630,L007,0.12727272727272726,11,dss
20260630,L008,0.02083333333333333,144,dss
20260630,L009,-0.004761904761904761,21,dss
20260630,L010,-0.02352941176470588,17,dss
20260731,L001,-0.016666666666666666,114,dss
20260731,L002,0.039473684210526314,38,dss
20260731,L003,0.010810810810810811,37,dss
20260731,L004,-0.0013698630136986295,73,dss
20260731,L005,-0.075,12,dss
20260731,L006,0.007547169811320753,53,dss
20260731,L007,0.016666666666666666,12,dss
20260731,L008,0.01702127659574468,141,dss
20260731,L009,-0.05416666666666667,24,dss
20260731,L010,-0.004761904761904762,21,dss
