signal,returns,horizon,category,mean_ic,t_stat,n_periods,avg_n_assets
ai,specific,1,L001,0.07771615014037887,6.848408434554006,88.0,111.25
ai,specific,1,L002,0.08558583228091758,5.004401522739167,88.0,35.27272727272727
ai,specific,1,L003,0.08628751192034763,4.896714111589354,88.0,37.53409090909091
ai,specific,1,L004,0.061335392395907816,5.295940337201089,88.0,68.8409090909091
ai,specific,1,L005,0.06607048254775527,2.198764975350217,88.0,11.943181818181818
ai,specific,1,L006,0.10503484735928534,7.273573542898582,88.0,49.23863636363637
ai,specific,1,L007,0.0502119093028184,1.4806416943290346,88.0,10.340909090909092
ai,specific,1,L008,0.08910280576605155,8.275680288993088,88.0,141.75
ai,specific,1,L009,0.09638185529307851,4.593311937471498,88.0,22.647727272727273
ai,specific,1,L010,0.10091155143147336,4.357131880641423,88.0,20.545454545454547
dss,specific,1,L001,0.053013680956860855,5.0833858703267465,88.0,111.25
dss,specific,1,L002,0.07348548167620411,4.384667107987173,88.0,35.27272727272727
dss,specific,1,L003,0.07553758957921745,3.9780939795013053,88.0,37.53409090909091
dss,specific,1,L004,0.04578060531825286,3.9508651625231823,88.0,68.8409090909091
dss,specific,1,L005,0.07586403170788981,2.3902903356945884,88.0,11.943181818181818
dss,specific,1,L006,0.0768689346048505,4.348024541834714,88.0,49.23863636363637
dss,specific,1,L007,0.03575135393680338,0.9594163362845568,88.0,10.340909090909092
dss,specific,1,L008,0.059163089156438205,6.284873467828252,88.0,141.75
dss,specific,1,L009,0.07169029601363448,3.5789684030346955,88.0,22.647727272727273
dss,specific,1,L010,0.06417076133273354,2.814822122543209,88.0,20.545454545454547
