metric,stat,value
ic,comp_ew/total/h1/mean_ic,0.07426123696515485
ic,comp_ew/total/h1/t_stat,27.640296122949472
ic,comp_ew/total/h3/mean_ic,0.0778725208439091
ic,comp_ew/total/h3/t_stat,24.788056038127866
ic,comp_ew/total/h6/mean_ic,0.06512201138602713
ic,comp_ew/total/h6/t_stat,17.91221739346482
ic,comp_ew/total/h12/mean_ic,0.04908377283176025
ic,comp_ew/total/h12/t_stat,9.762629472932668
ic,comp_ew/specific/h1/mean_ic,0.07426123696515485
ic,comp_ew/specific/h1/t_stat,27.640296122949472
ic,comp_ew/specific/h3/mean_ic,0.07779195301535466
ic,comp_ew/specific/h3/t_stat,24.650379043817654
ic,comp_ew/specific/h6/mean_ic,0.06496210471440703
ic,comp_ew/specific/h6/t_stat,18.133116572839242
ic,comp_ew/specific/h12/mean_ic,0.048811711557711454
ic,comp_ew/specific/h12/t_stat,9.725825237878574
quantile,comp_ew/total/h1/arith_mean,0.01715990788838969
quantile,comp_ew/total/h1/geo_mean,0.017115210708689214
quantile,comp_ew/total/h1/t_stat,26.803491000270064
quantile,comp_ew/total/h3/arith_mean,0.03187467492026108
quantile,comp_ew/total/h3/geo_mean,0.03175379714655221
quantile,comp_ew/total/h3/t_stat,24.180309076595787
quantile,comp_ew/total/h6/arith_mean,0.03801302404032301
quantile,comp_ew/total/h6/geo_mean,0.03771798290912656
quantile,comp_ew/total/h6/t_stat,14.966478712010742
quantile,comp_ew/total/h12/arith_mean,0.04370425533485161
quantile,comp_ew/total/h12/geo_mean,0.04293367170304721
quantile,comp_ew/total/h12/t_stat,8.028182019270346
quantile,comp_ew/specific/h1/arith_mean,0.01715990788838969
quantile,comp_ew/specific/h1/geo_mean,0.017115210708689214
quantile,comp_ew/specific/h1/t_stat,26.803491000270068
quantile,comp_ew/specific/h3/arith_mean,0.03128885476513365
quantile,comp_ew/specific/h3/geo_mean,0.031174555050139708
quantile,comp_ew/specific/h3/t_stat,24.498910755398438
quantile,comp_ew/specific/h6/arith_mean,0.036472743943695415
quantile,comp_ew/specific/h6/geo_mean,0.036216332973779505
quantile,comp_ew/specific/h6/t_stat,16.1028037168949
quantile,comp_ew/specific/h12/arith_mean,0.03913524910620349
quantile,comp_ew/specific/h12/geo_mean,0.038532847051027753
quantile,comp_ew/specific/h12/t_stat,8.770824382069339
alpha_decay,comp_ew/total/h1/mean_ic,0.07426123696515485
alpha_decay,comp_ew/total/h1/spread_per_period,0.017159907888389614
alpha_decay,comp_ew/total/h3/mean_ic,0.0778725208439091
alpha_decay,comp_ew/total/h3/spread_per_period,0.010457194260252267
alpha_decay,comp_ew/total/h6/mean_ic,0.06512201138602713
alpha_decay,comp_ew/total/h6/spread_per_period,0.006100544956902709
alpha_decay,comp_ew/total/h12/mean_ic,0.04908377283176025
alpha_decay,comp_ew/total/h12/spread_per_period,0.003367488661475182
alpha_decay,comp_ew/specific/h1/mean_ic,0.07426123696515485
alpha_decay,comp_ew/specific/h1/spread_per_period,0.01715990788838969
alpha_decay,comp_ew/specific/h3/mean_ic,0.07779195301535466
alpha_decay,comp_ew/specific/h3/spread_per_period,0.01042961825504455
alpha_decay,comp_ew/specific/h6/mean_ic,0.06496210471440703
alpha_decay,comp_ew/specific/h6/spread_per_period,0.006078790657282569
alpha_decay,comp_ew/specific/h12/mean_ic,0.048811711557711454
alpha_decay,comp_ew/specific/h12/spread_per_period,0.003261270758850291
autocorr,comp_ew/lag1/acf,0.5826806357784028
autocorr,comp_ew/lag3/acf,0.20848321027405958
autocorr,comp_ew/lag6/acf,0.04736123134907513
autocorr,comp_ew/lag12/acf,0.006485285190746369
