date,portfolio,cumulative_return,signal,returns
20190329,Q1,0.054052867521464654,ai,total
20190430,Q1,-0.012179888098250657,ai,total
20190531,Q1,-0.07113222369430394,ai,total
20190628,Q1,-0.030229573724898984,ai,total
20190731,Q1,-0.03578960324150737,ai,total
20190830,Q1,-0.014520228215608277,ai,total
20190930,Q1,0.0316119004717732,ai,total
20191031,Q1,0.052756547631208406,ai,total
20191129,Q1,0.040064118313549946,ai,total
20191231,Q1,0.07652562596120704,ai,total
20200131,Q1,0.08868243847316726,ai,total
20200228,Q1,0.09548771904516062,ai,total
20200331,Q1,0.10037530137348893,ai,total
20200430,Q1,0.09826182740823386,ai,total
20200529,Q1,0.11545985126043123,ai,total
20200630,Q1,0.062412538475096646,ai,total
20200731,Q1,0.09723862787729298,ai,total
20200831,Q1,0.08677457856425796,ai,total
20200930,Q1,0.06192680898303493,ai,total
20201030,Q1,0.017937415011095803,ai,total
20201130,Q1,-0.03616188272909793,ai,total
20201231,Q1,-0.09715453141220476,ai,total
20210129,Q1,-0.04229906861114707,ai,total
20210226,Q1,0.00496813313480815,ai,total
20210331,Q1,-0.06390956850114704,ai,total
20210430,Q1,-0.10658469128773873,ai,total
20210531,Q1,-0.13331115235708457,ai,total
20210630,Q1,-0.11709074760016769,ai,total
20210730,Q1,-0.12316147792815024,ai,total
20210831,Q1,-0.10515789813193377,ai,total
20210930,Q1,-0.14295764432253433,ai,total
20211029,Q1,-0.20857335672158217,ai,total
20211130,Q1,-0.21055392298136066,ai,total
20211231,Q1,-0.18518894864155167,ai,total
20220131,Q1,-0.09981291029534933,ai,total
20220228,Q1,-0.15578477147237568,ai,total
20220331,Q1,-0.11518971671973655,ai,total
20220429,Q1,-0.10602538168880682,ai,total
20220531,Q1,-0.13408891853727656,ai,total
20220630,Q1,-0.11347590217471026,ai,total
20220729,Q1,-0.09241117725191339,ai,total
20220831,Q1,-0.0842589022079776,ai,total
20220930,Q1,-0.05824897530299766,ai,total
20221031,Q1,0.008065363070567155,ai,total
20221130,Q1,0.05515685504204959,ai,total
20221230,Q1,0.07266491741324743,ai,total
20230131,Q1,0.05306389757933139,ai,total
20230228,Q1,0.05515471710266873,ai,total
20230331,Q1,0.06177590821746026,ai,total
20230428,Q1,0.04738560271303438,ai,total
20230531,Q1,0.08513921158815618,ai,total
20230630,Q1,0.16691793021591095,ai,total
20230731,Q1,0.06891368952114996,ai,total
20230831,Q1,0.024628277067737736,ai,total
20230929,Q1,0.11455588467709465,ai,total
20231031,Q1,0.10970869085811108,ai,total
20231130,Q1,0.1653514545332253,ai,total
20231229,Q1,0.10451137557940271,ai,total
20240131,Q1,0.08777078394075133,ai,total
20240229,Q1,0.08382785715745067,ai,total
20240329,Q1,0.08617745818657507,ai,total
20240430,Q1,0.08013588844684327,ai,total
20240531,Q1,0.18077423066103981,ai,total
20240628,Q1,0.16353849709880786,ai,total
20240731,Q1,0.229131349076946,ai,total
20240830,Q1,0.23975337583900402,ai,total
20240930,Q1,0.35689530025981075,ai,total
20241031,Q1,0.37572085277141154,ai,total
20241129,Q1,0.2978123832967947,ai,total
20241231,Q1,0.2929107175568628,ai,total
20250131,Q1,0.30538346414414574,ai,total
20250228,Q1,0.34707287485109695,ai,total
20250331,Q1,0.352847275374623,ai,total
20250430,Q1,0.26652194902313453,ai,total
20250530,Q1,0.24963823021907117,ai,total
20250630,Q1,0.23213658138683457,ai,total
20250731,Q1,0.20264730820835664,ai,total
20250829,Q1,0.2320792719866971,ai,total
20250930,Q1,0.2680749674014009,ai,total
20251031,Q1,0.3124194748876272,ai,total
20251128,Q1,0.1739433252570104,ai,total
20251231,Q1,0.18173137991684785,ai,total
20260130,Q1,0.25754029128151723,ai,total
20260227,Q1,0.2574906107132049,ai,total
20260331,Q1,0.21380798685300606,ai,total
20260430,Q1,0.16582171333604512,ai,total
20260529,Q1,0.2272835567047351,ai,total
20260630,Q1,0.24311057921841162,ai,total
20260731,Q1,,ai,total
20190329,Q2,0.06303287998774021,ai,total
20190430,Q2,0.006488029361175318,ai,total
20190531,Q2,-0.050290693156463284,ai,total
20190628,Q2,-0.007847920506325212,ai,total
20190731,Q2,-0.012269983080677394,ai,total
20190830,Q2,0.0010285948143391455,ai,total
20190930,Q2,0.03519419115195532,ai,total
20191031,Q2,0.053164032983344045,ai,total
20191129,Q2,0.047474361131270015,ai,total
20191231,Q2,0.09101238064472539,ai,total
20200131,Q2,0.09748059084343397,ai,total
20200228,Q2,0.1094948801585589,ai,total
20200331,Q2,0.123070258014218,ai,total
20200430,Q2,0.13146353332177396,ai,total
20200529,Q2,0.1555811702019818,ai,total
20200630,Q2,0.11348799109194219,ai,total
20200731,Q2,0.16036383123648834,ai,total
20200831,Q2,0.14609104494167613,ai,total
20200930,Q2,0.1258697411822267,ai,total
20201030,Q2,0.09492622497144887,ai,total
20201130,Q2,0.04451127878322092,ai,total
20201231,Q2,0.011704083520469366,ai,total
20210129,Q2,0.0703066703803934,ai,total
20210226,Q2,0.13584847776271625,ai,total
20210331,Q2,0.08918035500231936,ai,total
20210430,Q2,0.05886215871800626,ai,total
20210531,Q2,0.03773565132502954,ai,total
20210630,Q2,0.05862966761789634,ai,total
20210730,Q2,0.07353269140338603,ai,total
20210831,Q2,0.11315800341726967,ai,total
20210930,Q2,0.06992487915363621,ai,total
20211029,Q2,0.003406956749964163,ai,total
20211130,Q2,0.0056852802848017525,ai,total
20211231,Q2,0.05026708157672877,ai,total
20220131,Q2,0.1549714987195674,ai,total
20220228,Q2,0.07394109008970928,ai,total
20220331,Q2,0.134308741711191,ai,total
20220429,Q2,0.17586994130515787,ai,total
20220531,Q2,0.12924909697707987,ai,total
20220630,Q2,0.163846338122128,ai,total
20220729,Q2,0.1852380136847911,ai,total
20220831,Q2,0.21166489582546233,ai,total
20220930,Q2,0.26104971756779505,ai,total
20221031,Q2,0.37259321776304066,ai,total
20221130,Q2,0.4434297161349148,ai,total
20221230,Q2,0.45862534038366776,ai,total
20230131,Q2,0.42320554550540934,ai,total
20230228,Q2,0.4173511384217732,ai,total
20230331,Q2,0.4432218936246082,ai,total
20230428,Q2,0.43909659064216044,ai,total
20230531,Q2,0.49399911783829986,ai,total
20230630,Q2,0.6090193591454731,ai,total
20230731,Q2,0.5240013371524479,ai,total
20230831,Q2,0.4762126369232953,ai,total
20230929,Q2,0.6015625485918601,ai,total
20231031,Q2,0.6237886328672313,ai,total
20231130,Q2,0.7083890864006885,ai,total
20231229,Q2,0.6240727164268616,ai,total
20240131,Q2,0.6367222774078032,ai,total
20240229,Q2,0.6275435633787139,ai,total
20240329,Q2,0.6349679243240853,ai,total
20240430,Q2,0.6476026482718555,ai,total
20240531,Q2,0.7894179642818648,ai,total
20240628,Q2,0.7780497376658937,ai,total
20240731,Q2,0.870088602351611,ai,total
20240830,Q2,0.9006504306764445,ai,total
20240930,Q2,1.0533617599315401,ai,total
20241031,Q2,1.0961315590908831,ai,total
20241129,Q2,0.9850261115031851,ai,total
20241231,Q2,0.9884744423950922,ai,total
20250131,Q2,1.013827062823165,ai,total
20250228,Q2,1.0535587418463477,ai,total
20250331,Q2,1.0856578814466977,ai,total
20250430,Q2,0.9262861486329907,ai,total
20250530,Q2,0.9125788460040714,ai,total
20250630,Q2,0.8716504059288424,ai,total
20250731,Q2,0.8541777968872675,ai,total
20250829,Q2,0.9156222739683968,ai,total
20250930,Q2,0.9910176272942879,ai,total
20251031,Q2,1.035750473534304,ai,total
20251128,Q2,0.8163131364690881,ai,total
20251231,Q2,0.8493218193577474,ai,total
20260130,Q2,0.9648987389076571,ai,total
20260227,Q2,0.9843690476685218,ai,total
20260331,Q2,0.9254678275711694,ai,total
20260430,Q2,0.8496447354633545,ai,total
20260529,Q2,0.9502973185373607,ai,total
20260630,Q2,1.015492557074138,ai,total
20260731,Q2,,ai,total
20190329,Q3,0.06624531180402005,ai,total
20190430,Q3,0.0009484560500410133,ai,total
20190531,Q3,-0.04938885982469898,ai,total
20190628,Q3,-0.004171560735765745,ai,total
20190731,Q3,0.00014202826151410441,ai,total
20190830,Q3,0.039267717793201484,ai,total
20190930,Q3,0.09455403686828445,ai,total
20191031,Q3,0.11612282113632699,ai,total
20191129,Q3,0.12683602539050454,ai,total
20191231,Q3,0.1718900112025714,ai,total
20200131,Q3,0.17880656403935613,ai,total
20200228,Q3,0.1926156576257687,ai,total
20200331,Q3,0.19728223126612265,ai,total
20200430,Q3,0.2035910201757518,ai,total
20200529,Q3,0.2297408963964136,ai,total
20200630,Q3,0.19465979314885828,ai,total
20200731,Q3,0.25984195148442635,ai,total
20200831,Q3,0.2543096047589599,ai,total
20200930,Q3,0.23316218531190813,ai,total
20201030,Q3,0.1908804176987402,ai,total
20201130,Q3,0.15073910345580654,ai,total
20201231,Q3,0.11022306170293072,ai,total
20210129,Q3,0.197328284865252,ai,total
20210226,Q3,0.2681720320943106,ai,total
20210331,Q3,0.2141932367438828,ai,total
20210430,Q3,0.15755856176221705,ai,total
20210531,Q3,0.12189621094922076,ai,total
20210630,Q3,0.15807653880172734,ai,total
20210730,Q3,0.16647846886266482,ai,total
20210831,Q3,0.2157213362706969,ai,total
20210930,Q3,0.1688949059668523,ai,total
20211029,Q3,0.11361156793786575,ai,total
20211130,Q3,0.11774175302601675,ai,total
20211231,Q3,0.16116405231186337,ai,total
20220131,Q3,0.2851956087903511,ai,total
20220228,Q3,0.20651791885717707,ai,total
20220331,Q3,0.29649001951869747,ai,total
20220429,Q3,0.32604248873515385,ai,total
20220531,Q3,0.2754164787403708,ai,total
20220630,Q3,0.30840585079775584,ai,total
20220729,Q3,0.34939914132542715,ai,total
20220831,Q3,0.4000150949106216,ai,total
20220930,Q3,0.4441696778338733,ai,total
20221031,Q3,0.5744204687178014,ai,total
20221130,Q3,0.6281783343302785,ai,total
20221230,Q3,0.657431240046807,ai,total
20230131,Q3,0.6129363004409689,ai,total
20230228,Q3,0.622727454006383,ai,total
20230331,Q3,0.6395938299943835,ai,total
20230428,Q3,0.6626547347438645,ai,total
20230531,Q3,0.7265181243873946,ai,total
20230630,Q3,0.8597229838187064,ai,total
20230731,Q3,0.7340522805986642,ai,total
20230831,Q3,0.6833568272914958,ai,total
20230929,Q3,0.8339395832639853,ai,total
20231031,Q3,0.8512550797884986,ai,total
20231130,Q3,0.9674469157089229,ai,total
20231229,Q3,0.9047498679034593,ai,total
20240131,Q3,0.9404994077975888,ai,total
20240229,Q3,0.9455905204522634,ai,total
20240329,Q3,0.9522035554889876,ai,total
20240430,Q3,0.9690317680947531,ai,total
20240531,Q3,1.1369689745612348,ai,total
20240628,Q3,1.1060310297068567,ai,total
20240731,Q3,1.193652203660422,ai,total
20240830,Q3,1.2454470208854347,ai,total
20240930,Q3,1.4562414946701048,ai,total
20241031,Q3,1.4931850751316071,ai,total
20241129,Q3,1.3376805830153606,ai,total
20241231,Q3,1.3475818727191533,ai,total
20250131,Q3,1.3772399258254144,ai,total
20250228,Q3,1.435606135894783,ai,total
20250331,Q3,1.4992156594534811,ai,total
20250430,Q3,1.3357843043418054,ai,total
20250530,Q3,1.3257599286169341,ai,total
20250630,Q3,1.2748414418989196,ai,total
20250731,Q3,1.26674350831248,ai,total
20250829,Q3,1.3529872560235625,ai,total
20250930,Q3,1.4587668027265157,ai,total
20251031,Q3,1.5624857890155899,ai,total
20251128,Q3,1.3159826678392812,ai,total
20251231,Q3,1.371791344089405,ai,total
20260130,Q3,1.5033756957905484,ai,total
20260227,Q3,1.5037591203070138,ai,total
20260331,Q3,1.4379747306819715,ai,total
20260430,Q3,1.364528383698202,ai,total
20260529,Q3,1.5209803930107233,ai,total
20260630,Q3,1.5962308942958918,ai,total
20260731,Q3,,ai,total
20190329,Q4,0.07219582997157215,ai,total
20190430,Q4,0.01224180141151976,ai,total
20190531,Q4,-0.0329108086755322,ai,total
20190628,Q4,0.019630886196695396,ai,total
20190731,Q4,0.023867703269831786,ai,total
20190830,Q4,0.05441981241911331,ai,total
20190930,Q4,0.10328024697541327,ai,total
20191031,Q4,0.15931987720837926,ai,total
20191129,Q4,0.1530793338684222,ai,total
20191231,Q4,0.20805772937079037,ai,total
20200131,Q4,0.2131335435100019,ai,total
20200228,Q4,0.21813437680463266,ai,total
20200331,Q4,0.2469226480393052,ai,total
20200430,Q4,0.2650322603109232,ai,total
20200529,Q4,0.29539837759711185,ai,total
20200630,Q4,0.2648312673650741,ai,total
20200731,Q4,0.3436834558144515,ai,total
20200831,Q4,0.33758122194233997,ai,total
20200930,Q4,0.31236031965034394,ai,total
20201030,Q4,0.28825754301384854,ai,total
20201130,Q4,0.2534789855249746,ai,total
20201231,Q4,0.20619226578557548,ai,total
20210129,Q4,0.2975996013089506,ai,total
20210226,Q4,0.37076015948671914,ai,total
20210331,Q4,0.32261203912587666,ai,total
20210430,Q4,0.2839573891646421,ai,total
20210531,Q4,0.2548277082158159,ai,total
20210630,Q4,0.30119588362500993,ai,total
20210730,Q4,0.3214961774727829,ai,total
20210831,Q4,0.37242918262216373,ai,total
20210930,Q4,0.32195147767520504,ai,total
20211029,Q4,0.25891791049741,ai,total
20211130,Q4,0.2549939360596145,ai,total
20211231,Q4,0.3141266995478773,ai,total
20220131,Q4,0.46625098300701673,ai,total
20220228,Q4,0.3867625033666786,ai,total
20220331,Q4,0.4702104444334305,ai,total
20220429,Q4,0.5024018760309521,ai,total
20220531,Q4,0.450640772415146,ai,total
20220630,Q4,0.5013184802961002,ai,total
20220729,Q4,0.5467394577874223,ai,total
20220831,Q4,0.5842523899306022,ai,total
20220930,Q4,0.6221570883039402,ai,total
20221031,Q4,0.7769881796167204,ai,total
20221130,Q4,0.8738685814848297,ai,total
20221230,Q4,0.9166615105828637,ai,total
20230131,Q4,0.8983355021802404,ai,total
20230228,Q4,0.9289717520490595,ai,total
20230331,Q4,0.9815448323310882,ai,total
20230428,Q4,0.9911872543216971,ai,total
20230531,Q4,1.06669390298927,ai,total
20230630,Q4,1.2593279098888615,ai,total
20230731,Q4,1.1079089738623753,ai,total
20230831,Q4,1.060676594764562,ai,total
20230929,Q4,1.2621682119640094,ai,total
20231031,Q4,1.2515304632951425,ai,total
20231130,Q4,1.370068324309642,ai,total
20231229,Q4,1.2808329115048158,ai,total
20240131,Q4,1.3121069284089302,ai,total
20240229,Q4,1.2920090320248376,ai,total
20240329,Q4,1.3570169526426534,ai,total
20240430,Q4,1.3847607206084094,ai,total
20240531,Q4,1.6037326624076593,ai,total
20240628,Q4,1.5877650363842406,ai,total
20240731,Q4,1.7184805519361634,ai,total
20240830,Q4,1.7751149814924214,ai,total
20240930,Q4,2.044800080698415,ai,total
20241031,Q4,2.1327663948063633,ai,total
20241129,Q4,1.9685560727675315,ai,total
20241231,Q4,1.9997283877336134,ai,total
20250131,Q4,2.089394038603497,ai,total
20250228,Q4,2.2046336234771764,ai,total
20250331,Q4,2.259866701119153,ai,total
20250430,Q4,2.0734515005829155,ai,total
20250530,Q4,2.0903664713742853,ai,total
20250630,Q4,2.065528319318618,ai,total
20250731,Q4,2.0277482364625787,ai,total
20250829,Q4,2.1217605028392876,ai,total
20250930,Q4,2.231406254346063,ai,total
20251031,Q4,2.3355556522408323,ai,total
20251128,Q4,2.042486449739404,ai,total
20251231,Q4,2.1371086313339545,ai,total
20260130,Q4,2.347228621206734,ai,total
20260227,Q4,2.406458532558416,ai,total
20260331,Q4,2.342656736880028,ai,total
20260430,Q4,2.228446385137085,ai,total
20260529,Q4,2.4482755899821984,ai,total
20260630,Q4,2.5425208493193816,ai,total
20260731,Q4,,ai,total
20190329,Q5,0.06795857992562881,ai,total
20190430,Q5,0.018979741267821648,ai,total
20190531,Q5,-0.014304804896514867,ai,total
20190628,Q5,0.037560820270102546,ai,total
20190731,Q5,0.03647911336582066,ai,total
20190830,Q5,0.07715561520156755,ai,total
20190930,Q5,0.14081471581633886,ai,total
20191031,Q5,0.1969027915825987,ai,total
20191129,Q5,0.20580542111908562,ai,total
20191231,Q5,0.2551446708651679,ai,total
20200131,Q5,0.2866872624585546,ai,total
20200228,Q5,0.2950816695178564,ai,total
20200331,Q5,0.31781410368277774,ai,total
20200430,Q5,0.3509161024198333,ai,total
20200529,Q5,0.36969698284463104,ai,total
20200630,Q5,0.34275553677875625,ai,total
20200731,Q5,0.4231000578061084,ai,total
20200831,Q5,0.4531477029553719,ai,total
20200930,Q5,0.450362819281525,ai,total
20201030,Q5,0.4336299151589009,ai,total
20201130,Q5,0.3755026210474821,ai,total
20201231,Q5,0.3149998198993751,ai,total
20210129,Q5,0.4269179236223257,ai,total
20210226,Q5,0.5369752263761485,ai,total
20210331,Q5,0.49039461781664406,ai,total
20210430,Q5,0.4541014170806761,ai,total
20210531,Q5,0.43158856498160936,ai,total
20210630,Q5,0.48779679937007514,ai,total
20210730,Q5,0.5272532444657951,ai,total
20210831,Q5,0.5980585318092702,ai,total
20210930,Q5,0.5742993607286968,ai,total
20211029,Q5,0.512112382934274,ai,total
20211130,Q5,0.523307200401397,ai,total
20211231,Q5,0.5884071834668505,ai,total
20220131,Q5,0.790284520253917,ai,total
20220228,Q5,0.6974169528617475,ai,total
20220331,Q5,0.8173166084844887,ai,total
20220429,Q5,0.8770667731596202,ai,total
20220531,Q5,0.8311990996289018,ai,total
20220630,Q5,0.9001248177621592,ai,total
20220729,Q5,0.9763658284221866,ai,total
20220831,Q5,1.0445852600339443,ai,total
20220930,Q5,1.1309447441111509,ai,total
20221031,Q5,1.363726125042838,ai,total
20221130,Q5,1.5039955993583667,ai,total
20221230,Q5,1.5955426005512807,ai,total
20230131,Q5,1.5624658835063072,ai,total
20230228,Q5,1.5482937794213805,ai,total
20230331,Q5,1.6584563542450472,ai,total
20230428,Q5,1.7054162491860465,ai,total
20230531,Q5,1.8687563981512212,ai,total
20230630,Q5,2.1560150504902875,ai,total
20230731,Q5,1.994777198831768,ai,total
20230831,Q5,1.930592063537174,ai,total
20230929,Q5,2.2256984842970042,ai,total
20231031,Q5,2.298766679624289,ai,total
20231130,Q5,2.4841478129206425,ai,total
20231229,Q5,2.4315776327523886,ai,total
20240131,Q5,2.494194590815443,ai,total
20240229,Q5,2.4975674292089423,ai,total
20240329,Q5,2.6106550895238048,ai,total
20240430,Q5,2.676239209540782,ai,total
20240531,Q5,3.0538214375415933,ai,total
20240628,Q5,3.0516178258405597,ai,total
20240731,Q5,3.3331287382773276,ai,total
20240830,Q5,3.437303134906175,ai,total
20240930,Q5,3.906518435919331,ai,total
20241031,Q5,4.058781480095726,ai,total
20241129,Q5,3.7946969116810703,ai,total
20241231,Q5,3.9193415037752413,ai,total
20250131,Q5,3.9446604147394293,ai,total
20250228,Q5,4.145006080241368,ai,total
20250331,Q5,4.262602166797646,ai,total
20250430,Q5,3.9165345440376047,ai,total
20250530,Q5,3.9909056368786544,ai,total
20250630,Q5,3.933680560868961,ai,total
20250731,Q5,4.014522806422182,ai,total
20250829,Q5,4.20665822213833,ai,total
20250930,Q5,4.460344574620404,ai,total
20251031,Q5,4.670557731880519,ai,total
20251128,Q5,4.183974797848734,ai,total
20251231,Q5,4.330514064623633,ai,total
20260130,Q5,4.7382556967548215,ai,total
20260227,Q5,4.884934289433422,ai,total
20260331,Q5,4.802763621780253,ai,total
20260430,Q5,4.684808257934138,ai,total
20260529,Q5,5.031856819459232,ai,total
20260630,Q5,5.230428386460065,ai,total
20260731,Q5,,ai,total
20190329,spread,0.013905712404164161,ai,total
20190430,spread,0.031115910493866306,ai,total
20190531,spread,0.05897113661335007,ai,total
20190628,spread,0.06806067323698373,ai,total
20190731,spread,0.0730707302968241,ai,total
20190830,spread,0.09151255679003323,ai,total
20190930,spread,0.10492442280198966,ai,total
20191031,spread,0.13660064235051017,ai,total
20191129,spread,0.15875802643917103,ai,total
20191231,spread,0.16554962916498894,ai,total
20200131,spread,0.18167851161078064,ai,total
20200228,spread,0.18200124397567286,ai,total
20200331,spread,0.19747522170072007,ai,total
20200430,spread,0.22985441621912162,ai,total
20200529,spread,0.22769358405849727,ai,total
20200630,spread,0.26193004457708935,ai,total
20200731,spread,0.29607201551369955,ai,total
20200831,spread,0.335797829021548,ai,total
20200930,spread,0.36377922159514875,ai,total
20201030,spread,0.40453860400700714,ai,total
20201130,spread,0.42223643568153024,ai,total
20201231,spread,0.44967855975248505,ai,total
20210129,spread,0.4849788376372539,ai,total
20210226,spread,0.5262234105275514,ai,total
20210331,spread,0.5845717324348043,ai,total
20210430,spread,0.6182237130690142,ai,total
20210531,spread,0.6415789258658222,ai,total
20210630,spread,0.6753092170970842,ai,total
20210730,spread,0.7312576353834745,ai,total
20210831,spread,0.77597397450198,ai,total
20210930,spread,0.824589989126844,ai,total
20211029,spread,0.8922079689426967,ai,total
20211130,spread,0.9109520981491239,ai,total
20211231,spread,0.9312193899526737,ai,total
20220131,spread,0.9743126781934246,ai,total
20220228,spread,0.9946578797327417,ai,total
20220331,spread,1.0396381997816637,ai,total
20220429,spread,1.085572555242066,ai,total
20220531,spread,1.1000798979313164,ai,total
20220630,spread,1.12913378945498,ai,total
20220729,spread,1.1639731945856688,ai,total
20220831,spread,1.219230833028519,ai,total
20220930,spread,1.2499338872833627,ai,total
20221031,spread,1.337282133068824,ai,total
20221130,spread,1.3667968719077241,ai,total
20221230,spread,1.4140559250115938,ai,total
20230131,spread,1.4274045378527105,ai,total
20230228,spread,1.4091598887441776,ai,total
20230331,spread,1.4981900186832924,ai,total
20230428,spread,1.5761770160376751,ai,total
20230531,spread,1.6388545519978313,ai,total
20230630,spread,1.7042218561657823,ai,total
20230731,spread,1.7931812473121145,ai,total
20230831,spread,1.8490391193210143,ai,total
20230929,spread,1.8858842794463175,ai,total
20231031,spread,1.96380572338057,ai,total
20231130,spread,1.9817525408582721,ai,total
20231229,spread,2.09243252395435,ai,total
20240131,spread,2.195731641707769,ai,total
20240229,spread,2.210400198340997,ai,total
20240329,spread,2.3072430743031282,ai,total
20240430,spread,2.385711652643053,ai,total
20240531,spread,2.418000856043835,ai,total
20240628,spread,2.466035347036918,ai,total
20240731,spread,2.511466452853768,ai,total
20240830,spread,2.565541221758473,ai,total
20240930,spread,2.605672329196617,ai,total
20241031,spread,2.667541402351852,ai,total
20241129,spread,2.6837806098398294,ai,total
20241231,spread,2.793458591372995,ai,total
20250131,spread,2.7763871947850403,ai,total
20250228,spread,2.8087925772615057,ai,total
20250331,spread,2.879520815819489,ai,total
20250430,spread,2.8719569643624454,ai,total
20250530,spread,2.982143199801923,ai,total
20250630,spread,2.9922558615487374,ai,total
20250731,spread,3.153220557545562,ai,total
20250829,spread,3.210714191778699,ai,total
20250930,spread,3.2928569927852944,ai,total
20251031,spread,3.3080030814377457,ai,total
20251128,spread,3.3928856301551207,ai,total
20251231,spread,3.4879197594756928,ai,total
20260130,spread,3.543306420497747,ai,total
20260227,spread,3.6596197704348636,ai,total
20260331,spread,3.7564235866559175,ai,total
20260430,spread,3.8477764811386104,ai,total
20260529,spread,3.888151952532019,ai,total
20260630,spread,3.9860347136294783,ai,total
20260731,spread,,ai,total
20190329,Q1,-0.010033174149005328,ai,specific
20190430,Q1,-0.010627948165016221,ai,specific
20190531,Q1,-0.025362590355890717,ai,specific
20190628,Q1,-0.03738808587471897,ai,specific
20190731,Q1,-0.04148796798127477,ai,specific
20190830,Q1,-0.04988485535040538,ai,specific
20190930,Q1,-0.05019990968002936,ai,specific
20191031,Q1,-0.05835348260184978,ai,specific
20191129,Q1,-0.06770249285121051,ai,specific
20191231,Q1,-0.07232188989501395,ai,specific
20200131,Q1,-0.07552384789325303,ai,specific
20200228,Q1,-0.07890070050054178,ai,specific
20200331,Q1,-0.08613116114939907,ai,specific
20200430,Q1,-0.09691741177807865,ai,specific
20200529,Q1,-0.10153444464412865,ai,specific
20200630,Q1,-0.11933146343799013,ai,specific
20200731,Q1,-0.1378182889796675,ai,specific
20200831,Q1,-0.14697145152248497,ai,specific
20200930,Q1,-0.14804987920792728,ai,specific
20201030,Q1,-0.160564744817618,ai,specific
20201130,Q1,-0.17795278281811897,ai,specific
20201231,Q1,-0.20184069698751034,ai,specific
20210129,Q1,-0.20950187312383697,ai,specific
20210226,Q1,-0.22255160998565837,ai,specific
20210331,Q1,-0.25023427373225393,ai,specific
20210430,Q1,-0.2603248079773968,ai,specific
20210531,Q1,-0.26685613666195734,ai,specific
20210630,Q1,-0.27907687791572205,ai,specific
20210730,Q1,-0.2956307496337838,ai,specific
20210831,Q1,-0.30625977405881727,ai,specific
20210930,Q1,-0.31561467676561983,ai,specific
20211029,Q1,-0.33512934567049224,ai,specific
20211130,Q1,-0.33165926266872386,ai,specific
20211231,Q1,-0.34248215897408457,ai,specific
20220131,Q1,-0.34374592636404405,ai,specific
20220228,Q1,-0.35105538159839716,ai,specific
20220331,Q1,-0.35672909513359236,ai,specific
20220429,Q1,-0.3785643474692271,ai,specific
20220531,Q1,-0.3771238503702904,ai,specific
20220630,Q1,-0.3849360718589366,ai,specific
20220729,Q1,-0.38543466573153984,ai,specific
20220831,Q1,-0.40073902904930314,ai,specific
20220930,Q1,-0.40451214404179403,ai,specific
20221031,Q1,-0.4227552668014523,ai,specific
20221130,Q1,-0.4228843967612078,ai,specific
20221230,Q1,-0.42391268536288645,ai,specific
20230131,Q1,-0.4259737530137519,ai,specific
20230228,Q1,-0.42674975433157947,ai,specific
20230331,Q1,-0.44315111705484694,ai,specific
20230428,Q1,-0.4602344098624581,ai,specific
20230531,Q1,-0.4670083821232678,ai,specific
20230630,Q1,-0.4695757180671322,ai,specific
20230731,Q1,-0.4913910210576172,ai,specific
20230831,Q1,-0.501940876380685,ai,specific
20230929,Q1,-0.5050164918571058,ai,specific
20231031,Q1,-0.5175686695492654,ai,specific
20231130,Q1,-0.5237818318938191,ai,specific
20231229,Q1,-0.5358294878245685,ai,specific
20240131,Q1,-0.5616741434952952,ai,specific
20240229,Q1,-0.5538151690134008,ai,specific
20240329,Q1,-0.5626320859181355,ai,specific
20240430,Q1,-0.5735710210833689,ai,specific
20240531,Q1,-0.571396405309146,ai,specific
20240628,Q1,-0.5795191513965253,ai,specific
20240731,Q1,-0.5783923792173076,ai,specific
20240830,Q1,-0.5960161710525081,ai,specific
20240930,Q1,-0.5939159625316878,ai,specific
20241031,Q1,-0.6038481174400446,ai,specific
20241129,Q1,-0.6086865823612768,ai,specific
20241231,Q1,-0.6198677826332204,ai,specific
20250131,Q1,-0.6132123630506341,ai,specific
20250228,Q1,-0.610443575727777,ai,specific
20250331,Q1,-0.6214593592480828,ai,specific
20250430,Q1,-0.6245000854403212,ai,specific
20250530,Q1,-0.6319784445484594,ai,specific
20250630,Q1,-0.630672016720971,ai,specific
20250731,Q1,-0.6454613157934992,ai,specific
20250829,Q1,-0.6503783079308944,ai,specific
20250930,Q1,-0.658928835549498,ai,specific
20251031,Q1,-0.6553290094272798,ai,specific
20251128,Q1,-0.669386521431659,ai,specific
20251231,Q1,-0.6848186509644743,ai,specific
20260130,Q1,-0.6918859636190012,ai,specific
20260227,Q1,-0.7043379859014915,ai,specific
20260331,Q1,-0.7205387873660319,ai,specific
20260430,Q1,-0.728894298071747,ai,specific
20260529,Q1,-0.7338574526744402,ai,specific
20260630,Q1,-0.7414884079997486,ai,specific
20260731,Q1,,ai,specific
20190329,Q2,0.0013665857848410845,ai,specific
20190430,Q2,0.009762965212404813,ai,specific
20190531,Q2,0.0013898980321506195,ai,specific
20190628,Q2,-0.00987326108217103,ai,specific
20190731,Q2,-0.013924284131490768,ai,specific
20190830,Q2,-0.03245402558985738,ai,specific
20190930,Q2,-0.04472971915223472,ai,specific
20191031,Q2,-0.05563998787453014,ai,specific
20191129,Q2,-0.06047466817835277,ai,specific
20191231,Q2,-0.061029791603514405,ai,specific
20200131,Q2,-0.06441796931886459,ai,specific
20200228,Q2,-0.06309651324751343,ai,specific
20200331,Q2,-0.06308247035220575,ai,specific
20200430,Q2,-0.06113870899450565,ai,specific
20200529,Q2,-0.06173599995793423,ai,specific
20200630,Q2,-0.06777357886457398,ai,specific
20200731,Q2,-0.07479446988748867,ai,specific
20200831,Q2,-0.0856418406096491,ai,specific
20200930,Q2,-0.08447210993848746,ai,specific
20201030,Q2,-0.0864716478441675,ai,specific
20201130,Q2,-0.0940804882368827,ai,specific
20201231,Q2,-0.09098538443427441,ai,specific
20210129,Q2,-0.09835509366055221,ai,specific
20210226,Q2,-0.09331360122260167,ai,specific
20210331,Q2,-0.09307188861411692,ai,specific
20210430,Q2,-0.08564891521608231,ai,specific
20210531,Q2,-0.07988482172968395,ai,specific
20210630,Q2,-0.08757914741769059,ai,specific
20210730,Q2,-0.08522371167617589,ai,specific
20210831,Q2,-0.08274933367832578,ai,specific
20210930,Q2,-0.08655604002381155,ai,specific
20211029,Q2,-0.09186436026197968,ai,specific
20211130,Q2,-0.09013638839336852,ai,specific
20211231,Q2,-0.08806865187365835,ai,specific
20220131,Q2,-0.09529185179851335,ai,specific
20220228,Q2,-0.10592360079681135,ai,specific
20220331,Q2,-0.10905139734832044,ai,specific
20220429,Q2,-0.10309202461200337,ai,specific
20220531,Q2,-0.10964449044719611,ai,specific
20220630,Q2,-0.11231270634996517,ai,specific
20220729,Q2,-0.11795755719811465,ai,specific
20220831,Q2,-0.11744783586079745,ai,specific
20220930,Q2,-0.11047027680991864,ai,specific
20221031,Q2,-0.11020160490897259,ai,specific
20221130,Q2,-0.10243748351679928,ai,specific
20221230,Q2,-0.10980637256123779,ai,specific
20230131,Q2,-0.1167678010453294,ai,specific
20230228,Q2,-0.12369058721401302,ai,specific
20230331,Q2,-0.12436342148077437,ai,specific
20230428,Q2,-0.13154990950668627,ai,specific
20230531,Q2,-0.13628132789020173,ai,specific
20230630,Q2,-0.13833437083686098,ai,specific
20230731,Q2,-0.12994319559620904,ai,specific
20230831,Q2,-0.1287366276397096,ai,specific
20230929,Q2,-0.1354927465725785,ai,specific
20231031,Q2,-0.12982980689993992,ai,specific
20231130,Q2,-0.13495612948800242,ai,specific
20231229,Q2,-0.1447726941773171,ai,specific
20240131,Q2,-0.14616618364716225,ai,specific
20240229,Q2,-0.1426848754517755,ai,specific
20240329,Q2,-0.15178924761287468,ai,specific
20240430,Q2,-0.14778568150063243,ai,specific
20240531,Q2,-0.15177641532469419,ai,specific
20240628,Q2,-0.15081093410768306,ai,specific
20240731,Q2,-0.15017155947186725,ai,specific
20240830,Q2,-0.15497451627319567,ai,specific
20240930,Q2,-0.16553275602706172,ai,specific
20241031,Q2,-0.1696548537506237,ai,specific
20241129,Q2,-0.1706834817062869,ai,specific
20241231,Q2,-0.17672509944434933,ai,specific
20250131,Q2,-0.1751198496083562,ai,specific
20250228,Q2,-0.18469647679242437,ai,specific
20250331,Q2,-0.18464767893978976,ai,specific
20250430,Q2,-0.20157765421991927,ai,specific
20250530,Q2,-0.20123730231139744,ai,specific
20250630,Q2,-0.20622835591297542,ai,specific
20250731,Q2,-0.20606455306569557,ai,specific
20250829,Q2,-0.20331601383422368,ai,specific
20250930,Q2,-0.2025774253062537,ai,specific
20251031,Q2,-0.2168166721242351,ai,specific
20251128,Q2,-0.23272996763469,ai,specific
20251231,Q2,-0.23767709333527098,ai,specific
20260130,Q2,-0.24521585771421614,ai,specific
20260227,Q2,-0.24643567091655022,ai,specific
20260331,Q2,-0.251679976992343,ai,specific
20260430,Q2,-0.2583354767462891,ai,specific
20260529,Q2,-0.2619332853483,ai,specific
20260630,Q2,-0.2530771957786813,ai,specific
20260731,Q2,,ai,specific
20190329,Q3,0.0011682050918945474,ai,specific
20190430,Q3,0.0007622016986252352,ai,specific
20190531,Q3,-0.000901005886152523,ai,specific
20190628,Q3,-0.008505442326030064,ai,specific
20190731,Q3,-0.003383084627827224,ai,specific
20190830,Q3,0.006753727677438424,ai,specific
20190930,Q3,0.014090715129545715,ai,specific
20191031,Q3,0.008693454336200498,ai,specific
20191129,Q3,0.01881390896955151,ai,specific
20191231,Q3,0.019840509062529946,ai,specific
20200131,Q3,0.013841041174860224,ai,specific
20200228,Q3,0.016006787585805263,ai,specific
20200331,Q3,0.011864151364215522,ai,specific
20200430,Q3,0.012013538957398942,ai,specific
20200529,Q3,0.01267650119609778,ai,specific
20200630,Q3,0.012877921697943091,ai,specific
20200731,Q3,0.012102549768924453,ai,specific
20200831,Q3,0.010096860960714884,ai,specific
20200930,Q3,0.016071525125553553,ai,specific
20201030,Q3,0.010437317507504679,ai,specific
20201130,Q3,0.01583262025755669,ai,specific
20201231,Q3,0.019693439151027257,ai,specific
20210129,Q3,0.029412860260029573,ai,specific
20210226,Q3,0.027827180085453793,ai,specific
20210331,Q3,0.026127704555340858,ai,specific
20210430,Q3,0.013321081176581921,ai,specific
20210531,Q3,0.006535693090873303,ai,specific
20210630,Q3,0.011398843509514114,ai,specific
20210730,Q3,0.0029548646488467365,ai,specific
20210831,Q3,0.012565109161872064,ai,specific
20210930,Q3,0.015622786890910402,ai,specific
20211029,Q3,0.021308123440910688,ai,specific
20211130,Q3,0.026142862263823848,ai,specific
20211231,Q3,0.021877833555743274,ai,specific
20220131,Q3,0.02114636199155821,ai,specific
20220228,Q3,0.017576060474876032,ai,specific
20220331,Q3,0.03362696273413,ai,specific
20220429,Q3,0.027656133619097554,ai,specific
20220531,Q3,0.022371907710517384,ai,specific
20220630,Q3,0.016244654501688282,ai,specific
20220729,Q3,0.02439782052226025,ai,specific
20220831,Q3,0.03988942371062518,ai,specific
20220930,Q3,0.03883665500602695,ai,specific
20221031,Q3,0.039002020382956845,ai,specific
20221130,Q3,0.027460901067048023,ai,specific
20221230,Q3,0.026285847733480413,ai,specific
20230131,Q3,0.01638203629454292,ai,specific
20230228,Q3,0.020326499365588606,ai,specific
20230331,Q3,0.012685593447302392,ai,specific
20230428,Q3,0.023535024228811294,ai,specific
20230531,Q3,0.017649940839068352,ai,specific
20230630,Q3,0.014965772994878853,ai,specific
20230731,Q3,0.007988432290507889,ai,specific
20230831,Q3,0.010488070995890598,ai,specific
20230929,Q3,0.00754153792465184,ai,specific
20231031,Q3,0.007596964178330137,ai,specific
20231130,Q3,0.015328468881774046,ai,specific
20231229,Q3,0.02341213937565588,ai,specific
20240131,Q3,0.03143005720900397,ai,specific
20240229,Q3,0.044157109546242204,ai,specific
20240329,Q3,0.039244818671916364,ai,specific
20240430,Q3,0.044079813591758506,ai,specific
20240531,Q3,0.042596411967673775,ai,specific
20240628,Q3,0.037453500871176215,ai,specific
20240731,Q3,0.028031207131137294,ai,specific
20240830,Q3,0.02681128680948791,ai,specific
20240930,Q3,0.02770543167370417,ai,specific
20241031,Q3,0.019986269738380982,ai,specific
20241129,Q3,0.011022538483183872,ai,specific
20241231,Q3,0.007739294503806605,ai,specific
20250131,Q3,0.013211279388358659,ai,specific
20250228,Q3,0.008955915197000917,ai,specific
20250331,Q3,0.0200146253804327,ai,specific
20250430,Q3,0.017615606615455002,ai,specific
20250530,Q3,0.018149317586210297,ai,specific
20250630,Q3,0.012524064787916277,ai,specific
20250731,Q3,0.01752099331094472,ai,specific
20250829,Q3,0.024296257660005077,ai,specific
20250930,Q3,0.03230111468912236,ai,specific
20251031,Q3,0.041652749641578994,ai,specific
20251128,Q3,0.034234869115401086,ai,specific
20251231,Q3,0.0363276739454007,ai,specific
20260130,Q3,0.01943007296580046,ai,specific
20260227,Q3,0.008806830027583385,ai,specific
20260331,Q3,0.0055427157727217236,ai,specific
20260430,Q3,0.007609138312327695,ai,specific
20260529,Q3,0.012175165365249038,ai,specific
20260630,Q3,0.02030726635657043,ai,specific
20260731,Q3,,ai,specific
20190329,Q4,0.006815602161447916,ai,specific
20190430,Q4,0.0116737166694488,ai,specific
20190531,Q4,0.013717700284953036,ai,specific
20190628,Q4,0.00960453126130453,ai,specific
20190731,Q4,0.015140504634497972,ai,specific
20190830,Q4,0.014341199527520608,ai,specific
20190930,Q4,0.016160045818727757,ai,specific
20191031,Q4,0.03774401390807462,ai,specific
20191129,Q4,0.03341699351984519,ai,specific
20191231,Q4,0.04124718294191327,ai,specific
20200131,Q4,0.03333180633133326,ai,specific
20200228,Q4,0.02807011052137772,ai,specific
20200331,Q4,0.041231668750643186,ai,specific
20200430,Q4,0.045199534673606025,ai,specific
20200529,Q4,0.048617667048136894,ai,specific
20200630,Q4,0.05356573522135443,ai,specific
20200731,Q4,0.0685616512880993,ai,specific
20200831,Q4,0.06499526597478965,ai,specific
20200930,Q4,0.07394120541174659,ai,specific
20201030,Q4,0.08525313765139039,ai,specific
20201130,Q4,0.09731179513026304,ai,specific
20201231,Q4,0.09582519591037762,ai,specific
20210129,Q4,0.10612987168923488,ai,specific
20210226,Q4,0.10693511634886925,ai,specific
20210331,Q4,0.11212302014451855,ai,specific
20210430,Q4,0.11620730927308184,ai,specific
20210531,Q4,0.12203869094954474,ai,specific
20210630,Q4,0.13042761608875364,ai,specific
20210730,Q4,0.130180010501461,ai,specific
20210831,Q4,0.13595028422909117,ai,specific
20210930,Q4,0.13353625525892107,ai,specific
20211029,Q4,0.14237160719780265,ai,specific
20211130,Q4,0.14244401358211659,ai,specific
20211231,Q4,0.1465798768817059,ai,specific
20220131,Q4,0.1525526183601708,ai,specific
20220228,Q4,0.15554685769241003,ai,specific
20220331,Q4,0.15691330070258694,ai,specific
20220429,Q4,0.14619900362427646,ai,specific
20220531,Q4,0.14766794379616308,ai,specific
20220630,Q4,0.15131327370743536,ai,specific
20220729,Q4,0.16013164883689765,ai,specific
20220831,Q4,0.16253702048014854,ai,specific
20220930,Q4,0.15296131316170783,ai,specific
20221031,Q4,0.1565739054954476,ai,specific
20221130,Q4,0.16343589442508344,ai,specific
20221230,Q4,0.1681466395824711,ai,specific
20230131,Q4,0.17161090095032983,ai,specific
20230228,Q4,0.1850380865123395,ai,specific
20230331,Q4,0.19413701194445604,ai,specific
20230428,Q4,0.19597549337866407,ai,specific
20230531,Q4,0.1928033110105391,ai,specific
20230630,Q4,0.21017285909250022,ai,specific
20230731,Q4,0.20457508149023282,ai,specific
20230831,Q4,0.21205210337824637,ai,specific
20230929,Q4,0.21953714966862248,ai,specific
20231031,Q4,0.20762843114641372,ai,specific
20231130,Q4,0.20669833048972341,ai,specific
20231229,Q4,0.2076545367365935,ai,specific
20240131,Q4,0.21064333018500986,ai,specific
20240229,Q4,0.21531667872425692,ai,specific
20240329,Q4,0.23152721282922617,ai,specific
20240430,Q4,0.238288159417544,ai,specific
20240531,Q4,0.24212678650439745,ai,specific
20240628,Q4,0.24546225795789595,ai,specific
20240731,Q4,0.24337751753627845,ai,specific
20240830,Q4,0.24162902517828047,ai,specific
20240930,Q4,0.24272780207270964,ai,specific
20241031,Q4,0.2458005536833961,ai,specific
20241129,Q4,0.24705685983662742,ai,specific
20241231,Q4,0.25024008744234877,ai,specific
20250131,Q4,0.2722544566385234,ai,specific
20250228,Q4,0.2826889610679426,ai,specific
20250331,Q4,0.28387728563820513,ai,specific
20250430,Q4,0.2892793912397911,ai,specific
20250530,Q4,0.2983901923437135,ai,specific
20250630,Q4,0.306528310797564,ai,specific
20250731,Q4,0.29792952500685055,ai,specific
20250829,Q4,0.3011291757273728,ai,specific
20250930,Q4,0.29778986815203085,ai,specific
20251031,Q4,0.300391970677085,ai,specific
20251128,Q4,0.3004345027857782,ai,specific
20251231,Q4,0.3110473544625179,ai,specific
20260130,Q4,0.30951195305644863,ai,specific
20260227,Q4,0.3172725761157107,ai,specific
20260331,Q4,0.3184983701949421,ai,specific
20260430,Q4,0.3155289617824132,ai,specific
20260529,Q4,0.323630550308158,ai,specific
20260630,Q4,0.3248235588945767,ai,specific
20260731,Q4,,ai,specific
20190329,Q5,0.007279367991543337,ai,specific
20190430,Q5,0.022658254504161965,ai,specific
20190531,Q5,0.036341395894973844,ai,specific
20190628,Q5,0.031741373423840515,ai,specific
20190731,Q5,0.031676478202905846,ai,specific
20190830,Q5,0.04142835815154898,ai,specific
20190930,Q5,0.05348809557138487,ai,specific
20191031,Q5,0.07015411988121514,ai,specific
20191129,Q5,0.077974965245889,ai,specific
20191231,Q5,0.07816075274187567,ai,specific
20200131,Q5,0.09041480038637756,ai,specific
20200228,Q5,0.09159860904302475,ai,specific
20200331,Q5,0.10237355346497683,ai,specific
20200430,Q5,0.11614021042921964,ai,specific
20200529,Q5,0.10726581698736834,ai,specific
20200630,Q5,0.11577884405397232,ai,specific
20200731,Q5,0.12449352206559566,ai,specific
20200831,Q5,0.14638203375387598,ai,specific
20200930,Q5,0.1661978805773199,ai,specific
20201030,Q5,0.18364351527007608,ai,specific
20201130,Q5,0.17799532033813326,ai,specific
20201231,Q5,0.17047870527719614,ai,specific
20210129,Q5,0.18938812086607662,ai,specific
20210226,Q5,0.2065008983394462,ai,specific
20210331,Q5,0.21508448214485804,ai,specific
20210430,Q5,0.22576514551794707,ai,specific
20210531,Q5,0.23247315585687553,ai,specific
20210630,Q5,0.24045237729254443,ai,specific
20210730,Q5,0.25081745700336633,ai,specific
20210831,Q5,0.26530756351038626,ai,specific
20210930,Q5,0.28751112566954606,ai,specific
20211029,Q5,0.30478571423386785,ai,specific
20211130,Q5,0.31532820063211936,ai,specific
20211231,Q5,0.3177224376731958,ai,specific
20220131,Q5,0.3336319512314789,ai,specific
20220228,Q5,0.34284900174747224,ai,specific
20220331,Q5,0.35728803361943284,ai,specific
20220429,Q5,0.35777656445932243,ai,specific
20220531,Q5,0.36746476386914856,ai,specific
20220630,Q5,0.37199301056222167,ai,specific
20220729,Q5,0.38877946674753183,ai,specific
20220831,Q5,0.4020854852871053,ai,specific
20220930,Q5,0.4096053998302946,ai,specific
20221031,Q5,0.43099708513915236,ai,specific
20221130,Q5,0.44362711646008895,ai,specific
20221230,Q5,0.461322940401885,ai,specific
20230131,Q5,0.46280063802581994,ai,specific
20230228,Q5,0.45568648684549506,ai,specific
20230331,Q5,0.47852354856047447,ai,specific
20230428,Q5,0.4914108837882561,ai,specific
20230531,Q5,0.5093750937333775,ai,specific
20230630,Q5,0.5283068337434977,ai,specific
20230731,Q5,0.5383901858423445,ai,specific
20230831,Q5,0.5492614483965734,ai,specific
20230929,Q5,0.5597620319372757,ai,specific
20231031,Q5,0.5729478040062022,ai,specific
20231130,Q5,0.5735247502417896,ai,specific
20231229,Q5,0.5962942274926443,ai,specific
20240131,Q5,0.6035206504069354,ai,specific
20240229,Q5,0.6165178856008533,ai,specific
20240329,Q5,0.6363494117800417,ai,specific
20240430,Q5,0.6484549843630515,ai,specific
20240531,Q5,0.6600907896839648,ai,specific
20240628,Q5,0.6656051905205952,ai,specific
20240731,Q5,0.681953563089293,ai,specific
20240830,Q5,0.685241275898515,ai,specific
20240930,Q5,0.6987032422450016,ai,specific
20241031,Q5,0.7039132888531348,ai,specific
20241129,Q5,0.7019937840703762,ai,specific
20241231,Q5,0.7216212887776647,ai,specific
20250131,Q5,0.7200802086613528,ai,specific
20250228,Q5,0.7315648166033882,ai,specific
20250331,Q5,0.7424520022980914,ai,specific
20250430,Q5,0.7379730823926642,ai,specific
20250530,Q5,0.7587622331839935,ai,specific
20250630,Q5,0.7629272634193849,ai,specific
20250731,Q5,0.7852225877772778,ai,specific
20250829,Q5,0.7950486801285732,ai,specific
20250930,Q5,0.8065621958208631,ai,specific
20251031,Q5,0.8091519127599459,ai,specific
20251128,Q5,0.8112099077518291,ai,specific
20251231,Q5,0.8195232613564704,ai,specific
20260130,Q5,0.8266768640683522,ai,specific
20260227,Q5,0.8414531581905055,ai,specific
20260331,Q5,0.8488719679724983,ai,specific
20260430,Q5,0.8592841029323596,ai,specific
20260529,Q5,0.8624696622636814,ai,specific
20260630,Q5,0.8738741210326015,ai,specific
20260731,Q5,,ai,specific
20190329,spread,0.017312542140548663,ai,specific
20190430,spread,0.033286202669178186,ai,specific
20190531,spread,0.061703986250864554,ai,specific
20190628,spread,0.06912945929855949,ai,specific
20190731,spread,0.07316444618418062,ai,specific
20190830,spread,0.09131321350195437,ai,specific
20190930,spread,0.10368800525141425,ai,specific
20191031,spread,0.12850760248306495,ai,specific
20191129,spread,0.14567745809709953,ai,specific
20191231,spread,0.15048264263688965,ai,specific
20200131,spread,0.16593864827963062,ai,specific
20200228,spread,0.17049930954356654,ai,specific
20200331,spread,0.1885047146143759,ai,specific
20200430,spread,0.2130576222072983,ai,specific
20200529,spread,0.20880026163149698,ai,specific
20200630,spread,0.23511030749196243,ai,specific
20200731,spread,0.26231181104526313,ai,specific
20200831,spread,0.29335348527636096,ai,specific
20200930,spread,0.31424775978524716,ai,specific
20201030,spread,0.34420826008769406,ai,specific
20201130,spread,0.3559481031562522,ai,specific
20201231,spread,0.37231940226470644,ai,specific
20210129,spread,0.39888999398991354,ai,specific
20210226,spread,0.42905250832510455,ai,specific
20210331,spread,0.46531875587711197,ai,specific
20210430,spread,0.4860899534953439,ai,specific
20210531,spread,0.4993292925188329,ai,specific
20210630,spread,0.5195292552082665,ai,specific
20210730,spread,0.5464482066371502,ai,specific
20210831,spread,0.5715673375692036,ai,specific
20210930,spread,0.603125802435166,ai,specific
20211029,spread,0.6399150599043603,ai,specific
20211130,spread,0.6469874633008434,ai,specific
20211231,spread,0.6602045966472806,ai,specific
20220131,spread,0.6773778775955231,ai,specific
20220228,spread,0.6939043833458696,ai,specific
20220331,spread,0.7140171287530254,ai,specific
20220429,spread,0.7363409119285498,ai,specific
20220531,spread,0.7445886142394392,ai,specific
20220630,spread,0.7569290824211585,ai,specific
20220729,spread,0.774214132479072,ai,specific
20220831,spread,0.8028245143364088,ai,specific
20220930,spread,0.814117543872089,ai,specific
20221031,spread,0.8537523519406051,ai,specific
20221130,spread,0.8665115132212972,ai,specific
20221230,spread,0.8852356257647718,ai,specific
20230131,spread,0.8887743910395722,ai,specific
20230228,spread,0.882436241177075,ai,specific
20230331,spread,0.9216746656153219,ai,specific
20230428,spread,0.9516452936507147,ai,specific
20230531,spread,0.9763834758566458,ai,specific
20230630,spread,0.9978825518106303,ai,specific
20230731,spread,1.0297812068999623,ai,specific
20230831,spread,1.051202324777259,ai,specific
20230929,spread,1.064778523794382,ai,specific
20231031,spread,1.090516473555468,ai,specific
20231130,spread,1.0973065821356092,ai,specific
20231229,spread,1.1321237153172132,ai,specific
20240131,spread,1.165194793902231,ai,specific
20240229,spread,1.1703330546142543,ai,specific
20240329,spread,1.1989814976981774,ai,specific
20240430,spread,1.2220260054464207,ai,specific
20240531,spread,1.2314871949931112,ai,specific
20240628,spread,1.2451243419171207,ai,specific
20240731,spread,1.2603459423066008,ai,specific
20240830,spread,1.2812574469510234,ai,specific
20240930,spread,1.2926192047766896,ai,specific
20241031,spread,1.3077614062931797,ai,specific
20241129,spread,1.3106803664316533,ai,specific
20241231,spread,1.3414890714108854,ai,specific
20250131,spread,1.333292571711987,ai,specific
20250228,spread,1.3420083923311652,ai,specific
20250331,spread,1.3639113615461742,ai,specific
20250430,spread,1.3624731678329856,ai,specific
20250530,spread,1.390740677732453,ai,specific
20250630,spread,1.3935992801403558,ai,specific
20250731,spread,1.430683903570777,ai,specific
20250829,spread,1.4454269880594677,ai,specific
20250930,spread,1.4654910313703613,ai,specific
20251031,spread,1.464480922187226,ai,specific
20251128,spread,1.4805964291834883,ai,specific
20251231,spread,1.5043419123209447,ai,specific
20260130,spread,1.5185628276873535,ai,specific
20260227,spread,1.5457911440919971,ai,specific
20260331,spread,1.5694107553385304,ai,specific
20260430,spread,1.5881784010041067,ai,specific
20260529,spread,1.5963271149381217,ai,specific
20260630,spread,1.6153625290323503,ai,specific
20260731,spread,,ai,specific
20190329,Q1,0.06524570453441836,dss,total
20190430,Q1,-0.002343436729656867,dss,total
20190531,Q1,-0.05821573611522601,dss,total
20190628,Q1,-0.01612261684988814,dss,total
20190731,Q1,-0.031248562160161142,dss,total
20190830,Q1,-0.005339027695575926,dss,total
20190930,Q1,0.030362771160109325,dss,total
20191031,Q1,0.048300297384043844,dss,total
20191129,Q1,0.039668580030047806,dss,total
20191231,Q1,0.08640611902423223,dss,total
20200131,Q1,0.10255541736264373,dss,total
20200228,Q1,0.11942747489414263,dss,total
20200331,Q1,0.12075349636041732,dss,total
20200430,Q1,0.12280519194344186,dss,total
20200529,Q1,0.13617285098973775,dss,total
20200630,Q1,0.1010380468723664,dss,total
20200731,Q1,0.14082934727047403,dss,total
20200831,Q1,0.13138510696928685,dss,total
20200930,Q1,0.10747868946733785,dss,total
20201030,Q1,0.07341196283109586,dss,total
20201130,Q1,0.008932065273179468,dss,total
20201231,Q1,-0.03489276206169123,dss,total
20210129,Q1,0.027370649036729144,dss,total
20210226,Q1,0.07141168782412466,dss,total
20210331,Q1,0.009624500842470907,dss,total
20210430,Q1,-0.024318268105609997,dss,total
20210531,Q1,-0.06180312960009826,dss,total
20210630,Q1,-0.04138106392830032,dss,total
20210730,Q1,-0.028934430493760765,dss,total
20210831,Q1,0.001720232511767783,dss,total
20210930,Q1,-0.03604797458198572,dss,total
20211029,Q1,-0.09443699843604914,dss,total
20211130,Q1,-0.09450433321491691,dss,total
20211231,Q1,-0.05832893839115194,dss,total
20220131,Q1,0.04505721354069925,dss,total
20220228,Q1,-0.02059612156593804,dss,total
20220331,Q1,0.02568061110226183,dss,total
20220429,Q1,0.03577636470604495,dss,total
20220531,Q1,0.0016622979585021458,dss,total
20220630,Q1,0.034832263600609537,dss,total
20220729,Q1,0.06873548279733543,dss,total
20220831,Q1,0.10155910018118797,dss,total
20220930,Q1,0.1300782313327422,dss,total
20221031,Q1,0.23421656105235455,dss,total
20221130,Q1,0.2910336237889477,dss,total
20221230,Q1,0.30745151197542686,dss,total
20230131,Q1,0.2728560273022975,dss,total
20230228,Q1,0.2790840104674681,dss,total
20230331,Q1,0.29589282738829126,dss,total
20230428,Q1,0.2915610256701584,dss,total
20230531,Q1,0.34523800945306005,dss,total
20230630,Q1,0.44722178562380077,dss,total
20230731,Q1,0.3483385307909357,dss,total
20230831,Q1,0.32288500524406794,dss,total
20230929,Q1,0.437086573310272,dss,total
20231031,Q1,0.4389187013537146,dss,total
20231130,Q1,0.49605424525487796,dss,total
20231229,Q1,0.4126038987191769,dss,total
20240131,Q1,0.4168088434399866,dss,total
20240229,Q1,0.4003824617718832,dss,total
20240329,Q1,0.40869920951043914,dss,total
20240430,Q1,0.3968101008599567,dss,total
20240531,Q1,0.5272091262754677,dss,total
20240628,Q1,0.5128473762541594,dss,total
20240731,Q1,0.5713243865721747,dss,total
20240830,Q1,0.6090460684676713,dss,total
20240930,Q1,0.7529995983055011,dss,total
20241031,Q1,0.8002118811824246,dss,total
20241129,Q1,0.7026101633198287,dss,total
20241231,Q1,0.7140367696556289,dss,total
20250131,Q1,0.7117962775044662,dss,total
20250228,Q1,0.7417042662655235,dss,total
20250331,Q1,0.763126105995507,dss,total
20250430,Q1,0.6295689223920737,dss,total
20250530,Q1,0.6367189511525153,dss,total
20250630,Q1,0.6088991207050154,dss,total
20250731,Q1,0.6009389136227314,dss,total
20250829,Q1,0.6391026236573896,dss,total
20250930,Q1,0.6782026784968886,dss,total
20251031,Q1,0.7380580215513908,dss,total
20251128,Q1,0.5444077028499379,dss,total
20251231,Q1,0.5718723886633932,dss,total
20260130,Q1,0.6676406498534946,dss,total
20260227,Q1,0.6571124923089651,dss,total
20260331,Q1,0.591058088985833,dss,total
20260430,Q1,0.5316809695075959,dss,total
20260529,Q1,0.6344260935972501,dss,total
20260630,Q1,0.6709460394267222,dss,total
20260731,Q1,,dss,total
20190329,Q2,0.06019221223192339,dss,total
20190430,Q2,-0.00844422447674531,dss,total
20190531,Q2,-0.06233326787152027,dss,total
20190628,Q2,-0.024156155405020252,dss,total
20190731,Q2,-0.03273504733272814,dss,total
20190830,Q2,0.003891646556507089,dss,total
20190930,Q2,0.04992575529357035,dss,total
20191031,Q2,0.07631543191993084,dss,total
20191129,Q2,0.07020078429304921,dss,total
20191231,Q2,0.11963032796772866,dss,total
20200131,Q2,0.11024364438541334,dss,total
20200228,Q2,0.1152351029573413,dss,total
20200331,Q2,0.12794970779897574,dss,total
20200430,Q2,0.15441857402979742,dss,total
20200529,Q2,0.1720219258768947,dss,total
20200630,Q2,0.12356489090125966,dss,total
20200731,Q2,0.17208441242973205,dss,total
20200831,Q2,0.16099251367320355,dss,total
20200930,Q2,0.14147243647660224,dss,total
20201030,Q2,0.1007455140009248,dss,total
20201130,Q2,0.07221565851591771,dss,total
20201231,Q2,0.01781042080252937,dss,total
20210129,Q2,0.08471207341683962,dss,total
20210226,Q2,0.15115348991791877,dss,total
20210331,Q2,0.10019461428005672,dss,total
20210430,Q2,0.071875091204046,dss,total
20210531,Q2,0.04941044853323873,dss,total
20210630,Q2,0.07232696979641462,dss,total
20210730,Q2,0.07750058295454387,dss,total
20210831,Q2,0.11821010911084828,dss,total
20210930,Q2,0.0796878829953338,dss,total
20211029,Q2,0.01044449833065264,dss,total
20211130,Q2,0.0061202677910137115,dss,total
20211231,Q2,0.036227461619590784,dss,total
20220131,Q2,0.14867374943977918,dss,total
20220228,Q2,0.0650320987402997,dss,total
20220331,Q2,0.13300371820872847,dss,total
20220429,Q2,0.16470635991142557,dss,total
20220531,Q2,0.12980413279934555,dss,total
20220630,Q2,0.16114223928390747,dss,total
20220729,Q2,0.19063115335237857,dss,total
20220831,Q2,0.20909105070523926,dss,total
20220930,Q2,0.2521530915308914,dss,total
20221031,Q2,0.36515332179149285,dss,total
20221130,Q2,0.4344543617140588,dss,total
20221230,Q2,0.468586762142182,dss,total
20230131,Q2,0.43695570055790944,dss,total
20230228,Q2,0.4471124467259784,dss,total
20230331,Q2,0.45878920888841646,dss,total
20230428,Q2,0.45207113803519405,dss,total
20230531,Q2,0.49238392539825115,dss,total
20230630,Q2,0.6098402972482144,dss,total
20230731,Q2,0.4880963971923251,dss,total
20230831,Q2,0.430124356187483,dss,total
20230929,Q2,0.570655448107009,dss,total
20231031,Q2,0.5924226717599883,dss,total
20231130,Q2,0.6794556980857174,dss,total
20231229,Q2,0.5951120308687645,dss,total
20240131,Q2,0.5938182225711226,dss,total
20240229,Q2,0.5993035406460017,dss,total
20240329,Q2,0.6269751333393156,dss,total
20240430,Q2,0.6366359201676426,dss,total
20240531,Q2,0.7729380227477525,dss,total
20240628,Q2,0.7707711837834055,dss,total
20240731,Q2,0.8785950626415417,dss,total
20240830,Q2,0.8776607104645071,dss,total
20240930,Q2,1.059292971107066,dss,total
20241031,Q2,1.094768497873817,dss,total
20241129,Q2,0.9782997150543951,dss,total
20241231,Q2,0.9743830123800021,dss,total
20250131,Q2,1.0038373317965124,dss,total
20250228,Q2,1.0615850819006174,dss,total
20250331,Q2,1.0913518026683198,dss,total
20250430,Q2,0.9597450680211002,dss,total
20250530,Q2,0.9151837938426455,dss,total
20250630,Q2,0.8865496160859934,dss,total
20250731,Q2,0.8520842829047461,dss,total
20250829,Q2,0.904315524767173,dss,total
20250930,Q2,0.9609183010922397,dss,total
20251031,Q2,1.0147471823243794,dss,total
20251128,Q2,0.8169578692896498,dss,total
20251231,Q2,0.8779533645713402,dss,total
20260130,Q2,0.9909699410243926,dss,total
20260227,Q2,1.033384257835149,dss,total
20260331,Q2,0.983840966565424,dss,total
20260430,Q2,0.9184192639858761,dss,total
20260529,Q2,1.0562743673589452,dss,total
20260630,Q2,1.1104964918626608,dss,total
20260731,Q2,,dss,total
20190329,Q3,0.06390058520169362,dss,total
20190430,Q3,0.014739543558350832,dss,total
20190531,Q3,-0.022802270325411156,dss,total
20190628,Q3,0.022802132193691538,dss,total
20190731,Q3,0.028162098910218036,dss,total
20190830,Q3,0.04884116540979,dss,total
20190930,Q3,0.10104905235678174,dss,total
20191031,Q3,0.13858742066219287,dss,total
20191129,Q3,0.14701173380138388,dss,total
20191231,Q3,0.19255088797469289,dss,total
20200131,Q3,0.21452475018543127,dss,total
20200228,Q3,0.22734529139722004,dss,total
20200331,Q3,0.24602817401362698,dss,total
20200430,Q3,0.24998588112247377,dss,total
20200529,Q3,0.2663011264797823,dss,total
20200630,Q3,0.22287846026677083,dss,total
20200731,Q3,0.2901754473909486,dss,total
20200831,Q3,0.29231890231729585,dss,total
20200930,Q3,0.2560375877784191,dss,total
20201030,Q3,0.23541057093008666,dss,total
20201130,Q3,0.1885651609191059,dss,total
20201231,Q3,0.137842762366563,dss,total
20210129,Q3,0.2163248929843098,dss,total
20210226,Q3,0.29695368749923823,dss,total
20210331,Q3,0.24032623535194286,dss,total
20210430,Q3,0.18902171920045907,dss,total
20210531,Q3,0.1676185916419608,dss,total
20210630,Q3,0.20020529629193873,dss,total
20210730,Q3,0.19963760224257387,dss,total
20210831,Q3,0.247211081420031,dss,total
20210930,Q3,0.19961846843836506,dss,total
20211029,Q3,0.12968835253720168,dss,total
20211130,Q3,0.1334046793204533,dss,total
20211231,Q3,0.18380596564066187,dss,total
20220131,Q3,0.31033116687938533,dss,total
20220228,Q3,0.24011193637196127,dss,total
20220331,Q3,0.32550410072931824,dss,total
20220429,Q3,0.3620086229396866,dss,total
20220531,Q3,0.30116052304414365,dss,total
20220630,Q3,0.329836474976684,dss,total
20220729,Q3,0.3599999501386004,dss,total
20220831,Q3,0.39066880084078415,dss,total
20220930,Q3,0.44713604350283553,dss,total
20221031,Q3,0.5806880973479254,dss,total
20221130,Q3,0.6567068482956122,dss,total
20221230,Q3,0.7055837621964594,dss,total
20230131,Q3,0.6632570282126629,dss,total
20230228,Q3,0.6655421967455064,dss,total
20230331,Q3,0.7025877927823314,dss,total
20230428,Q3,0.7094051866488578,dss,total
20230531,Q3,0.8053940026450925,dss,total
20230630,Q3,0.9476211238466601,dss,total
20230731,Q3,0.8519543157465796,dss,total
20230831,Q3,0.7628424592507326,dss,total
20230929,Q3,0.9072743425468146,dss,total
20231031,Q3,0.8964336572203644,dss,total
20231130,Q3,1.0098755731316658,dss,total
20231229,Q3,0.9396278613199094,dss,total
20240131,Q3,0.9653467370720685,dss,total
20240229,Q3,0.9506830810219637,dss,total
20240329,Q3,0.9841432092297304,dss,total
20240430,Q3,0.9924162485597152,dss,total
20240531,Q3,1.1923139118844368,dss,total
20240628,Q3,1.1453897662178876,dss,total
20240731,Q3,1.2779373409750447,dss,total
20240830,Q3,1.3254126444902075,dss,total
20240930,Q3,1.541426792437346,dss,total
20241031,Q3,1.5813520811341313,dss,total
20241129,Q3,1.4123483566181272,dss,total
20241231,Q3,1.4453538937714723,dss,total
20250131,Q3,1.4969796005677432,dss,total
20250228,Q3,1.5949883621237224,dss,total
20250331,Q3,1.6371442639902738,dss,total
20250430,Q3,1.4783749437030722,dss,total
20250530,Q3,1.4975644912830495,dss,total
20250630,Q3,1.4496968319883101,dss,total
20250731,Q3,1.4005588957831097,dss,total
20250829,Q3,1.493983047674099,dss,total
20250930,Q3,1.6091769545491625,dss,total
20251031,Q3,1.674533002247256,dss,total
20251128,Q3,1.4536617156422476,dss,total
20251231,Q3,1.4905204529789242,dss,total
20260130,Q3,1.661654254396987,dss,total
20260227,Q3,1.688227498836885,dss,total
20260331,Q3,1.596731858701835,dss,total
20260430,Q3,1.522532735654753,dss,total
20260529,Q3,1.6522105186399885,dss,total
20260630,Q3,1.715380339785742,dss,total
20260731,Q3,,dss,total
20190329,Q4,0.0683831735567797,dss,total
20190430,Q4,0.009716000319279772,dss,total
20190531,Q4,-0.035475271390637886,dss,total
20190628,Q4,0.019786123872178374,dss,total
20190731,Q4,0.031086948531702463,dss,total
20190830,Q4,0.06685165661231784,dss,total
20190930,Q4,0.1187873967860269,dss,total
20191031,Q4,0.15133788588597064,dss,total
20191129,Q4,0.14926183789976366,dss,total
20191231,Q4,0.19627568908283655,dss,total
20200131,Q4,0.2144335369222432,dss,total
20200228,Q4,0.22850968429750607,dss,total
20200331,Q4,0.2560223103540493,dss,total
20200430,Q4,0.26862392104038224,dss,total
20200529,Q4,0.2942639880485425,dss,total
20200630,Q4,0.2544229355823253,dss,total
20200731,Q4,0.3275928656746354,dss,total
20200831,Q4,0.32996977915018366,dss,total
20200930,Q4,0.3195146651043437,dss,total
20201030,Q4,0.2784970775618736,dss,total
20201130,Q4,0.21146445066163544,dss,total
20201231,Q4,0.16442274301494497,dss,total
20210129,Q4,0.2656856938901053,dss,total
20210226,Q4,0.3493265550942872,dss,total
20210331,Q4,0.3017908307902126,dss,total
20210430,Q4,0.2558641326205071,dss,total
20210531,Q4,0.23858433359134978,dss,total
20210630,Q4,0.2918759123467183,dss,total
20210730,Q4,0.31982604147164806,dss,total
20210831,Q4,0.36434494233332915,dss,total
20210930,Q4,0.3427928277551464,dss,total
20211029,Q4,0.2882808065707778,dss,total
20211130,Q4,0.2946981097034733,dss,total
20211231,Q4,0.3447877066317597,dss,total
20220131,Q4,0.4899175831583562,dss,total
20220228,Q4,0.40178736778070623,dss,total
20220331,Q4,0.4747531641483633,dss,total
20220429,Q4,0.5194355090387859,dss,total
20220531,Q4,0.46798915410935216,dss,total
20220630,Q4,0.5178317056614252,dss,total
20220729,Q4,0.5822368971008389,dss,total
20220831,Q4,0.6410825726453908,dss,total
20220930,Q4,0.7025558035422506,dss,total
20221031,Q4,0.8408579546705197,dss,total
20221130,Q4,0.9455452578439356,dss,total
20221230,Q4,0.9740678460005401,dss,total
20230131,Q4,0.9554700024146556,dss,total
20230228,Q4,0.9647410233976814,dss,total
20230331,Q4,1.0145382521324402,dss,total
20230428,Q4,1.0230386912738534,dss,total
20230531,Q4,1.1194650809647677,dss,total
20230630,Q4,1.3217245535959692,dss,total
20230731,Q4,1.1629942373243738,dss,total
20230831,Q4,1.1372907199449194,dss,total
20230929,Q4,1.333641117166426,dss,total
20231031,Q4,1.3550575775026035,dss,total
20231130,Q4,1.4886460618037,dss,total
20231229,Q4,1.428669721675532,dss,total
20240131,Q4,1.4462627213756503,dss,total
20240229,Q4,1.4571649589129234,dss,total
20240329,Q4,1.5007823665945277,dss,total
20240430,Q4,1.5643454265803771,dss,total
20240531,Q4,1.7764609602858399,dss,total
20240628,Q4,1.7772828980089437,dss,total
20240731,Q4,1.9414492065405193,dss,total
20240830,Q4,2.0024249048868357,dss,total
20240930,Q4,2.3298881471950414,dss,total
20241031,Q4,2.4233167737893146,dss,total
20241129,Q4,2.232813159589079,dss,total
20241231,Q4,2.2465094867791278,dss,total
20250131,Q4,2.2881987427684014,dss,total
20250228,Q4,2.3758487728057927,dss,total
20250331,Q4,2.424771896683324,dss,total
20250430,Q4,2.2025821868244373,dss,total
20250530,Q4,2.2133711784109398,dss,total
20250630,Q4,2.191378659571469,dss,total
20250731,Q4,2.203780917284543,dss,total
20250829,Q4,2.3363619804289537,dss,total
20250930,Q4,2.4959988524709043,dss,total
20251031,Q4,2.682212064060279,dss,total
20251128,Q4,2.3162445688254136,dss,total
20251231,Q4,2.3823642744748783,dss,total
20260130,Q4,2.614799375008317,dss,total
20260227,Q4,2.649918698047264,dss,total
20260331,Q4,2.5711327681239013,dss,total
20260430,Q4,2.4590228750547207,dss,total
20260529,Q4,2.6000984264674383,dss,total
20260630,Q4,2.6921496453843266,dss,total
20260731,Q4,,dss,total
20190329,Q5,0.06572014452366548,dss,total
20190430,Q5,0.01255962399056032,dss,total
20190531,Q5,-0.039692661577648836,dss,total
20190628,Q5,0.012038797051257433,dss,total
20190731,Q5,0.017257483177531174,dss,total
20190830,Q5,0.041655638716650456,dss,total
20190930,Q5,0.10346581352614104,dss,total
20191031,Q5,0.1606405196406444,dss,total
20191129,Q5,0.1634791355799723,dss,total
20191231,Q5,0.2022840303812039,dss,total
20200131,Q5,0.2169645150151669,dss,total
20200228,Q5,0.21395237253232602,dss,total
20200331,Q5,0.22806442331342236,dss,total
20200430,Q5,0.2425679856109313,dss,total
20200529,Q5,0.287691330502269,dss,total
20200630,Q5,0.2639545198073394,dss,total
20200731,Q5,0.3384428335160654,dss,total
20200831,Q5,0.34464591030647695,dss,total
20200930,Q5,0.33888666956813385,dss,total
20201030,Q5,0.31338294262272703,dss,total
20201130,Q5,0.2818766723893882,dss,total
20201231,Q5,0.23557984596069792,dss,total
20210129,Q5,0.3241934532500119,dss,total
20210226,Q5,0.41257819434212806,dss,total
20210331,Q5,0.36050042261871895,dss,total
20210430,Q5,0.30910107808415743,dss,total
20210531,Q5,0.2728364022956633,dss,total
20210630,Q5,0.3145147044058343,dss,total
20210730,Q5,0.3374453314896766,dss,total
20210831,Q5,0.39324431226541057,dss,total
20210930,Q5,0.33029606709515513,dss,total
20211029,Q5,0.26429302881124395,dss,total
20211130,Q5,0.26915584635879464,dss,total
20211231,Q5,0.33514787605457075,dss,total
20220131,Q5,0.49668624080044554,dss,total
20220228,Q5,0.4199737709497333,dss,total
20220331,Q5,0.5303230841975393,dss,total
20220429,Q5,0.574562469581352,dss,total
20220531,Q5,0.5325692929182331,dss,total
20220630,Q5,0.5876574516703028,dss,total
20220729,Q5,0.619892378226409,dss,total
20220831,Q5,0.6548830396690919,dss,total
20220930,Q5,0.7000940231385033,dss,total
20221031,Q5,0.8664150924257661,dss,total
20221130,Q5,0.9495990784715034,dss,total
20221230,Q5,0.9959951126275526,dss,total
20230131,Q5,0.9772518897997986,dss,total
20230228,Q5,0.970316206443921,dss,total
20230331,Q5,1.0423156804620004,dss,total
20230428,Q5,1.0830205202460848,dss,total
20230531,Q5,1.1612064353029847,dss,total
20230630,Q5,1.3646232510909053,dss,total
20230731,Q5,1.2194030121294,dss,total
20230831,Q5,1.1566117201325188,dss,total
20230929,Q5,1.3770894585911693,dss,total
20231031,Q5,1.4207947673732937,dss,total
20231130,Q5,1.5732625586978943,dss,total
20231229,Q5,1.5191021304650043,dss,total
20240131,Q5,1.5707715890946048,dss,total
20240229,Q5,1.5625975066455817,dss,total
20240329,Q5,1.5949928458515714,dss,total
20240430,Q5,1.6303768781553432,dss,total
20240531,Q5,1.891783805668834,dss,total
20240628,Q5,1.8615098995553199,dss,total
20240731,Q5,2.002579460623197,dss,total
20240830,Q5,2.087822601116922,dss,total
20240930,Q5,2.344866901792867,dss,total
20241031,Q5,2.4173007971365523,dss,total
20241129,Q5,2.2613792265680317,dss,total
20241231,Q5,2.3133595885728657,dss,total
20250131,Q5,2.3879241692759634,dss,total
20250228,Q5,2.530170481711407,dss,total
20250331,Q5,2.6315183269326035,dss,total
20250430,Q5,2.396437968480133,dss,total
20250530,Q5,2.406482015293678,dss,total
20250630,Q5,2.342293164340818,dss,total
20250731,Q5,2.3641033707122117,dss,total
20250829,Q5,2.4740776252176646,dss,total
20250930,Q5,2.6470924655396466,dss,total
20251031,Q5,2.7525373279002934,dss,total
20251128,Q5,2.4087591458974726,dss,total
20251231,Q5,2.4835430233655322,dss,total
20260130,Q5,2.7171377626076954,dss,total
20260227,Q5,2.786239953663042,dss,total
20260331,Q5,2.772837101549983,dss,total
20260430,Q5,2.647315970730703,dss,total
20260529,Q5,2.906888826830237,dss,total
20260630,Q5,3.0562565723702715,dss,total
20260731,Q5,,dss,total
20190329,spread,0.00047443998924712183,dss,total
20190430,spread,0.014047969126446347,dss,total
20190531,spread,0.018509154903885827,dss,total
20190628,spread,0.027853583242509528,dss,total
20190731,spread,0.048955847118273166,dss,total
20190830,spread,0.046059639727092705,dss,total
20190930,spread,0.07058446731392465,dss,total
20191031,spread,0.10741772402842065,dss,total
20191129,spread,0.11924466222203844,dss,total
20191231,spread,0.10625940494387165,dss,total
20200131,spread,0.10332296616670478,dss,total
20200228,spread,0.0837082979315491,dss,total
20200331,spread,0.09502256676261256,dss,total
20200430,spread,0.10595030004834993,dss,total
20200529,spread,0.13294543832531125,dss,total
20200630,spread,0.14709615455754999,dss,total
20200731,spread,0.17324185219607613,dss,total
20200831,spread,0.18839186114667195,dss,total
20200930,spread,0.20841285353727557,dss,total
20201030,spread,0.22256597533394706,dss,total
20201130,spread,0.2666778653891271,dss,total
20201231,spread,0.27595045792759154,dss,total
20210129,spread,0.28514206822551746,dss,total
20210226,spread,0.31582916971295827,dss,total
20210331,spread,0.34320074800864475,dss,total
20210430,spread,0.33761231640886846,dss,total
20210531,spread,0.3519477496396357,dss,total
20210630,spread,0.3667881791723171,dss,total
20210730,spread,0.3728844029742786,dss,total
20210831,spread,0.3868226151101515,dss,total
20210930,spread,0.37645236543880456,dss,total
20211029,spread,0.3915344863007677,dss,total
20211130,spread,0.39699017944205495,dss,total
20211231,spread,0.4138181259352911,dss,total
20220131,spread,0.4296515135924892,dss,total
20220228,spread,0.4461894950118359,dss,total
20220331,spread,0.49024378524883705,dss,total
20220429,spread,0.5186560975848975,dss,total
20220531,spread,0.5281720002432122,dss,total
20220630,spread,0.5324968067674423,dss,total
20220729,spread,0.5134040554306611,dss,total
20220831,spread,0.49961397054295786,dss,total
20220930,spread,0.5017583553552041,dss,total
20221031,spread,0.5102869584570304,dss,total
20221130,spread,0.5080727790143773,dss,total
20221230,spread,0.524783545341899,dss,total
20230131,spread,0.5508113378542894,dss,total
20230228,spread,0.5377835002461953,dss,total
20230331,spread,0.5737688622285093,dss,total
20230428,spread,0.6103958848788222,dss,total
20230531,spread,0.6039142049394415,dss,total
20230630,spread,0.6332833623187348,dss,total
20230731,spread,0.6445735513254114,dss,total
20230831,spread,0.6290910797592473,dss,total
20230929,spread,0.6550029698552582,dss,total
20231031,spread,0.6833220057305869,dss,total
20231130,spread,0.7225017593009944,dss,total
20231229,spread,0.7823292702739677,dss,total
20240131,spread,0.8135812170278238,dss,total
20240229,spread,0.8288412464504917,dss,total
20240329,spread,0.8410994040244189,dss,total
20240430,spread,0.8817421904813763,dss,total
20240531,spread,0.8930799842409518,dss,total
20240628,spread,0.8910638164896647,dss,total
20240731,spread,0.9111949207989003,dss,total
20240830,spread,0.9195729717516947,dss,total
20240930,spread,0.907632034084001,dss,total
20241031,spread,0.8975653759704691,dss,total
20241129,spread,0.9138648579093538,dss,total
20241231,spread,0.9315239444417738,dss,total
20250131,spread,0.9775161677575013,dss,total
20250228,spread,1.0259941367839596,dss,total
20250331,spread,1.0592400843777754,dss,total
20250430,spread,1.0819264501712023,dss,total
20250530,spread,1.0789483553096617,dss,total
20250630,spread,1.075110963702215,dss,total
20250731,spread,1.098918987153914,dss,total
20250829,spread,1.1174989957277637,dss,total
20250930,spread,1.1724419805795092,dss,total
20251031,spread,1.157768648790547,dss,total
20251128,spread,1.200504211489128,dss,total
20251231,spread,1.2096482437320648,dss,total
20260130,spread,1.2231943208509248,dss,total
20260227,spread,1.2785593440035852,dss,total
20260331,spread,1.361319494239825,dss,total
20260430,spread,1.370881829874258,dss,total
20260529,spread,1.3805744870398207,dss,total
20260630,spread,1.4183963141666753,dss,total
20260731,spread,,dss,total
20190329,Q1,-0.001875446420671292,dss,specific
20190430,Q1,-0.0028139054965081157,dss,specific
20190531,Q1,-0.015960750710249435,dss,specific
20190628,Q1,-0.02788834341206353,dss,specific
20190731,Q1,-0.04241643554100414,dss,specific
20190830,Q1,-0.047541960371541354,dss,specific
20190930,Q1,-0.05535029624457483,dss,specific
20191031,Q1,-0.06518076799616565,dss,specific
20191129,Q1,-0.07240733401460135,dss,specific
20191231,Q1,-0.06722254883298959,dss,specific
20200131,Q1,-0.06610008834902381,dss,specific
20200228,Q1,-0.06098247043241884,dss,specific
20200331,Q1,-0.06540721457001883,dss,specific
20200430,Q1,-0.0729680297243269,dss,specific
20200529,Q1,-0.08107001978524984,dss,specific
20200630,Q1,-0.08253988866852266,dss,specific
20200731,Q1,-0.09608327129745012,dss,specific
20200831,Q1,-0.10265000289996125,dss,specific
20200930,Q1,-0.10493018368077228,dss,specific
20201030,Q1,-0.10802096488342182,dss,specific
20201130,Q1,-0.12858290357393976,dss,specific
20201231,Q1,-0.135706948877011,dss,specific
20210129,Q1,-0.1374551752911282,dss,specific
20210226,Q1,-0.15389507806767116,dss,specific
20210331,Q1,-0.1709842533497194,dss,specific
20210430,Q1,-0.1662699661989813,dss,specific
20210531,Q1,-0.17940477814037162,dss,specific
20210630,Q1,-0.18570204063465004,dss,specific
20210730,Q1,-0.18448413322715546,dss,specific
20210831,Q1,-0.18521595522646644,dss,specific
20210930,Q1,-0.18771854121088552,dss,specific
20211029,Q1,-0.19284317960753214,dss,specific
20211130,Q1,-0.19127150023960843,dss,specific
20211231,Q1,-0.1936515336113371,dss,specific
20220131,Q1,-0.18891851825437161,dss,specific
20220228,Q1,-0.19379225096638156,dss,specific
20220331,Q1,-0.20157633144402792,dss,specific
20220429,Q1,-0.22387079180377448,dss,specific
20220531,Q1,-0.2239952173834002,dss,specific
20220630,Q1,-0.22214778936319526,dss,specific
20220729,Q1,-0.21185027390320896,dss,specific
20220831,Q1,-0.20413273872609838,dss,specific
20220930,Q1,-0.21148398115623232,dss,specific
20221031,Q1,-0.21096719986600343,dss,specific
20221130,Q1,-0.21180729820530517,dss,specific
20221230,Q1,-0.21644425562318503,dss,specific
20230131,Q1,-0.22753385687672403,dss,specific
20230228,Q1,-0.22550606864196496,dss,specific
20230331,Q1,-0.2330654366448204,dss,specific
20230428,Q1,-0.23965008954237946,dss,specific
20230531,Q1,-0.2420234409119065,dss,specific
20230630,Q1,-0.24236145941466689,dss,specific
20230731,Q1,-0.25185421167464445,dss,specific
20230831,Q1,-0.241081110638121,dss,specific
20230929,Q1,-0.24415969214139732,dss,specific
20231031,Q1,-0.2521509941514547,dss,specific
20231130,Q1,-0.26801146025062295,dss,specific
20231229,Q1,-0.28285448581282024,dss,specific
20240131,Q1,-0.2903106212259889,dss,specific
20240229,Q1,-0.29041073885193974,dss,specific
20240329,Q1,-0.29575161292806174,dss,specific
20240430,Q1,-0.30981327924239105,dss,specific
20240531,Q1,-0.30628356392970496,dss,specific
20240628,Q1,-0.3075363536390012,dss,specific
20240731,Q1,-0.3208466439668712,dss,specific
20240830,Q1,-0.3220732487861026,dss,specific
20240930,Q1,-0.3234090646217381,dss,specific
20241031,Q1,-0.32050767268121205,dss,specific
20241129,Q1,-0.32347227666931777,dss,specific
20241231,Q1,-0.32318751868767903,dss,specific
20250131,Q1,-0.3320902059618645,dss,specific
20250228,Q1,-0.3436035130487119,dss,specific
20250331,Q1,-0.34797097671530947,dss,specific
20250430,Q1,-0.3610364153678326,dss,specific
20250530,Q1,-0.351299066819726,dss,specific
20250630,Q1,-0.3517153791387378,dss,specific
20250731,Q1,-0.3479526709376917,dss,specific
20250829,Q1,-0.3528151110465403,dss,specific
20250930,Q1,-0.36598096018180576,dss,specific
20251031,Q1,-0.3654219262253698,dss,specific
20251128,Q1,-0.38554255481385336,dss,specific
20251231,Q1,-0.38785237660343846,dss,specific
20260130,Q1,-0.39817360955324543,dss,specific
20260227,Q1,-0.41581160045051435,dss,specific
20260331,Q1,-0.4318908574137282,dss,specific
20260430,Q1,-0.4382493086669568,dss,specific
20260529,Q1,-0.4302724183960651,dss,specific
20260630,Q1,-0.429384406891935,dss,specific
20260731,Q1,,dss,specific
20190329,Q2,-0.0008372553813190743,dss,specific
20190430,Q2,-0.0036527399719793875,dss,specific
20190531,Q2,-0.010356064720904163,dss,specific
20190628,Q2,-0.02596791970115782,dss,specific
20190731,Q2,-0.03352805779623337,dss,specific
20190830,Q2,-0.026688417903650966,dss,specific
20190930,Q2,-0.026286710453985732,dss,specific
20191031,Q2,-0.02917454173910364,dss,specific
20191129,Q2,-0.03403864705179332,dss,specific
20191231,Q2,-0.028266822920540623,dss,specific
20200131,Q2,-0.04772524605256098,dss,specific
20200228,Q2,-0.054044715376714236,dss,specific
20200331,Q2,-0.05686485880838954,dss,specific
20200430,Q2,-0.04080999314325463,dss,specific
20200529,Q2,-0.04706913358700353,dss,specific
20200630,Q2,-0.05927744205140569,dss,specific
20200731,Q2,-0.06830589407685983,dss,specific
20200831,Q2,-0.07622481307615846,dss,specific
20200930,Q2,-0.07150879587084837,dss,specific
20201030,Q2,-0.08048507489118915,dss,specific
20201130,Q2,-0.070839343852294,dss,specific
20201231,Q2,-0.08457817893840902,dss,specific
20210129,Q2,-0.08633303540772562,dss,specific
20210226,Q2,-0.08556597571837814,dss,specific
20210331,Q2,-0.08963744878775604,dss,specific
20210430,Q2,-0.08018913231393071,dss,specific
20210531,Q2,-0.07575437573168546,dss,specific
20210630,Q2,-0.0817457230758014,dss,specific
20210730,Q2,-0.09156254696007943,dss,specific
20210831,Q2,-0.08621791269889938,dss,specific
20210930,Q2,-0.08340556639722776,dss,specific
20211029,Q2,-0.09352475449989714,dss,specific
20211130,Q2,-0.09061555274279046,dss,specific
20211231,Q2,-0.1036647430432143,dss,specific
20220131,Q2,-0.10655689406178104,dss,specific
20220228,Q2,-0.12247822655336665,dss,specific
20220331,Q2,-0.11801524190444856,dss,specific
20220429,Q2,-0.11990556394452813,dss,specific
20220531,Q2,-0.11652121997723812,dss,specific
20220630,Q2,-0.12017342582572724,dss,specific
20220729,Q2,-0.11854701519178278,dss,specific
20220831,Q2,-0.12529591798483536,dss,specific
20220930,Q2,-0.12238272076648353,dss,specific
20221031,Q2,-0.12310801253502844,dss,specific
20221130,Q2,-0.11792288407859504,dss,specific
20221230,Q2,-0.11484293123945502,dss,specific
20230131,Q2,-0.11729387457123969,dss,specific
20230228,Q2,-0.11073989331609142,dss,specific
20230331,Q2,-0.12204048798190617,dss,specific
20230428,Q2,-0.12951824389241698,dss,specific
20230531,Q2,-0.1427337545574754,dss,specific
20230630,Q2,-0.14399941328429555,dss,specific
20230731,Q2,-0.15736181153210677,dss,specific
20230831,Q2,-0.164141676861292,dss,specific
20230929,Q2,-0.15664837015096506,dss,specific
20231031,Q2,-0.15223363376555954,dss,specific
20231130,Q2,-0.1528981461144561,dss,specific
20231229,Q2,-0.16397166233686714,dss,specific
20240131,Q2,-0.17490579220214392,dss,specific
20240229,Q2,-0.16479672857951447,dss,specific
20240329,Q2,-0.1589668333243228,dss,specific
20240430,Q2,-0.15604046464671958,dss,specific
20240531,Q2,-0.16237524505671172,dss,specific
20240628,Q2,-0.15805390432421243,dss,specific
20240731,Q2,-0.14704657603333107,dss,specific
20240830,Q2,-0.1697914070267709,dss,specific
20240930,Q2,-0.16791978199075572,dss,specific
20241031,Q2,-0.17766702120994451,dss,specific
20241129,Q2,-0.18397010356104035,dss,specific
20241231,Q2,-0.19308112360896124,dss,specific
20250131,Q2,-0.18209425222251818,dss,specific
20250228,Q2,-0.18180837374827047,dss,specific
20250331,Q2,-0.1828978707960459,dss,specific
20250430,Q2,-0.18268745263963454,dss,specific
20250530,Q2,-0.19851395611102024,dss,specific
20250630,Q2,-0.19724189808400047,dss,specific
20250731,Q2,-0.20934405900386938,dss,specific
20250829,Q2,-0.21070328121067897,dss,specific
20250930,Q2,-0.22000442634509454,dss,specific
20251031,Q2,-0.2238571111221936,dss,specific
20251128,Q2,-0.23106154274799073,dss,specific
20251231,Q2,-0.2194189964745676,dss,specific
20260130,Q2,-0.22881276387986557,dss,specific
20260227,Q2,-0.22019323697974336,dss,specific
20260331,Q2,-0.22347931262526818,dss,specific
20260430,Q2,-0.22407172292503547,dss,specific
20260529,Q2,-0.2098126496369243,dss,specific
20260630,Q2,-0.21098110935281572,dss,specific
20260731,Q2,,dss,specific
20190329,Q3,-0.003548298199832366,dss,specific
20190430,Q3,0.01283145150590165,dss,specific
20190531,Q3,0.024461051681600114,dss,specific
20190628,Q3,0.013936457042806567,dss,specific
20190731,Q3,0.02062341972095989,dss,specific
20190830,Q3,0.011810005673098728,dss,specific
20190930,Q3,0.013810529168055157,dss,specific
20191031,Q3,0.01915070758062361,dss,specific
20191129,Q3,0.02878043361064214,dss,specific
20191231,Q3,0.02784651993299219,dss,specific
20200131,Q3,0.03548251932185386,dss,specific
20200228,Q3,0.038029032791395086,dss,specific
20200331,Q3,0.04414027938045125,dss,specific
20200430,Q3,0.03791933943059551,dss,specific
20200529,Q3,0.0312676380270294,dss,specific
20200630,Q3,0.02550394526882228,dss,specific
20200731,Q3,0.029835200886325963,dss,specific
20200831,Q3,0.031120412028448372,dss,specific
20200930,Q3,0.025460259932523543,dss,specific
20201030,Q3,0.038924507058759494,dss,specific
20201130,Q3,0.0370368861389334,dss,specific
20201231,Q3,0.03120878617296524,dss,specific
20210129,Q3,0.032836140222902016,dss,specific
20210226,Q3,0.03956264008587316,dss,specific
20210331,Q3,0.03718245220898668,dss,specific
20210430,Q3,0.028647993816482288,dss,specific
20210531,Q3,0.03263938913240589,dss,specific
20210630,Q3,0.030218502641693373,dss,specific
20210730,Q3,0.014206295450951381,dss,specific
20210831,Q3,0.020542791363674776,dss,specific
20210930,Q3,0.018349728921906307,dss,specific
20211029,Q3,0.01762587756344966,dss,specific
20211130,Q3,0.023165560700530972,dss,specific
20211231,Q3,0.02468332721714734,dss,specific
20220131,Q3,0.023553372073231518,dss,specific
20220228,Q3,0.02735005532861059,dss,specific
20220331,Q3,0.0379203874143284,dss,specific
20220429,Q3,0.03378584020298489,dss,specific
20220531,Q3,0.023630051508829096,dss,specific
20220630,Q3,0.013776572756731184,dss,specific
20220729,Q3,0.013563880779424933,dss,specific
20220831,Q3,0.013513671664159552,dss,specific
20220930,Q3,0.02033864809848248,dss,specific
20221031,Q3,0.02706123221810627,dss,specific
20221130,Q3,0.029506524279214567,dss,specific
20221230,Q3,0.0390674024699348,dss,specific
20230131,Q3,0.02700445650060634,dss,specific
20230228,Q3,0.02454024845521097,dss,specific
20230331,Q3,0.025659545005405758,dss,specific
20230428,Q3,0.024346239533629545,dss,specific
20230531,Q3,0.036814072219967214,dss,specific
20230630,Q3,0.03635294661806207,dss,specific
20230731,Q3,0.04953903112459717,dss,specific
20230831,Q3,0.035550414380085806,dss,specific
20230929,Q3,0.024580244624692986,dss,specific
20231031,Q3,0.011155285695548715,dss,specific
20231130,Q3,0.013946938153606247,dss,specific
20231229,Q3,0.018019439999319698,dss,specific
20240131,Q3,0.020497352089924693,dss,specific
20240229,Q3,0.023532878874042536,dss,specific
20240329,Q3,0.029225186780973057,dss,specific
20240430,Q3,0.02854742730435503,dss,specific
20240531,Q3,0.04016927134364035,dss,specific
20240628,Q3,0.02811637660254176,dss,specific
20240731,Q3,0.034685007361389464,dss,specific
20240830,Q3,0.03411992717366285,dss,specific
20240930,Q3,0.03411156379963393,dss,specific
20241031,Q3,0.029414283693321306,dss,specific
20241129,Q3,0.01826025598296798,dss,specific
20241231,Q3,0.024096579639259583,dss,specific
20250131,Q3,0.035592224849251106,dss,specific
20250228,Q3,0.04583992846034765,dss,specific
20250331,Q3,0.04907402295952753,dss,specific
20250430,Q3,0.04999475214227603,dss,specific
20250530,Q3,0.06343636222702141,dss,specific
20250630,Q3,0.06056824468806341,dss,specific
20250731,Q3,0.049495173766418224,dss,specific
20250829,Q3,0.05915864294554081,dss,specific
20250930,Q3,0.0689794166630123,dss,specific
20251031,Q3,0.06284615914584316,dss,specific
20251128,Q3,0.0696275280042712,dss,specific
20251231,Q3,0.06154700240230408,dss,specific
20260130,Q3,0.059220699597455614,dss,specific
20260227,Q3,0.05878284408172667,dss,specific
20260331,Q3,0.04800412560461517,dss,specific
20260430,Q3,0.05211289429225698,dss,specific
20260529,Q3,0.04200710518457686,dss,specific
20260630,Q3,0.04499804720678769,dss,specific
20260731,Q3,,dss,specific
20190329,Q4,0.00813991265344273,dss,specific
20190430,Q4,0.013049459919742296,dss,specific
20190531,Q4,0.013891246699380688,dss,specific
20190628,Q4,0.016060989067553835,dss,specific
20190731,Q4,0.02692318234529046,dss,specific
20190830,Q4,0.03081373991132737,dss,specific
20190930,Q4,0.032547345468187085,dss,specific
20191031,Q4,0.03153531893409367,dss,specific
20191129,Q4,0.02978372542878167,dss,specific
20191231,Q4,0.028608895237476558,dss,specific
20200131,Q4,0.03194110578343281,dss,specific
20200228,Q4,0.03720653701271916,dss,specific
20200331,Q4,0.04952635227992885,dss,specific
20200430,Q4,0.053742445253934186,dss,specific
20200529,Q4,0.04987081938578823,dss,specific
20200630,Q4,0.04893825640684176,dss,specific
20200731,Q4,0.05719519262538704,dss,specific
20200831,Q4,0.06056231893684881,dss,specific
20200930,Q4,0.0765036346613779,dss,specific
20201030,Q4,0.07484722341553479,dss,specific
20201130,Q4,0.06164886079477991,dss,specific
20201231,Q4,0.060898968568344924,dss,specific
20210129,Q4,0.08017853609836259,dss,specific
20210226,Q4,0.08955693899979848,dss,specific
20210331,Q4,0.09497354116959408,dss,specific
20210430,Q4,0.09244987001382236,dss,specific
20210531,Q4,0.10363009278849467,dss,specific
20210630,Q4,0.11500994709554994,dss,specific
20210730,Q4,0.12255213853113373,dss,specific
20210831,Q4,0.12522692184910308,dss,specific
20210930,Q4,0.14170467645973683,dss,specific
20211029,Q4,0.15905979992781374,dss,specific
20211130,Q4,0.16536240052196774,dss,specific
20211231,Q4,0.162294107311208,dss,specific
20220131,Q4,0.1622110153754923,dss,specific
20220228,Q4,0.162316773312942,dss,specific
20220331,Q4,0.16041684205616158,dss,specific
20220429,Q4,0.15850653197677267,dss,specific
20220531,Q4,0.1601437310887971,dss,specific
20220630,Q4,0.1612253548626763,dss,specific
20220729,Q4,0.1799234796188504,dss,specific
20220831,Q4,0.19405508783964165,dss,specific
20220930,Q4,0.19723471635407971,dss,specific
20221031,Q4,0.1888128065044634,dss,specific
20221130,Q4,0.2003231027351024,dss,specific
20221230,Q4,0.19832119383782076,dss,specific
20230131,Q4,0.20395342265064678,dss,specific
20230228,Q4,0.2049144363512772,dss,specific
20230331,Q4,0.21199018799446995,dss,specific
20230428,Q4,0.21221151453191228,dss,specific
20230531,Q4,0.2177995110608415,dss,specific
20230630,Q4,0.23456741376955614,dss,specific
20230731,Q4,0.22815876719497064,dss,specific
20230831,Q4,0.2468814307738369,dss,specific
20230929,Q4,0.24916259766917417,dss,specific
20231031,Q4,0.25096151590983523,dss,specific
20231130,Q4,0.25290579864256735,dss,specific
20231229,Q4,0.26700886314620775,dss,specific
20240131,Q4,0.2627487704088419,dss,specific
20240229,Q4,0.27975185288284643,dss,specific
20240329,Q4,0.2861437016797745,dss,specific
20240430,Q4,0.30535822203364155,dss,specific
20240531,Q4,0.29747774494777796,dss,specific
20240628,Q4,0.3067400075302076,dss,specific
20240731,Q4,0.312543550848873,dss,specific
20240830,Q4,0.31226935874303613,dss,specific
20240930,Q4,0.32619690749983477,dss,specific
20241031,Q4,0.32856158039964073,dss,specific
20241129,Q4,0.3264200017108506,dss,specific
20241231,Q4,0.3224967340641463,dss,specific
20250131,Q4,0.326791275145829,dss,specific
20250228,Q4,0.3240461902487722,dss,specific
20250331,Q4,0.3248226712892376,dss,specific
20250430,Q4,0.3208004812782658,dss,specific
20250530,Q4,0.32798121341026865,dss,specific
20250630,Q4,0.33518750096170186,dss,specific
20250731,Q4,0.3467442764253139,dss,specific
20250829,Q4,0.3576357034391946,dss,specific
20250930,Q4,0.36621669903151843,dss,specific
20251031,Q4,0.38226428743652496,dss,specific
20251128,Q4,0.37266714939461415,dss,specific
20251231,Q4,0.3711837064195992,dss,specific
20260130,Q4,0.37112302881821135,dss,specific
20260227,Q4,0.37093847804513497,dss,specific
20260331,Q4,0.3712586407781342,dss,specific
20260430,Q4,0.36944887669900417,dss,specific
20260529,Q4,0.35444528469797604,dss,specific
20260630,Q4,0.35787753571775843,dss,specific
20260731,Q4,,dss,specific
20190329,Q5,0.004647691565119168,dss,specific
20190430,Q5,0.014580520618093985,dss,specific
20190531,Q5,0.012894958250106926,dss,specific
20190628,Q5,0.009211483265106015,dss,specific
20190731,Q5,0.016261500850960512,dss,specific
20190830,Q5,0.01130622993759968,dss,specific
20190930,Q5,0.02355152320546114,dss,specific
20191031,Q5,0.045784088760460626,dss,specific
20191129,Q5,0.049382327718636,dss,specific
20191231,Q5,0.04430544770565198,dss,specific
20200131,Q5,0.043244447200474934,dss,specific
20200228,Q5,0.03258353750811148,dss,specific
20200331,Q5,0.03394783385382163,dss,specific
20200430,Q5,0.036329325636673716,dss,specific
20200529,Q5,0.05131415696332884,dss,specific
20200630,Q5,0.06151650808932301,dss,specific
20200731,Q5,0.06892765649241318,dss,specific
20200831,Q5,0.07507687394242196,dss,specific
20200930,Q5,0.09721012638394823,dss,specific
20201030,Q5,0.10618351652745711,dss,specific
20201130,Q5,0.11910021911191034,dss,specific
20201231,Q5,0.12044469489257315,dss,specific
20210129,Q5,0.12682299178425346,dss,specific
20210226,Q5,0.13470612219475142,dss,specific
20210331,Q5,0.137396971630058,dss,specific
20210430,Q5,0.1334338393432301,dss,specific
20210531,Q5,0.13197437847136623,dss,specific
20210630,Q5,0.13656329401863157,dss,specific
20210730,Q5,0.14097601772784263,dss,specific
20210831,Q5,0.14897453472156794,dss,specific
20210930,Q5,0.143997160933966,dss,specific
20211029,Q5,0.14958200323382487,dss,specific
20211130,Q5,0.15390652485341727,dss,specific
20211231,Q5,0.1642553389660703,dss,specific
20220131,Q5,0.17623590916042586,dss,specific
20220228,Q5,0.1838120708460286,dss,specific
20220331,Q5,0.20149571171247682,dss,specific
20220429,Q5,0.19965742306436443,dss,specific
20220531,Q5,0.2056770391957081,dss,specific
20220630,Q5,0.20772296151122352,dss,specific
20220729,Q5,0.2046568239865953,dss,specific
20220831,Q5,0.20601514388775463,dss,specific
20220930,Q5,0.2005792058306503,dss,specific
20221031,Q5,0.2096822341997741,dss,specific
20221130,Q5,0.20696750815797654,dss,specific
20221230,Q5,0.21379864351410965,dss,specific
20230131,Q5,0.21987407170915527,dss,specific
20230228,Q5,0.21539099103598575,dss,specific
20230331,Q5,0.23319177057004534,dss,specific
20230428,Q5,0.2496873501136705,dss,specific
20230531,Q5,0.2443988625840805,dss,specific
20230630,Q5,0.2586925040642197,dss,specific
20230731,Q5,0.2585261815113089,dss,specific
20230831,Q5,0.261047470534373,dss,specific
20230929,Q5,0.270519021988055,dss,specific
20231031,Q5,0.28025231625364083,dss,specific
20231130,Q5,0.2881020277863582,dss,specific
20231229,Q5,0.30585830709088313,dss,specific
20240131,Q5,0.31684367751456755,dss,specific
20240229,Q5,0.32853404100745104,dss,specific
20240329,Q5,0.3291345830402345,dss,specific
20240430,Q5,0.33849926483789017,dss,specific
20240531,Q5,0.34972445888850423,dss,specific
20240628,Q5,0.3459028765151333,dss,specific
20240731,Q5,0.3424411496966837,dss,specific
20240830,Q5,0.345144409295964,dss,specific
20240930,Q5,0.3374680454619429,dss,specific
20241031,Q5,0.3330915239289634,dss,specific
20241129,Q5,0.34024979167558445,dss,specific
20241231,Q5,0.34935300847337,dss,specific
20250131,Q5,0.3656845814524324,dss,specific
20250228,Q5,0.3804095632497742,dss,specific
20250331,Q5,0.3940507229452358,dss,specific
20250430,Q5,0.3886264046745856,dss,specific
20250530,Q5,0.39722009159989674,dss,specific
20250630,Q5,0.39501944599627187,dss,specific
20250731,Q5,0.4068404758765421,dss,specific
20250829,Q5,0.4101392769710226,dss,specific
20250930,Q5,0.4225990731317154,dss,specific
20251031,Q5,0.41991166517158096,dss,specific
20251128,Q5,0.41476433362890885,dss,specific
20251231,Q5,0.4156061348048763,dss,specific
20260130,Q5,0.4118226388589577,dss,specific
20260227,Q5,0.41970534790328357,dss,specific
20260331,Q5,0.4334646183221638,dss,specific
20260430,Q5,0.43261461389392514,dss,specific
20260529,Q5,0.4426508427001784,dss,specific
20260630,Q5,0.45837845425468504,dss,specific
20260731,Q5,,dss,specific
20190329,spread,0.006523137985790461,dss,specific
20190430,spread,0.0173944261146021,dss,specific
20190531,spread,0.02885570896035636,dss,specific
20190628,spread,0.037099826677169545,dss,specific
20190731,spread,0.058677936391964655,dss,specific
20190830,spread,0.05884819030914104,dss,specific
20190930,spread,0.07890181945003598,dss,specific
20191031,spread,0.11096485675662629,dss,specific
20191129,spread,0.12178966173323737,dss,specific
20191231,spread,0.11152799653864158,dss,specific
20200131,spread,0.10934453554949876,dss,specific
20200228,spread,0.09356600794053033,dss,specific
20200331,spread,0.09935504842384046,dss,specific
20200430,spread,0.10929735536100062,dss,specific
20200529,spread,0.1323841767485787,dss,specific
20200630,spread,0.14405639675784568,dss,specific
20200731,spread,0.16501092778986332,dss,specific
20200831,spread,0.17772687684238322,dss,specific
20200930,spread,0.20214031006472052,dss,specific
20201030,spread,0.21420448141087894,dss,specific
20201130,spread,0.24768312268585013,dss,specific
20201231,spread,0.2561516437695842,dss,specific
20210129,spread,0.2642781670753817,dss,specific
20210226,spread,0.28860120026242264,dss,specific
20210331,spread,0.3083812249797775,dss,specific
20210430,spread,0.2997038055422115,dss,specific
20210531,spread,0.31137915661173793,dss,specific
20210630,spread,0.3222653346532817,dss,specific
20210730,spread,0.3254601509549982,dss,specific
20210831,spread,0.33419048994803446,dss,specific
20210930,spread,0.3317157021448516,dss,specific
20211029,spread,0.3424251828413571,dss,specific
20211130,spread,0.34517802509302575,dss,specific
20211231,spread,0.35790687257740744,dss,specific
20220131,spread,0.36515442741479753,dss,specific
20220228,spread,0.3776043218124102,dss,specific
20220331,spread,0.4030720431565048,dss,specific
20220429,spread,0.42352821486813896,dss,specific
20220531,spread,0.42967225657910835,dss,specific
20220630,spread,0.42987075087441884,dss,specific
20220729,spread,0.41650709788980433,dss,specific
20220831,spread,0.4101478826138531,dss,specific
20220930,spread,0.4120631869868827,dss,specific
20221031,spread,0.4206494340657776,dss,specific
20221130,spread,0.4187748063632818,dss,specific
20221230,spread,0.4302428991372948,dss,specific
20230131,spread,0.4474079285858794,dss,specific
20230228,spread,0.44089705967795084,dss,specific
20230331,spread,0.4662572072148659,dss,specific
20230428,spread,0.4893374396560501,dss,specific
20230531,spread,0.48642230349598714,dss,specific
20230630,spread,0.5010539634788868,dss,specific
20230731,spread,0.5103803931859535,dss,specific
20230831,spread,0.5021285811724941,dss,specific
20230929,spread,0.5146787141294525,dss,specific
20231031,spread,0.5324033104050958,dss,specific
20231130,spread,0.5561134880369815,dss,specific
20231229,spread,0.5887127929037037,dss,specific
20240131,spread,0.6071542987405568,dss,specific
20240229,spread,0.6189447798593911,dss,specific
20240329,spread,0.6248861959682966,dss,specific
20240430,spread,0.6483125440802816,dss,specific
20240531,spread,0.6560080228182096,dss,specific
20240628,spread,0.6534392301541349,dss,specific
20240731,spread,0.6632877936635553,dss,specific
20240830,spread,0.667217658082067,dss,specific
20240930,spread,0.6608771100836813,dss,specific
20241031,spread,0.6535991966101758,dss,specific
20241129,spread,0.6637220683449025,dss,specific
20241231,spread,0.6725405271610493,dss,specific
20250131,spread,0.6977747874142972,dss,specific
20250228,spread,0.7240130762984864,dss,specific
20250331,spread,0.7420216996605457,dss,specific
20250430,spread,0.7496628200424186,dss,specific
20250530,spread,0.7485191584196231,dss,specific
20250630,spread,0.7467348251350101,dss,specific
20250731,spread,0.7547931468142343,dss,specific
20250829,spread,0.7629543880175633,dss,specific
20250930,spread,0.7885800333135217,dss,specific
20251031,spread,0.7853335913969512,dss,specific
20251128,spread,0.8003068884427628,dss,specific
20251231,spread,0.8034585114083153,dss,specific
20260130,spread,0.8099962484122036,dss,specific
20260227,spread,0.8355169483537984,dss,specific
20260331,spread,0.8653554757358924,dss,specific
20260430,spread,0.8708639225608824,dss,specific
20260529,spread,0.872923261096244,dss,specific
20260630,spread,0.8877628611466205,dss,specific
20260731,spread,,dss,specific
