signal,returns,horizon,portfolio,arith_mean,geo_mean,t_stat,hit_rate
ai,total,1,Q1,0.0034056120898096937,0.002475978025734929,,
ai,total,1,Q2,0.00884015367672892,0.007996159087432377,,
ai,total,1,Q3,0.011780403347311117,0.010900582388462922,,
ai,total,1,Q4,0.01533308220794747,0.014476956275561222,,
ai,total,1,Q5,0.02188568051430922,0.02100674841745664,,
ai,total,1,spread,0.018480068424499528,0.018424966617233897,16.36994515313916,0.9545454545454546
ai,total,3,Q1,0.013903513229088098,0.011593927379852983,,
ai,total,3,Q2,0.026721654707283323,0.024553890900199906,,
ai,total,3,Q3,0.03629100286891221,0.034169047709103416,,
ai,total,3,Q4,0.044022146501945185,0.041931705221355885,,
ai,total,3,Q5,0.05571859599968327,0.053469359988372094,,
ai,total,3,spread,0.041815082770595174,0.04167805828067753,18.598931899564505,1.0
ai,total,6,Q1,0.04368833507327097,0.04003904970144571,,
ai,total,6,Q2,0.06446649859131649,0.06096881569491096,,
ai,total,6,Q3,0.07506697161982061,0.07138785484386367,,
ai,total,6,Q4,0.08691484308126762,0.08347614765055784,,
ai,total,6,Q5,0.1045718767836074,0.1009775599690916,,
ai,total,6,spread,0.06088354171033643,0.060507757697158576,13.084791688363232,0.963855421686747
ai,specific,1,Q1,-0.008426004636360781,-0.008452898792782016,,
ai,specific,1,Q2,-0.002875877224757742,-0.0028936457956723577,,
ai,specific,1,Q3,0.00023076439041557308,0.00020806994666551333,,
ai,specific,1,Q4,0.00369117680562019,0.003670788236311039,,
ai,specific,1,Q5,0.009930387739006834,0.00990233028257801,,
ai,specific,1,spread,0.018356392375367615,0.018301354724501766,16.278083141257287,0.9431818181818182
ai,specific,3,Q1,-0.01981788661824323,-0.01990543935348837,,
ai,specific,3,Q2,-0.007202164298286685,-0.0072609234438041695,,
ai,specific,3,Q3,0.002206336267661761,0.0021415245849979846,,
ai,specific,3,Q4,0.00986429939370238,0.009799568346759711,,
ai,specific,3,Q5,0.02097316355745525,0.02090931825085904,,
ai,specific,3,spread,0.04079105017569848,0.040677128748536955,19.96856561848254,0.9883720930232558
ai,specific,6,Q1,-0.026316701270203812,-0.02647897629889735,,
ai,specific,6,Q2,-0.006841375719342256,-0.006962285829609698,,
ai,specific,6,Q3,0.0026653163837239034,0.002533805927580831,,
ai,specific,6,Q4,0.013591510506102963,0.013442896886786891,,
ai,specific,6,Q5,0.029656558403482573,0.029547504272321543,,
ai,specific,6,spread,0.05597325967368639,0.05567789013426724,13.922914458406288,0.963855421686747
dss,total,1,Q1,0.006757528990043527,0.005851027565146459,,
dss,total,1,Q2,0.009437833855849703,0.00852388710667207,,
dss,total,1,Q3,0.012281423470067705,0.011416173121952844,,
dss,total,1,Q4,0.015817172509696543,0.014953990962529083,,
dss,total,1,Q5,0.016909916935696226,0.016039322224091844,,
dss,total,1,spread,0.010152387945652703,0.010085802287285965,8.210215270006737,0.7954545454545454
dss,total,3,Q1,0.025478704825885046,0.02323896987853512,,
dss,total,3,Q2,0.03118518136237485,0.029069463460978072,,
dss,total,3,Q3,0.036604486067876384,0.03437073865978867,,
dss,total,3,Q4,0.03955319063978624,0.037395112370822686,,
dss,total,3,Q5,0.04373834920513659,0.04146540864338303,,
dss,total,3,spread,0.01825964437925154,0.018063085179247474,7.592578110219987,0.7790697674418605
dss,total,6,Q1,0.06449165083121827,0.060610258628394906,,
dss,total,6,Q2,0.06712488725196655,0.06371951480013027,,
dss,total,6,Q3,0.07492856238146388,0.07137274911910182,,
dss,total,6,Q4,0.08302432574036345,0.07959094206980237,,
dss,total,6,Q5,0.08497603833241808,0.08128175490187509,,
dss,total,6,spread,0.020484387501199797,0.020073867645728858,6.331473682170968,0.7710843373493976
dss,specific,1,Q1,-0.004879368260135624,-0.004905967449609454,,
dss,specific,1,Q2,-0.002397512606281997,-0.0024291257741958687,,
dss,specific,1,Q3,0.0005113414455316782,0.000483125218485812,,
dss,specific,1,Q4,0.004066790178610891,0.004039017794030262,,
dss,specific,1,Q5,0.005208846071075967,0.005181532208551003,,
dss,specific,1,spread,0.010088214331211591,0.010028018153125338,8.582827593930544,0.8068181818181818
dss,specific,3,Q1,-0.008715607999325158,-0.008813316919968693,,
dss,specific,3,Q2,-0.0030282707970405694,-0.003096322206058677,,
dss,specific,3,Q3,0.002300303771398832,0.0022188147195295843,,
dss,specific,3,Q4,0.006032846156746342,0.005945158578267508,,
dss,specific,3,Q5,0.009339277123889456,0.009257660169084067,,
dss,specific,3,spread,0.018054885123214612,0.017875786611017602,7.980697836180804,0.7906976744186046
dss,specific,6,Q1,-0.008125699599451721,-0.00828812947112535,,
dss,specific,6,Q2,-0.004264379421968334,-0.004429042572290914,,
dss,specific,6,Q3,0.0028630229151134856,0.002721607412394794,,
dss,specific,6,Q4,0.010593705074945529,0.010460670104433098,,
dss,specific,6,Q5,0.01154074281353209,0.011371168758289604,,
dss,specific,6,spread,0.019666442412983813,0.01932689247244311,6.571339172044944,0.7951807228915663
