signal,returns,horizon,mean_ic,std_ic,t_stat,hit_rate,n_periods
ai,total,1,0.08431602966900215,0.04517442827005739,17.609236611658936,0.9772727272727273,88.0
ai,total,3,0.11201454313829742,0.03859018322724029,20.439409307585876,1.0,86.0
ai,total,6,0.10763643435213305,0.043702570425674304,13.856491566716192,1.0,83.0
ai,specific,1,0.08638811345650935,0.044339866395785195,18.381572252489942,0.9659090909090909,88.0
ai,specific,3,0.1148034482979874,0.038332654094896064,20.414200289882565,1.0,86.0
ai,specific,6,0.1082369975793154,0.04404113450900362,13.917283938015416,1.0,83.0
dss,total,1,0.05928169984637761,0.04671395902602526,11.972835580392234,0.9204545454545454,88.0
dss,total,3,0.057547259464159436,0.044545680398802676,12.525908197277555,0.9186046511627907,86.0
dss,total,6,0.051202008137039796,0.05049971605210215,12.306039339782277,0.8674698795180723,83.0
dss,specific,1,0.06102373789450306,0.04662508321027024,12.348159539230307,0.9318181818181818,88.0
dss,specific,3,0.06079597546473953,0.04525562458995176,13.375996390010684,0.9069767441860465,86.0
dss,specific,6,0.053282986764264885,0.05131320867124044,11.897995621196033,0.8674698795180723,83.0
