date,ic,n,signal,returns,horizon
20190329,0.07132197916629968,523.0,ai,total,1
20190430,0.04582676425166823,502.0,ai,total,1
20190531,0.1255718393113148,503.0,ai,total,1
20190628,0.06084876925759766,497.0,ai,total,1
20190731,0.05509647359358342,519.0,ai,total,1
20190830,0.08916422053837578,513.0,ai,total,1
20190930,0.06440237382804308,493.0,ai,total,1
20191031,0.15218338137413281,519.0,ai,total,1
20191129,0.08057838171831137,523.0,ai,total,1
20191231,0.03945914015121605,506.0,ai,total,1
20200131,0.04988012277402107,507.0,ai,total,1
20200228,0.002287271929319673,511.0,ai,total,1
20200331,0.08339502181583061,521.0,ai,total,1
20200430,0.08709224808105634,518.0,ai,total,1
20200529,-0.008208733618282196,502.0,ai,total,1
20200630,0.15014757659030636,500.0,ai,total,1
20200731,0.15633571798185464,515.0,ai,total,1
20200831,0.15344546392553227,520.0,ai,total,1
20200930,0.09127123779504041,514.0,ai,total,1
20201030,0.13099962169687246,503.0,ai,total,1
20201130,0.10489168982022723,497.0,ai,total,1
20201231,0.06175925030250267,521.0,ai,total,1
20210129,0.12087723243792609,519.0,ai,total,1
20210226,0.08764605661364826,513.0,ai,total,1
20210331,0.1514609095178828,508.0,ai,total,1
20210430,0.09937500897975604,489.0,ai,total,1
20210531,0.05128460844881334,513.0,ai,total,1
20210630,0.12986664426534703,521.0,ai,total,1
20210730,0.13967054776207705,513.0,ai,total,1
20210831,0.11182064531331527,531.0,ai,total,1
20210930,0.08142367058711263,501.0,ai,total,1
20211029,0.185825259544588,505.0,ai,total,1
20211130,0.016984437826049494,510.0,ai,total,1
20211231,0.04747198920690612,507.0,ai,total,1
20220131,0.11064864085431331,507.0,ai,total,1
20220228,0.05747879530923839,504.0,ai,total,1
20220331,0.10296533523630515,508.0,ai,total,1
20220429,0.07524469966934949,506.0,ai,total,1
20220531,0.048793097014151784,525.0,ai,total,1
20220630,0.07335448624663024,501.0,ai,total,1
20220729,0.07584858144444911,518.0,ai,total,1
20220831,0.1023117668091539,510.0,ai,total,1
20220930,0.027265696069470036,516.0,ai,total,1
20221031,0.15399787818348806,510.0,ai,total,1
20221130,0.06918523386277041,515.0,ai,total,1
20221230,0.10496058768104027,518.0,ai,total,1
20230131,0.06402149044549327,511.0,ai,total,1
20230228,-0.01420452627581431,492.0,ai,total,1
20230331,0.16529085228535886,521.0,ai,total,1
20230428,0.1429198500650974,504.0,ai,total,1
20230531,0.10179442255753539,512.0,ai,total,1
20230630,0.12616121860633267,505.0,ai,total,1
20230731,0.09429947348294977,497.0,ai,total,1
20230831,0.09700173868740283,483.0,ai,total,1
20230929,0.06460223617315373,509.0,ai,total,1
20231031,0.062125651600462344,512.0,ai,total,1
20231130,0.01203606651386144,533.0,ai,total,1
20231229,0.1732124905507161,487.0,ai,total,1
20240131,0.13157111440498306,506.0,ai,total,1
20240229,0.022387538862464813,510.0,ai,total,1
20240329,0.1546791039435074,501.0,ai,total,1
20240430,0.10907488264354386,505.0,ai,total,1
20240531,0.0682945320516101,506.0,ai,total,1
20240628,0.06296013714175339,499.0,ai,total,1
20240731,0.05845208235009972,520.0,ai,total,1
20240830,0.06683070676934552,510.0,ai,total,1
20240930,0.06935177023610566,503.0,ai,total,1
20241031,0.07616845437943326,508.0,ai,total,1
20241129,0.033396637277499676,509.0,ai,total,1
20241231,0.12111124364816184,501.0,ai,total,1
20250131,0.0023454727143810824,525.0,ai,total,1
20250228,0.07077538545053311,496.0,ai,total,1
20250331,0.05487176763164884,499.0,ai,total,1
20250430,0.008557709914054542,512.0,ai,total,1
20250530,0.130748981955796,511.0,ai,total,1
20250630,0.026656268111283177,505.0,ai,total,1
20250731,0.1527028539553439,509.0,ai,total,1
20250829,0.05228405896885922,526.0,ai,total,1
20250930,0.07577805815909637,512.0,ai,total,1
20251031,0.03518084822936236,521.0,ai,total,1
20251128,0.10469593543205252,505.0,ai,total,1
20251231,0.08236547904206504,507.0,ai,total,1
20260130,0.02144716508544234,515.0,ai,total,1
20260227,0.13246254039969993,520.0,ai,total,1
20260331,0.11494116606730967,510.0,ai,total,1
20260430,0.08874747723219527,505.0,ai,total,1
20260529,0.048352124436386194,501.0,ai,total,1
20260630,0.07984652851701429,506.0,ai,total,1
20260731,,,ai,total,1
20190329,0.12131391793922489,523.0,ai,total,3
20190430,0.10869321371672155,502.0,ai,total,3
20190531,0.1518498570331002,503.0,ai,total,3
20190628,0.088900386383595,497.0,ai,total,3
20190731,0.046648875261592025,519.0,ai,total,3
20190830,0.10054538350171797,513.0,ai,total,3
20190930,0.14924565522929786,493.0,ai,total,3
20191031,0.163180632833812,519.0,ai,total,3
20191129,0.12869056984067626,523.0,ai,total,3
20191231,0.02174457219326255,506.0,ai,total,3
20200131,0.109572425309923,507.0,ai,total,3
20200228,0.058758597617129045,511.0,ai,total,3
20200331,0.06678359476691596,521.0,ai,total,3
20200430,0.126094253630842,518.0,ai,total,3
20200529,0.09531450749661442,502.0,ai,total,3
20200630,0.20256609026436107,500.0,ai,total,3
20200731,0.1688565723086168,515.0,ai,total,3
20200831,0.13984522018316523,520.0,ai,total,3
20200930,0.1458704560502158,514.0,ai,total,3
20201030,0.12460609139697953,503.0,ai,total,3
20201130,0.12605569288251858,497.0,ai,total,3
20201231,0.14750615612022722,521.0,ai,total,3
20210129,0.13296874973175551,519.0,ai,total,3
20210226,0.15828654401893189,513.0,ai,total,3
20210331,0.17241889386651327,508.0,ai,total,3
20210430,0.13391812925512153,489.0,ai,total,3
20210531,0.1599155481318406,513.0,ai,total,3
20210630,0.182363288310075,521.0,ai,total,3
20210730,0.12625950719047943,513.0,ai,total,3
20210831,0.10587758170610409,531.0,ai,total,3
20210930,0.11012744232650237,501.0,ai,total,3
20211029,0.13552299329311812,505.0,ai,total,3
20211130,0.06579101215532637,510.0,ai,total,3
20211231,0.09262359582323768,507.0,ai,total,3
20220131,0.11103877819702221,507.0,ai,total,3
20220228,0.102093145980318,504.0,ai,total,3
20220331,0.1309842213039537,508.0,ai,total,3
20220429,0.13979525557392375,506.0,ai,total,3
20220531,0.0686841286887727,525.0,ai,total,3
20220630,0.0453498103394804,501.0,ai,total,3
20220729,0.1193579477923347,518.0,ai,total,3
20220831,0.11271151731139478,510.0,ai,total,3
20220930,0.06605837296209745,516.0,ai,total,3
20221031,0.14814074188493387,510.0,ai,total,3
20221130,0.10714454519337968,515.0,ai,total,3
20221230,0.07267598031341728,518.0,ai,total,3
20230131,0.04452018821227121,511.0,ai,total,3
20230228,0.06499587942385085,492.0,ai,total,3
20230331,0.0937586020218888,521.0,ai,total,3
20230428,0.1599099415763786,504.0,ai,total,3
20230531,0.14470617539854203,512.0,ai,total,3
20230630,0.1879077659318727,505.0,ai,total,3
20230731,0.15579768936197833,497.0,ai,total,3
20230831,0.12251494753585843,483.0,ai,total,3
20230929,0.10426933083150808,509.0,ai,total,3
20231031,0.1473233061249013,512.0,ai,total,3
20231130,0.1435428168202829,533.0,ai,total,3
20231229,0.15721925289255098,487.0,ai,total,3
20240131,0.11923633834955402,506.0,ai,total,3
20240229,0.11264366984245591,510.0,ai,total,3
20240329,0.14856759787198512,501.0,ai,total,3
20240430,0.12437967399224395,505.0,ai,total,3
20240531,0.1292839085812363,506.0,ai,total,3
20240628,0.0839663906125504,499.0,ai,total,3
20240731,0.10563201900780812,520.0,ai,total,3
20240830,0.08586436431557848,510.0,ai,total,3
20240930,0.10201700063327114,503.0,ai,total,3
20241031,0.10078998288918097,508.0,ai,total,3
20241129,0.029962845710968206,509.0,ai,total,3
20241231,0.0815714865090536,501.0,ai,total,3
20250131,0.03429574865966472,525.0,ai,total,3
20250228,0.06191744799195958,496.0,ai,total,3
20250331,0.057573073858560496,499.0,ai,total,3
20250430,0.0948649091335645,512.0,ai,total,3
20250530,0.12044677031771613,511.0,ai,total,3
20250630,0.05392871585295175,505.0,ai,total,3
20250731,0.05469606372010618,509.0,ai,total,3
20250829,0.07166243904651276,526.0,ai,total,3
20250930,0.12131302142342157,512.0,ai,total,3
20251031,0.12260318607859809,521.0,ai,total,3
20251128,0.1451654171628343,505.0,ai,total,3
20251231,0.09852353687447044,507.0,ai,total,3
20260130,0.10367167931909689,515.0,ai,total,3
20260227,0.14611936719156052,520.0,ai,total,3
20260331,0.1161070569735551,510.0,ai,total,3
20260430,0.08723064853069158,505.0,ai,total,3
20260529,,,ai,total,3
20260630,,,ai,total,3
20260731,,,ai,total,3
20190329,0.14989159704735958,523.0,ai,total,6
20190430,0.08853115057300352,502.0,ai,total,6
20190531,0.11507883075291374,503.0,ai,total,6
20190628,0.11596727664862083,497.0,ai,total,6
20190731,0.05979362771270286,519.0,ai,total,6
20190830,0.0794245945400141,513.0,ai,total,6
20190930,0.12458370980635183,493.0,ai,total,6
20191031,0.15741779701317274,519.0,ai,total,6
20191129,0.05407699285528663,523.0,ai,total,6
20191231,0.035795609404007035,506.0,ai,total,6
20200131,0.1777037383389265,507.0,ai,total,6
20200228,0.08272139763439622,511.0,ai,total,6
20200331,0.09385872913240707,521.0,ai,total,6
20200430,0.1694199826040928,518.0,ai,total,6
20200529,0.11324134777185113,502.0,ai,total,6
20200630,0.15268534674138698,500.0,ai,total,6
20200731,0.11386545873369101,515.0,ai,total,6
20200831,0.12137781005676228,520.0,ai,total,6
20200930,0.12764249788083218,514.0,ai,total,6
20201030,0.13555048008288723,503.0,ai,total,6
20201130,0.12109559807347779,497.0,ai,total,6
20201231,0.13531500158676013,521.0,ai,total,6
20210129,0.07757501832646341,519.0,ai,total,6
20210226,0.1384025075659317,513.0,ai,total,6
20210331,0.18153761574609092,508.0,ai,total,6
20210430,0.20432885816500995,489.0,ai,total,6
20210531,0.17519842793592283,513.0,ai,total,6
20210630,0.1161107066428398,521.0,ai,total,6
20210730,0.14552303413771134,513.0,ai,total,6
20210831,0.10863824094935132,531.0,ai,total,6
20210930,0.13867127895603215,501.0,ai,total,6
20211029,0.12777644224049733,505.0,ai,total,6
20211130,0.03572001882541105,510.0,ai,total,6
20211231,0.0968751444484202,507.0,ai,total,6
20220131,0.1332766067314299,507.0,ai,total,6
20220228,0.11298189177054599,504.0,ai,total,6
20220331,0.10114596627979598,508.0,ai,total,6
20220429,0.08139513719830949,506.0,ai,total,6
20220531,0.05016830381762318,525.0,ai,total,6
20220630,0.03755898561442851,501.0,ai,total,6
20220729,0.12908425342320312,518.0,ai,total,6
20220831,0.09290729344460016,510.0,ai,total,6
20220930,0.03429104726933832,516.0,ai,total,6
20221031,0.12654914429641384,510.0,ai,total,6
20221130,0.09126442012452417,515.0,ai,total,6
20221230,0.0593262252344776,518.0,ai,total,6
20230131,0.05839751568435594,511.0,ai,total,6
20230228,0.0415892536744365,492.0,ai,total,6
20230331,0.15859056666853344,521.0,ai,total,6
20230428,0.18206292654258324,504.0,ai,total,6
20230531,0.1162704492395372,512.0,ai,total,6
20230630,0.15752022407209665,505.0,ai,total,6
20230731,0.1525546594764858,497.0,ai,total,6
20230831,0.1003803897871764,483.0,ai,total,6
20230929,0.12869206528890348,509.0,ai,total,6
20231031,0.11558201296620547,512.0,ai,total,6
20231130,0.14032652092106015,533.0,ai,total,6
20231229,0.15523911103796878,487.0,ai,total,6
20240131,0.11922022148188577,506.0,ai,total,6
20240229,0.12732351007523607,510.0,ai,total,6
20240329,0.1491730801345516,501.0,ai,total,6
20240430,0.11855909193403813,505.0,ai,total,6
20240531,0.13332711197541158,506.0,ai,total,6
20240628,0.0835661684815414,499.0,ai,total,6
20240731,0.11986090640412587,520.0,ai,total,6
20240830,0.0867234037356364,510.0,ai,total,6
20240930,0.06239031378037976,503.0,ai,total,6
20241031,0.07572505413666156,508.0,ai,total,6
20241129,0.04236153134273216,509.0,ai,total,6
20241231,0.08438924541355536,501.0,ai,total,6
20250131,0.018207081282575435,525.0,ai,total,6
20250228,0.061742596340506384,496.0,ai,total,6
20250331,0.01909138759446604,499.0,ai,total,6
20250430,0.008971039899978257,512.0,ai,total,6
20250530,0.0491169455796017,511.0,ai,total,6
20250630,0.0732559591362863,505.0,ai,total,6
20250731,0.08497266889367941,509.0,ai,total,6
20250829,0.09597081859850527,526.0,ai,total,6
20250930,0.09340041742484063,512.0,ai,total,6
20251031,0.11077783491245666,521.0,ai,total,6
20251128,0.13833787105418616,505.0,ai,total,6
20251231,0.17261850939727325,507.0,ai,total,6
20260130,0.17619044272231218,515.0,ai,total,6
20260227,,,ai,total,6
20260331,,,ai,total,6
20260430,,,ai,total,6
20260529,,,ai,total,6
20260630,,,ai,total,6
20260731,,,ai,total,6
20190329,0.08524558893177585,523.0,ai,specific,1
20190430,0.047901298462060614,502.0,ai,specific,1
20190531,0.12647252512245818,503.0,ai,specific,1
20190628,0.05405372381979401,497.0,ai,specific,1
20190731,0.04956033655455621,519.0,ai,specific,1
20190830,0.09573267942066581,513.0,ai,specific,1
20190930,0.06530380596445427,493.0,ai,specific,1
20191031,0.1413372910482737,519.0,ai,specific,1
20191129,0.07124581273358475,523.0,ai,specific,1
20191231,0.048712723086046704,506.0,ai,specific,1
20200131,0.048538168175805446,507.0,ai,specific,1
20200228,0.026818899648900656,511.0,ai,specific,1
20200331,0.10728450185065448,521.0,ai,specific,1
20200430,0.08374032639190676,518.0,ai,specific,1
20200529,-0.021120740784199545,502.0,ai,specific,1
20200630,0.14289263557054227,500.0,ai,specific,1
20200731,0.1675981526075486,515.0,ai,specific,1
20200831,0.1575327571477705,520.0,ai,specific,1
20200930,0.11944913345532494,514.0,ai,specific,1
20201030,0.1491386531880619,503.0,ai,specific,1
20201130,0.09843065388053154,497.0,ai,specific,1
20201231,0.0519450115485591,521.0,ai,specific,1
20210129,0.13331708129395992,519.0,ai,specific,1
20210226,0.09336743691264478,513.0,ai,specific,1
20210331,0.1439361034986238,508.0,ai,specific,1
20210430,0.09717799621105608,489.0,ai,specific,1
20210531,0.05232394631601702,513.0,ai,specific,1
20210630,0.14113416863102482,521.0,ai,specific,1
20210730,0.10021135188408765,513.0,ai,specific,1
20210831,0.11599144968272937,531.0,ai,specific,1
20210930,0.10503413889352768,501.0,ai,specific,1
20211029,0.1829997596032895,505.0,ai,specific,1
20211130,0.014628321388032566,510.0,ai,specific,1
20211231,0.05475274205687921,507.0,ai,specific,1
20220131,0.08434471014462061,507.0,ai,specific,1
20220228,0.08031743532206104,504.0,ai,specific,1
20220331,0.10463577516824998,508.0,ai,specific,1
20220429,0.08425458444995516,506.0,ai,specific,1
20220531,0.05711391502295052,525.0,ai,specific,1
20220630,0.06977159624973162,501.0,ai,specific,1
20220729,0.09012230793069559,518.0,ai,specific,1
20220831,0.10813633632261743,510.0,ai,specific,1
20220930,0.024050732970185514,516.0,ai,specific,1
20221031,0.14675095433119018,510.0,ai,specific,1
20221130,0.06467384667556333,515.0,ai,specific,1
20221230,0.0999994431306693,518.0,ai,specific,1
20230131,0.055320450097847355,511.0,ai,specific,1
20230228,-0.01174276037592713,492.0,ai,specific,1
20230331,0.17940656867786392,521.0,ai,specific,1
20230428,0.14157347288264754,504.0,ai,specific,1
20230531,0.10408146150192833,512.0,ai,specific,1
20230630,0.12012577034100926,505.0,ai,specific,1
20230731,0.10491563840876585,497.0,ai,specific,1
20230831,0.09942978806246154,483.0,ai,specific,1
20230929,0.078061224954069,509.0,ai,specific,1
20231031,0.0588695268422197,512.0,ai,specific,1
20231130,0.03116598968382442,533.0,ai,specific,1
20231229,0.1619628037952563,487.0,ai,specific,1
20240131,0.1383443669810768,506.0,ai,specific,1
20240229,0.02984171411654793,510.0,ai,specific,1
20240329,0.16323887682801727,501.0,ai,specific,1
20240430,0.1026889956076353,505.0,ai,specific,1
20240531,0.06404255038315769,506.0,ai,specific,1
20240628,0.07657280826713668,499.0,ai,specific,1
20240731,0.06937628069289059,520.0,ai,specific,1
20240830,0.09217056039521603,510.0,ai,specific,1
20240930,0.06078148826637971,503.0,ai,specific,1
20241031,0.0720205018606059,508.0,ai,specific,1
20241129,0.022568659906763936,509.0,ai,specific,1
20241231,0.12393577784669704,501.0,ai,specific,1
20250131,-0.0005569492186042269,525.0,ai,specific,1
20250228,0.07659947957539961,496.0,ai,specific,1
20250331,0.06131530530941401,499.0,ai,specific,1
20250430,0.013318023225872902,512.0,ai,specific,1
20250530,0.13210454558535742,511.0,ai,specific,1
20250630,0.02568340685000177,505.0,ai,specific,1
20250731,0.12925606794239128,509.0,ai,specific,1
20250829,0.06775350002628305,526.0,ai,specific,1
20250930,0.07423971601377874,512.0,ai,specific,1
20251031,0.03520172218630092,521.0,ai,specific,1
20251128,0.08313179144001356,505.0,ai,specific,1
20251231,0.09433975815352057,507.0,ai,specific,1
20260130,0.03495918745656721,515.0,ai,specific,1
20260227,0.14307045400429622,520.0,ai,specific,1
20260331,0.11268103118201825,510.0,ai,specific,1
20260430,0.08133161142201177,505.0,ai,specific,1
20260529,0.0552254216666269,501.0,ai,specific,1
20260630,0.07688732341204277,506.0,ai,specific,1
20260731,,,ai,specific,1
20190329,0.12854595427900167,523.0,ai,specific,3
20190430,0.0973028162110193,502.0,ai,specific,3
20190531,0.1276118662715417,503.0,ai,specific,3
20190628,0.08171375708584973,497.0,ai,specific,3
20190731,0.0452966655278794,519.0,ai,specific,3
20190830,0.10062591374269006,513.0,ai,specific,3
20190930,0.14919107456999955,493.0,ai,specific,3
20191031,0.1550818810934418,519.0,ai,specific,3
20191129,0.1106928108785798,523.0,ai,specific,3
20191231,0.03598271327004066,506.0,ai,specific,3
20200131,0.11116437350867077,507.0,ai,specific,3
20200228,0.0704438025210084,511.0,ai,specific,3
20200331,0.07784254927017518,521.0,ai,specific,3
20200430,0.11804675794344961,518.0,ai,specific,3
20200529,0.09934680629632041,502.0,ai,specific,3
20200630,0.19158249432997732,500.0,ai,specific,3
20200731,0.17188129528321033,515.0,ai,specific,3
20200831,0.17166768083746328,520.0,ai,specific,3
20200930,0.19161832401385517,514.0,ai,specific,3
20201030,0.15138122130431225,503.0,ai,specific,3
20201130,0.13010847830863925,497.0,ai,specific,3
20201231,0.1514013552798383,521.0,ai,specific,3
20210129,0.14260220329584491,519.0,ai,specific,3
20210226,0.15569428800600724,513.0,ai,specific,3
20210331,0.1614873936203273,508.0,ai,specific,3
20210430,0.143535396658915,489.0,ai,specific,3
20210531,0.15440589303592964,513.0,ai,specific,3
20210630,0.1643220800643529,521.0,ai,specific,3
20210730,0.10713819700434614,513.0,ai,specific,3
20210831,0.1262592842836224,531.0,ai,specific,3
20210930,0.11201679509506883,501.0,ai,specific,3
20211029,0.12015884818295494,505.0,ai,specific,3
20211130,0.057887686656867984,510.0,ai,specific,3
20211231,0.09480033568201476,507.0,ai,specific,3
20220131,0.12931436930067536,507.0,ai,specific,3
20220228,0.12217651188578102,504.0,ai,specific,3
20220331,0.13148309234505728,508.0,ai,specific,3
20220429,0.136815209691795,506.0,ai,specific,3
20220531,0.07670524233842377,525.0,ai,specific,3
20220630,0.05428365579597776,501.0,ai,specific,3
20220729,0.13606756750281532,518.0,ai,specific,3
20220831,0.13590467702003967,510.0,ai,specific,3
20220930,0.05924570474274312,516.0,ai,specific,3
20221031,0.15430129206458265,510.0,ai,specific,3
20221130,0.09933784492551305,515.0,ai,specific,3
20221230,0.0761798539439666,518.0,ai,specific,3
20230131,0.07375163678485093,511.0,ai,specific,3
20230228,0.06077172209653544,492.0,ai,specific,3
20230331,0.10206694600433432,521.0,ai,specific,3
20230428,0.14849057470359361,504.0,ai,specific,3
20230531,0.14890089807852966,512.0,ai,specific,3
20230630,0.1992664173249623,505.0,ai,specific,3
20230731,0.16166695079141777,497.0,ai,specific,3
20230831,0.12284413305357002,483.0,ai,specific,3
20230929,0.11442046861904888,509.0,ai,specific,3
20231031,0.15011567517538138,512.0,ai,specific,3
20231130,0.14999244744236162,533.0,ai,specific,3
20231229,0.15530705860987165,487.0,ai,specific,3
20240131,0.1152833523640504,506.0,ai,specific,3
20240229,0.10656336060273883,510.0,ai,specific,3
20240329,0.13974120285325764,501.0,ai,specific,3
20240430,0.10967839019926838,505.0,ai,specific,3
20240531,0.1445434329900703,506.0,ai,specific,3
20240628,0.11576376850085714,499.0,ai,specific,3
20240731,0.11752734634032272,520.0,ai,specific,3
20240830,0.09334667365344824,510.0,ai,specific,3
20240930,0.10585868209449431,503.0,ai,specific,3
20241031,0.11001873100571395,508.0,ai,specific,3
20241129,0.01865785931964791,509.0,ai,specific,3
20241231,0.07618150153875516,501.0,ai,specific,3
20250131,0.03827732190022847,525.0,ai,specific,3
20250228,0.059095432811925315,496.0,ai,specific,3
20250331,0.062001014076345465,499.0,ai,specific,3
20250430,0.09407195571691787,512.0,ai,specific,3
20250530,0.12014198658915622,511.0,ai,specific,3
20250630,0.06061966445091714,505.0,ai,specific,3
20250731,0.05934439923889671,509.0,ai,specific,3
20250829,0.061165792454599896,526.0,ai,specific,3
20250930,0.11977834497774116,512.0,ai,specific,3
20251031,0.13071450027237969,521.0,ai,specific,3
20251128,0.140122397332901,505.0,ai,specific,3
20251231,0.10985565931185187,507.0,ai,specific,3
20260130,0.11599073316740655,515.0,ai,specific,3
20260227,0.1474492822145735,520.0,ai,specific,3
20260331,0.10799566590368419,510.0,ai,specific,3
20260430,0.08505915808972202,505.0,ai,specific,3
20260529,,,ai,specific,3
20260630,,,ai,specific,3
20260731,,,ai,specific,3
20190329,0.13868749801824673,523.0,ai,specific,6
20190430,0.0748721403477885,502.0,ai,specific,6
20190531,0.09843660480675047,503.0,ai,specific,6
20190628,0.10733796482744114,497.0,ai,specific,6
20190731,0.04860967808944688,519.0,ai,specific,6
20190830,0.07130295085557603,513.0,ai,specific,6
20190930,0.10352929559302737,493.0,ai,specific,6
20191031,0.14915449337414655,519.0,ai,specific,6
20191129,0.030501636487814798,523.0,ai,specific,6
20191231,0.05086349128867093,506.0,ai,specific,6
20200131,0.17863161513913364,507.0,ai,specific,6
20200228,0.09764105128352711,511.0,ai,specific,6
20200331,0.08806646064240875,521.0,ai,specific,6
20200430,0.16533351141640404,518.0,ai,specific,6
20200529,0.12480827514337597,502.0,ai,specific,6
20200630,0.16308535634142537,500.0,ai,specific,6
20200731,0.1309594615608305,515.0,ai,specific,6
20200831,0.16317450536770875,520.0,ai,specific,6
20200930,0.17026851187253136,514.0,ai,specific,6
20201030,0.12746014899033045,503.0,ai,specific,6
20201130,0.11380936219728006,497.0,ai,specific,6
20201231,0.1269666916135908,521.0,ai,specific,6
20210129,0.08160435096851282,519.0,ai,specific,6
20210226,0.13280156708649055,513.0,ai,specific,6
20210331,0.1570880833255604,508.0,ai,specific,6
20210430,0.19450746807825012,489.0,ai,specific,6
20210531,0.17536117724190503,513.0,ai,specific,6
20210630,0.09532669439678507,521.0,ai,specific,6
20210730,0.11882441492024484,513.0,ai,specific,6
20210831,0.10397323657721214,531.0,ai,specific,6
20210930,0.12217057518429277,501.0,ai,specific,6
20211029,0.10214484181337388,505.0,ai,specific,6
20211130,0.02974256634860527,510.0,ai,specific,6
20211231,0.09858394048476475,507.0,ai,specific,6
20220131,0.1429492873018536,507.0,ai,specific,6
20220228,0.12122643675898405,504.0,ai,specific,6
20220331,0.10437883369808892,508.0,ai,specific,6
20220429,0.08996856979240501,506.0,ai,specific,6
20220531,0.06883713215933922,525.0,ai,specific,6
20220630,0.06455147076365197,501.0,ai,specific,6
20220729,0.16181185250180455,518.0,ai,specific,6
20220831,0.11958455637819355,510.0,ai,specific,6
20220930,0.024319054167778485,516.0,ai,specific,6
20221031,0.12992803871286115,510.0,ai,specific,6
20221130,0.09990441492357147,515.0,ai,specific,6
20221230,0.07009262463696113,518.0,ai,specific,6
20230131,0.08127877863474157,511.0,ai,specific,6
20230228,0.037886327314709346,492.0,ai,specific,6
20230331,0.16932122304416963,521.0,ai,specific,6
20230428,0.18199290818033806,504.0,ai,specific,6
20230531,0.12675783708700977,512.0,ai,specific,6
20230630,0.1616291442808877,505.0,ai,specific,6
20230731,0.14848975313208437,497.0,ai,specific,6
20230831,0.10029838627742618,483.0,ai,specific,6
20230929,0.14467741832744732,509.0,ai,specific,6
20231031,0.117525012588549,512.0,ai,specific,6
20231130,0.1366798956621691,533.0,ai,specific,6
20231229,0.13434242750284986,487.0,ai,specific,6
20240131,0.11304912842712107,506.0,ai,specific,6
20240229,0.12901969679870764,510.0,ai,specific,6
20240329,0.15251511319989502,501.0,ai,specific,6
20240430,0.11064034974926064,505.0,ai,specific,6
20240531,0.14084248146965456,506.0,ai,specific,6
20240628,0.10579636381196127,499.0,ai,specific,6
20240731,0.12550547097494386,520.0,ai,specific,6
20240830,0.11070630798272965,510.0,ai,specific,6
20240930,0.08016763769498358,503.0,ai,specific,6
20241031,0.08670790606249143,508.0,ai,specific,6
20241129,0.03438841929111109,509.0,ai,specific,6
20241231,0.06908356991196889,501.0,ai,specific,6
20250131,0.014760647009798027,525.0,ai,specific,6
20250228,0.06228652462182676,496.0,ai,specific,6
20250331,0.021177004611632903,499.0,ai,specific,6
20250430,0.007554112879230039,512.0,ai,specific,6
20250530,0.04208650497870381,511.0,ai,specific,6
20250630,0.05946529435552251,505.0,ai,specific,6
20250731,0.07417508469594543,509.0,ai,specific,6
20250829,0.09066085897133293,526.0,ai,specific,6
20250930,0.08255459567869446,512.0,ai,specific,6
20251031,0.11712835447033607,521.0,ai,specific,6
20251128,0.13402247057003838,505.0,ai,specific,6
20251231,0.1743632161165672,507.0,ai,specific,6
20260130,0.17095267923739274,515.0,ai,specific,6
20260227,,,ai,specific,6
20260331,,,ai,specific,6
20260430,,,ai,specific,6
20260529,,,ai,specific,6
20260630,,,ai,specific,6
20260731,,,ai,specific,6
20190329,-0.004966454290625789,523.0,dss,total,1
20190430,0.059938736013674054,502.0,dss,total,1
20190531,0.04609776621330383,503.0,dss,total,1
20190628,0.09532852545147924,497.0,dss,total,1
20190731,0.13010094564424307,519.0,dss,total,1
20190830,0.007565480199809538,513.0,dss,total,1
20190930,0.11631267425310761,493.0,dss,total,1
20191031,0.14503217309287303,519.0,dss,total,1
20191129,0.023450631435467204,523.0,dss,total,1
20191231,-0.046466710220123816,506.0,dss,total,1
20200131,0.08300271644418389,507.0,dss,total,1
20200228,-0.032697897562133336,511.0,dss,total,1
20200331,0.059279751927942784,521.0,dss,total,1
20200430,0.019996673801459145,518.0,dss,total,1
20200529,0.07609745070188617,502.0,dss,total,1
20200630,0.09721252352690914,500.0,dss,total,1
20200731,0.12162777142570348,515.0,dss,total,1
20200831,0.08225122740403976,520.0,dss,total,1
20200930,0.05738708690785631,514.0,dss,total,1
20201030,0.04084554665944647,503.0,dss,total,1
20201130,0.082559420184448,497.0,dss,total,1
20201231,0.053952031563423514,521.0,dss,total,1
20210129,0.07224868260691719,519.0,dss,total,1
20210226,0.09986394087811759,513.0,dss,total,1
20210331,0.09946935241164372,508.0,dss,total,1
20210430,-0.01728216284486585,489.0,dss,total,1
20210531,0.03597903261738924,513.0,dss,total,1
20210630,0.1210664703653654,521.0,dss,total,1
20210730,0.08452653366489561,513.0,dss,total,1
20210831,0.04140274110137543,531.0,dss,total,1
20210930,0.017788654408001276,501.0,dss,total,1
20211029,0.09407050434079224,505.0,dss,total,1
20211130,0.016702707882586133,510.0,dss,total,1
20211231,0.12264334994803737,507.0,dss,total,1
20220131,0.06260530834363993,507.0,dss,total,1
20220228,0.09413379472650148,504.0,dss,total,1
20220331,0.05922489496564022,508.0,dss,total,1
20220429,0.08799985163988984,506.0,dss,total,1
20220531,0.052176622609910996,525.0,dss,total,1
20220630,0.03713915088348481,501.0,dss,total,1
20220729,0.045549106468947095,518.0,dss,total,1
20220831,0.029965738923426157,510.0,dss,total,1
20220930,0.011565544778031674,516.0,dss,total,1
20221031,0.009220922133285028,510.0,dss,total,1
20221130,0.009065195797118182,515.0,dss,total,1
20221230,0.003494028670973509,518.0,dss,total,1
20230131,0.09756966935908053,511.0,dss,total,1
20230228,-0.0393797484543723,492.0,dss,total,1
20230331,0.12267335777507482,521.0,dss,total,1
20230428,0.14394780596123813,504.0,dss,total,1
20230531,0.034119623050075654,512.0,dss,total,1
20230630,0.113021404988881,505.0,dss,total,1
20230731,0.035878826168868706,497.0,dss,total,1
20230831,0.05761525499793127,483.0,dss,total,1
20230929,0.006234294564365902,509.0,dss,total,1
20231031,0.07805867521337068,512.0,dss,total,1
20231130,0.08145090898584544,533.0,dss,total,1
20231229,0.1774308496441572,487.0,dss,total,1
20240131,0.06059669859698745,506.0,dss,total,1
20240229,0.08715384597346369,510.0,dss,total,1
20240329,0.04763745758542637,501.0,dss,total,1
20240430,0.11525282373037832,505.0,dss,total,1
20240531,0.059494512421480274,506.0,dss,total,1
20240628,0.04136394885118887,499.0,dss,total,1
20240731,0.02116777393800824,520.0,dss,total,1
20240830,0.0885919143907563,510.0,dss,total,1
20240930,0.03653818987659863,503.0,dss,total,1
20241031,0.03187418471303061,508.0,dss,total,1
20241129,0.0018447622332972455,509.0,dss,total,1
20241231,0.049439899178675716,501.0,dss,total,1
20250131,0.03924379729601165,525.0,dss,total,1
20250228,0.09655950174420368,496.0,dss,total,1
20250331,0.05609260732316151,499.0,dss,total,1
20250430,-0.01158271889107762,512.0,dss,total,1
20250530,0.09387888459074951,511.0,dss,total,1
20250630,0.05984042702425348,505.0,dss,total,1
20250731,0.11343791015601129,509.0,dss,total,1
20250829,0.07282958829325009,526.0,dss,total,1
20250930,0.1514014699215796,512.0,dss,total,1
20251031,0.05221162254723335,521.0,dss,total,1
20251128,0.03030657304213938,505.0,dss,total,1
20251231,0.009043818226204038,507.0,dss,total,1
20260130,0.0332000026653456,515.0,dss,total,1
20260227,0.07628920054442932,520.0,dss,total,1
20260331,0.13510656975673416,510.0,dss,total,1
20260430,0.03374043959296386,505.0,dss,total,1
20260529,-0.052177219491397586,501.0,dss,total,1
20260630,0.07326214029614787,506.0,dss,total,1
20260731,,,dss,total,1
20190329,0.04550003745508238,523.0,dss,total,3
20190430,0.029370651920329283,502.0,dss,total,3
20190531,0.07632864491635541,503.0,dss,total,3
20190628,0.04100899784939256,497.0,dss,total,3
20190731,0.06973787078933509,519.0,dss,total,3
20190830,-0.01688711651796477,513.0,dss,total,3
20190930,0.11551409569833525,493.0,dss,total,3
20191031,0.13244806178103757,519.0,dss,total,3
20191129,-0.04210700449944422,523.0,dss,total,3
20191231,-0.04564666309449324,506.0,dss,total,3
20200131,0.10234493206098497,507.0,dss,total,3
20200228,0.024454601866555938,511.0,dss,total,3
20200331,0.0630898615478831,521.0,dss,total,3
20200430,0.08439210522690543,518.0,dss,total,3
20200529,0.0921567155296548,502.0,dss,total,3
20200630,0.12019204744532815,500.0,dss,total,3
20200731,0.14227258255779363,515.0,dss,total,3
20200831,0.05021294312162939,520.0,dss,total,3
20200930,0.10092532973746908,514.0,dss,total,3
20201030,0.0030805467141880737,503.0,dss,total,3
20201130,0.06389534314823958,497.0,dss,total,3
20201231,0.03717931116083221,521.0,dss,total,3
20210129,0.09250186868869052,519.0,dss,total,3
20210226,0.0732629584990481,513.0,dss,total,3
20210331,0.010708280836631584,508.0,dss,total,3
20210430,-0.006005700853985686,489.0,dss,total,3
20210531,0.08190122481954412,513.0,dss,total,3
20210630,0.11170746195547375,521.0,dss,total,3
20210730,0.1095044152850444,513.0,dss,total,3
20210831,0.08236512048823386,531.0,dss,total,3
20210930,0.014009291046492237,501.0,dss,total,3
20211029,0.1102279394582116,505.0,dss,total,3
20211130,0.015401403290818386,510.0,dss,total,3
20211231,0.06590849776085882,507.0,dss,total,3
20220131,0.08576133412883619,507.0,dss,total,3
20220228,0.04810804774489377,504.0,dss,total,3
20220331,0.060324693498255685,508.0,dss,total,3
20220429,0.12939124155133827,506.0,dss,total,3
20220531,0.002524151297677227,525.0,dss,total,3
20220630,-0.02568442855316962,501.0,dss,total,3
20220729,0.06912859788844725,518.0,dss,total,3
20220831,0.12473349506370451,510.0,dss,total,3
20220930,0.04144174180117227,516.0,dss,total,3
20221031,0.008826128253684399,510.0,dss,total,3
20221130,0.00818650671955769,515.0,dss,total,3
20221230,0.05990047921067521,518.0,dss,total,3
20230131,0.04233405795908383,511.0,dss,total,3
20230228,0.0042414742820537305,492.0,dss,total,3
20230331,0.07185521947377871,521.0,dss,total,3
20230428,0.09803056964532644,504.0,dss,total,3
20230531,0.057565590858867074,512.0,dss,total,3
20230630,0.060856694611582045,505.0,dss,total,3
20230731,-0.02849420367955771,497.0,dss,total,3
20230831,0.11258851900505533,483.0,dss,total,3
20230929,0.08122702419565543,509.0,dss,total,3
20231031,0.0905413832177279,512.0,dss,total,3
20231130,0.11015231089634446,533.0,dss,total,3
20231229,0.11540497971758268,487.0,dss,total,3
20240131,0.10320550461639938,506.0,dss,total,3
20240229,0.05671380161398777,510.0,dss,total,3
20240329,0.03875566756752516,501.0,dss,total,3
20240430,0.09938370372748408,505.0,dss,total,3
20240531,0.06400605980327602,506.0,dss,total,3
20240628,0.05701267410775482,499.0,dss,total,3
20240731,0.07360998412113283,520.0,dss,total,3
20240830,0.0326071414548009,510.0,dss,total,3
20240930,0.05863429265501307,503.0,dss,total,3
20241031,0.024338372757187917,508.0,dss,total,3
20241129,0.002005156915242925,509.0,dss,total,3
20241231,0.012940092764742818,501.0,dss,total,3
20250131,0.07356616469302074,525.0,dss,total,3
20250228,0.13185713022949047,496.0,dss,total,3
20250331,0.047924431929302104,499.0,dss,total,3
20250430,0.030381694611682986,512.0,dss,total,3
20250530,0.052715205916233236,511.0,dss,total,3
20250630,-0.038618117505106034,505.0,dss,total,3
20250731,0.12467278568656481,509.0,dss,total,3
20250829,0.03326543864812792,526.0,dss,total,3
20250930,0.01880887965024139,512.0,dss,total,3
20251031,0.020035877389814282,521.0,dss,total,3
20251128,0.07056332040505399,505.0,dss,total,3
20251231,0.03603856495904042,507.0,dss,total,3
20260130,0.09456815167435516,515.0,dss,total,3
20260227,0.07292805507388435,520.0,dss,total,3
20260331,0.07256962011289254,510.0,dss,total,3
20260430,0.004672391859501802,505.0,dss,total,3
20260529,,,dss,total,3
20260630,,,dss,total,3
20260731,,,dss,total,3
20190329,0.021390091960910494,523.0,dss,total,6
20190430,0.029763486626480515,502.0,dss,total,6
20190531,0.07753905433075725,503.0,dss,total,6
20190628,0.03266766853323348,497.0,dss,total,6
20190731,0.09009965680803357,519.0,dss,total,6
20190830,-0.032025644047029816,513.0,dss,total,6
20190930,0.07482007518742435,493.0,dss,total,6
20191031,0.16492014507641797,519.0,dss,total,6
20191129,-0.12496019440631712,523.0,dss,total,6
20191231,-0.03676284449213895,506.0,dss,total,6
20200131,0.11356543007040729,507.0,dss,total,6
20200228,0.036881938486117066,511.0,dss,total,6
20200331,0.04922397825442282,521.0,dss,total,6
20200430,0.08281532463086518,518.0,dss,total,6
20200529,0.11602132049635014,502.0,dss,total,6
20200630,0.09358271699158999,500.0,dss,total,6
20200731,0.11310457836967387,515.0,dss,total,6
20200831,0.012774987228318997,520.0,dss,total,6
20200930,0.017608048919226904,514.0,dss,total,6
20201030,0.0218104023529873,503.0,dss,total,6
20201130,0.12980245348692662,497.0,dss,total,6
20201231,0.04045260375700468,521.0,dss,total,6
20210129,0.09574151715192968,519.0,dss,total,6
20210226,0.07758296478961679,513.0,dss,total,6
20210331,0.0031503490791931123,508.0,dss,total,6
20210430,0.009602283416519586,489.0,dss,total,6
20210531,0.09952788271913242,513.0,dss,total,6
20210630,0.1077297676779713,521.0,dss,total,6
20210730,0.032941509246192484,513.0,dss,total,6
20210831,0.08853573435132539,531.0,dss,total,6
20210930,0.04636329451848293,501.0,dss,total,6
20211029,0.10420782433777402,505.0,dss,total,6
20211130,-0.007422016354602222,510.0,dss,total,6
20211231,0.06949585086551308,507.0,dss,total,6
20220131,0.10903317494818336,507.0,dss,total,6
20220228,0.012093086907056483,504.0,dss,total,6
20220331,0.05400252465209026,508.0,dss,total,6
20220429,0.11002023616327547,506.0,dss,total,6
20220531,-0.0061805644903294476,525.0,dss,total,6
20220630,-0.00613463763807231,501.0,dss,total,6
20220729,0.0782844990451156,518.0,dss,total,6
20220831,0.1517444246379707,510.0,dss,total,6
20220930,0.0043000554151132195,516.0,dss,total,6
20221031,0.019081539662682542,510.0,dss,total,6
20221130,-0.03388994624475021,515.0,dss,total,6
20221230,0.09778953818367658,518.0,dss,total,6
20230131,0.06968553379589026,511.0,dss,total,6
20230228,-0.0380707226915742,492.0,dss,total,6
20230331,0.10271680656671912,521.0,dss,total,6
20230428,0.11179736840301045,504.0,dss,total,6
20230531,0.024746651375768928,512.0,dss,total,6
20230630,0.020158328168593812,505.0,dss,total,6
20230731,-0.016430481017480805,497.0,dss,total,6
20230831,0.04854800096028158,483.0,dss,total,6
20230929,0.0674018068192568,509.0,dss,total,6
20231031,0.08306855118644715,512.0,dss,total,6
20231130,0.057426918869190956,533.0,dss,total,6
20231229,0.13528156842445802,487.0,dss,total,6
20240131,0.026986688525949355,506.0,dss,total,6
20240229,0.056904955095134574,510.0,dss,total,6
20240329,0.011443693768269212,501.0,dss,total,6
20240430,0.09842317841732048,505.0,dss,total,6
20240531,0.06124761384455414,506.0,dss,total,6
20240628,0.06503801145244788,499.0,dss,total,6
20240731,0.06916825270007793,520.0,dss,total,6
20240830,0.0124782307558632,510.0,dss,total,6
20240930,0.06802338444777074,503.0,dss,total,6
20241031,-0.010890881546418868,508.0,dss,total,6
20241129,-0.012934880446440181,509.0,dss,total,6
20241231,0.0642459518114704,501.0,dss,total,6
20250131,0.027396403192092925,525.0,dss,total,6
20250228,0.09665640367569694,496.0,dss,total,6
20250331,0.008380166033618474,499.0,dss,total,6
20250430,0.016451939548190256,512.0,dss,total,6
20250530,0.01462289572942677,511.0,dss,total,6
20250630,0.01563375242966895,505.0,dss,total,6
20250731,0.06604746212323637,509.0,dss,total,6
20250829,0.06461236026019782,526.0,dss,total,6
20250930,0.0016088762936315518,512.0,dss,total,6
20251031,0.03592971553692224,521.0,dss,total,6
20251128,0.07241556970971902,505.0,dss,total,6
20251231,0.09093760320722549,507.0,dss,total,6
20260130,0.11991282628539247,515.0,dss,total,6
20260227,,,dss,total,6
20260331,,,dss,total,6
20260430,,,dss,total,6
20260529,,,dss,total,6
20260630,,,dss,total,6
20260731,,,dss,total,6
20190329,0.03750104966429285,523.0,dss,specific,1
20190430,0.04830372293373744,502.0,dss,specific,1
20190531,0.06915816576683279,503.0,dss,specific,1
20190628,0.09763017955745992,497.0,dss,specific,1
20190731,0.131756626579175,519.0,dss,specific,1
20190830,0.0176812770518714,513.0,dss,specific,1
20190930,0.10021338740001208,493.0,dss,specific,1
20191031,0.13325329286508336,519.0,dss,specific,1
20191129,0.00970163614561211,523.0,dss,specific,1
20191231,-0.05114395430444333,506.0,dss,specific,1
20200131,0.08107273373284303,507.0,dss,specific,1
20200228,-0.002940890163209166,511.0,dss,specific,1
20200331,0.04744450780465561,521.0,dss,specific,1
20200430,0.046142476505447,518.0,dss,specific,1
20200529,0.06783778553748045,502.0,dss,specific,1
20200630,0.09319156501786185,500.0,dss,specific,1
20200731,0.13564048433560896,515.0,dss,specific,1
20200831,0.089966786099432,520.0,dss,specific,1
20200930,0.11392235425189905,514.0,dss,specific,1
20201030,0.055181517925692286,503.0,dss,specific,1
20201130,0.07971516817750698,497.0,dss,specific,1
20201231,0.057932687845367835,521.0,dss,specific,1
20210129,0.07950648192606875,519.0,dss,specific,1
20210226,0.10673984215354301,513.0,dss,specific,1
20210331,0.09793020368886737,508.0,dss,specific,1
20210430,-0.038385631710757935,489.0,dss,specific,1
20210531,0.03979922030660355,513.0,dss,specific,1
20210630,0.1072209045711235,521.0,dss,specific,1
20210730,0.0827876946312436,513.0,dss,specific,1
20210831,0.044445069393819536,531.0,dss,specific,1
20210930,0.005300888751700592,501.0,dss,specific,1
20211029,0.1076171988397439,505.0,dss,specific,1
20211130,0.008652150453260317,510.0,dss,specific,1
20211231,0.1203138405252175,507.0,dss,specific,1
20220131,0.05163542482702469,507.0,dss,specific,1
20220228,0.10375715230410332,504.0,dss,specific,1
20220331,0.06649661746179876,508.0,dss,specific,1
20220429,0.0891744796054638,506.0,dss,specific,1
20220531,0.05737193283381299,525.0,dss,specific,1
20220630,0.029255497752263212,501.0,dss,specific,1
20220729,0.04049317382296903,518.0,dss,specific,1
20220831,0.0366419457625083,510.0,dss,specific,1
20220930,0.0021050038164038038,516.0,dss,specific,1
20221031,0.021218036407294628,510.0,dss,specific,1
20221130,0.0007003842083307689,515.0,dss,specific,1
20221230,0.023537450841699902,518.0,dss,specific,1
20230131,0.09797489312881592,511.0,dss,specific,1
20230228,-0.044010468306446976,492.0,dss,specific,1
20230331,0.1383904012820592,521.0,dss,specific,1
20230428,0.14276435991624242,504.0,dss,specific,1
20230531,0.032780250733337714,512.0,dss,specific,1
20230630,0.10325664868941385,505.0,dss,specific,1
20230731,0.05219836610367995,497.0,dss,specific,1
20230831,0.05378531820869278,483.0,dss,specific,1
20230929,0.0075007721644272385,509.0,dss,specific,1
20231031,0.07865808250158844,512.0,dss,specific,1
20231130,0.08591210646766659,533.0,dss,specific,1
20231229,0.16835992164657101,487.0,dss,specific,1
20240131,0.06646357428122532,506.0,dss,specific,1
20240229,0.11548384808507287,510.0,dss,specific,1
20240329,0.05468907854040604,501.0,dss,specific,1
20240430,0.10630819537388533,505.0,dss,specific,1
20240531,0.0548665226923317,506.0,dss,specific,1
20240628,0.045953214143039205,499.0,dss,specific,1
20240731,0.01942406307205576,520.0,dss,specific,1
20240830,0.10509774356528806,510.0,dss,specific,1
20240930,0.0354831496696182,503.0,dss,specific,1
20241031,0.02920158340284071,508.0,dss,specific,1
20241129,0.0164995542088894,509.0,dss,specific,1
20241231,0.05465412007958107,501.0,dss,specific,1
20250131,0.047921364860833184,525.0,dss,specific,1
20250228,0.09590163099002937,496.0,dss,specific,1
20250331,0.06543484823184768,499.0,dss,specific,1
20250430,-0.027559123453246508,512.0,dss,specific,1
20250530,0.08823926693127768,511.0,dss,specific,1
20250630,0.05131861679746855,505.0,dss,specific,1
20250731,0.10160017699080957,509.0,dss,specific,1
20250829,0.0782713556816899,526.0,dss,specific,1
20250930,0.14324838916657914,512.0,dss,specific,1
20251031,0.04963546546524443,521.0,dss,specific,1
20251128,0.000696295737458165,505.0,dss,specific,1
20251231,0.00505849533377355,507.0,dss,specific,1
20260130,0.037834731945487386,515.0,dss,specific,1
20260227,0.07775703990242729,520.0,dss,specific,1
20260331,0.11984168351441873,510.0,dss,specific,1
20260430,0.02748704024785501,505.0,dss,specific,1
20260529,-0.046244113218259705,501.0,dss,specific,1
20260630,0.0884729460359676,506.0,dss,specific,1
20260731,,,dss,specific,1
20190329,0.05642200864494327,523.0,dss,specific,3
20190430,0.023533260579871883,502.0,dss,specific,3
20190531,0.08082103603987488,503.0,dss,specific,3
20190628,0.04271279686131403,497.0,dss,specific,3
20190731,0.05965797104029447,519.0,dss,specific,3
20190830,-0.027913830830705394,513.0,dss,specific,3
20190930,0.11731708384929064,493.0,dss,specific,3
20191031,0.12655080434409682,519.0,dss,specific,3
20191129,-0.05601286601592616,523.0,dss,specific,3
20191231,-0.048184399024761966,506.0,dss,specific,3
20200131,0.11379706013870915,507.0,dss,specific,3
20200228,0.05749991820923257,511.0,dss,specific,3
20200331,0.058666061632644775,521.0,dss,specific,3
20200430,0.10251799685521056,518.0,dss,specific,3
20200529,0.0906717941344836,502.0,dss,specific,3
20200630,0.09585893871822478,500.0,dss,specific,3
20200731,0.14071975452259747,515.0,dss,specific,3
20200831,0.06476394336311202,520.0,dss,specific,3
20200930,0.1569553506909269,514.0,dss,specific,3
20201030,0.0328040333894296,503.0,dss,specific,3
20201130,0.07809692180818263,497.0,dss,specific,3
20201231,0.030593895941507254,521.0,dss,specific,3
20210129,0.0940722612248821,519.0,dss,specific,3
20210226,0.07634792195100229,513.0,dss,specific,3
20210331,0.03417993685318846,508.0,dss,specific,3
20210430,-0.002673067632514616,489.0,dss,specific,3
20210531,0.08610442567610065,513.0,dss,specific,3
20210630,0.0940354492355419,521.0,dss,specific,3
20210730,0.11724005888290821,513.0,dss,specific,3
20210831,0.08052969006534723,531.0,dss,specific,3
20210930,0.004246308516813995,501.0,dss,specific,3
20211029,0.13070705249074568,505.0,dss,specific,3
20211130,0.013508278045182509,510.0,dss,specific,3
20211231,0.05768608234624996,507.0,dss,specific,3
20220131,0.08856023093638052,507.0,dss,specific,3
20220228,0.04657806269216415,504.0,dss,specific,3
20220331,0.060317952700929656,508.0,dss,specific,3
20220429,0.12480821220793546,506.0,dss,specific,3
20220531,0.008640781722405665,525.0,dss,specific,3
20220630,-0.013270117281816643,501.0,dss,specific,3
20220729,0.08885862238121586,518.0,dss,specific,3
20220831,0.14404907805393627,510.0,dss,specific,3
20220930,0.0379336402028357,516.0,dss,specific,3
20221031,0.012871297196310683,510.0,dss,specific,3
20221130,0.016493751170871526,515.0,dss,specific,3
20221230,0.06251589276016366,518.0,dss,specific,3
20230131,0.05004307460345283,511.0,dss,specific,3
20230228,-0.006057129285289931,492.0,dss,specific,3
20230331,0.08331266918677044,521.0,dss,specific,3
20230428,0.08750718177462927,504.0,dss,specific,3
20230531,0.060245018521973025,512.0,dss,specific,3
20230630,0.06693666789291328,505.0,dss,specific,3
20230731,-0.014909041410197443,497.0,dss,specific,3
20230831,0.11030653800452703,483.0,dss,specific,3
20230929,0.07836131580671138,509.0,dss,specific,3
20231031,0.09007780125023276,512.0,dss,specific,3
20231130,0.12406168053950464,533.0,dss,specific,3
20231229,0.11710080158388467,487.0,dss,specific,3
20240131,0.09608519399831404,506.0,dss,specific,3
20240229,0.06527938268797324,510.0,dss,specific,3
20240329,0.029535217460382058,501.0,dss,specific,3
20240430,0.10482978010121911,505.0,dss,specific,3
20240531,0.0628876070612406,506.0,dss,specific,3
20240628,0.06044705951204649,499.0,dss,specific,3
20240731,0.06258755128610077,520.0,dss,specific,3
20240830,0.03022016603298251,510.0,dss,specific,3
20240930,0.05963622353331503,503.0,dss,specific,3
20241031,0.02055244138789845,508.0,dss,specific,3
20241129,0.029834304405584128,509.0,dss,specific,3
20241231,0.015949693708354414,501.0,dss,specific,3
20250131,0.08796938302166603,525.0,dss,specific,3
20250228,0.12444756642574668,496.0,dss,specific,3
20250331,0.06160051628989022,499.0,dss,specific,3
20250430,0.03002276254108083,512.0,dss,specific,3
20250530,0.041071131807269866,511.0,dss,specific,3
20250630,-0.0379154192818477,505.0,dss,specific,3
20250731,0.12923120155461248,509.0,dss,specific,3
20250829,0.027415176508975847,526.0,dss,specific,3
20250930,0.04262441527673179,512.0,dss,specific,3
20251031,0.0159568270228169,521.0,dss,specific,3
20251128,0.06562634327919119,505.0,dss,specific,3
20251231,0.029064902800775342,507.0,dss,specific,3
20260130,0.08917657258265353,515.0,dss,specific,3
20260227,0.07467111431150691,520.0,dss,specific,3
20260331,0.07084603068128695,510.0,dss,specific,3
20260430,0.02962282820938472,505.0,dss,specific,3
20260529,,,dss,specific,3
20260630,,,dss,specific,3
20260731,,,dss,specific,3
20190329,0.018015317355454395,523.0,dss,specific,6
20190430,0.026224147287410193,502.0,dss,specific,6
20190531,0.08857160478811882,503.0,dss,specific,6
20190628,0.025633737206688063,497.0,dss,specific,6
20190731,0.08518176483675993,519.0,dss,specific,6
20190830,-0.05480474098348365,513.0,dss,specific,6
20190930,0.0891566333050421,493.0,dss,specific,6
20191031,0.1613860597152223,519.0,dss,specific,6
20191129,-0.12252295633853047,523.0,dss,specific,6
20191231,-0.045412717536753126,506.0,dss,specific,6
20200131,0.1258426774872753,507.0,dss,specific,6
20200228,0.07158460925151261,511.0,dss,specific,6
20200331,0.02812381564359247,521.0,dss,specific,6
20200430,0.10174511873007416,518.0,dss,specific,6
20200529,0.12244475750427802,502.0,dss,specific,6
20200630,0.09544212885063763,500.0,dss,specific,6
20200731,0.11092765934577707,515.0,dss,specific,6
20200831,0.03269005224696026,520.0,dss,specific,6
20200930,0.06324979702999292,514.0,dss,specific,6
20201030,0.03472362971553595,503.0,dss,specific,6
20201130,0.12000694259485259,497.0,dss,specific,6
20201231,0.026780824317125078,521.0,dss,specific,6
20210129,0.10163184666185969,519.0,dss,specific,6
20210226,0.08381187649741172,513.0,dss,specific,6
20210331,0.01245784229964408,508.0,dss,specific,6
20210430,0.01013807204078853,489.0,dss,specific,6
20210531,0.1005707398727153,513.0,dss,specific,6
20210630,0.10050937275642245,521.0,dss,specific,6
20210730,0.024758774416895897,513.0,dss,specific,6
20210831,0.09005084609132927,531.0,dss,specific,6
20210930,0.04085671268032113,501.0,dss,specific,6
20211029,0.10284810911930778,505.0,dss,specific,6
20211130,-0.013449643824784266,510.0,dss,specific,6
20211231,0.06510301574970849,507.0,dss,specific,6
20220131,0.11947003810163996,507.0,dss,specific,6
20220228,0.006531135832927237,504.0,dss,specific,6
20220331,0.055547914853872185,508.0,dss,specific,6
20220429,0.11825162399944243,506.0,dss,specific,6
20220531,0.002084576317271135,525.0,dss,specific,6
20220630,0.030140904007086116,501.0,dss,specific,6
20220729,0.0960810806603045,518.0,dss,specific,6
20220831,0.17420671078957486,510.0,dss,specific,6
20220930,-0.011237829898165349,516.0,dss,specific,6
20221031,0.019070582762911154,510.0,dss,specific,6
20221130,-0.018999310541976046,515.0,dss,specific,6
20221230,0.09319341553027981,518.0,dss,specific,6
20230131,0.08567077240726952,511.0,dss,specific,6
20230228,-0.05072919965547856,492.0,dss,specific,6
20230331,0.11126811339037089,521.0,dss,specific,6
20230428,0.09758962686955647,504.0,dss,specific,6
20230531,0.027352799717134432,512.0,dss,specific,6
20230630,0.020335158728788983,505.0,dss,specific,6
20230731,-0.005987244881205236,497.0,dss,specific,6
20230831,0.05150386022509952,483.0,dss,specific,6
20230929,0.08013553615110586,509.0,dss,specific,6
20231031,0.07850766961948073,512.0,dss,specific,6
20231130,0.06633652162088866,533.0,dss,specific,6
20231229,0.11504130207810755,487.0,dss,specific,6
20240131,0.016345373496521338,506.0,dss,specific,6
20240229,0.04259203589241624,510.0,dss,specific,6
20240329,0.01707549140286807,501.0,dss,specific,6
20240430,0.11082972231004821,505.0,dss,specific,6
20240531,0.06374559266967464,506.0,dss,specific,6
20240628,0.06660058591945367,499.0,dss,specific,6
20240731,0.0500890406491855,520.0,dss,specific,6
20240830,0.027629155369475286,510.0,dss,specific,6
20240930,0.07318193004533366,503.0,dss,specific,6
20241031,-0.004957082489896734,508.0,dss,specific,6
20241129,0.017450454899904405,509.0,dss,specific,6
20241231,0.0511397023147708,501.0,dss,specific,6
20250131,0.046125917120483806,525.0,dss,specific,6
20250228,0.08665543755449477,496.0,dss,specific,6
20250331,0.009729906536589686,499.0,dss,specific,6
20250430,0.018918993784174932,512.0,dss,specific,6
20250530,-0.005506882094306638,511.0,dss,specific,6
20250630,-0.0015812107391245114,505.0,dss,specific,6
20250731,0.06296486597031191,509.0,dss,specific,6
20250829,0.06189021675178913,526.0,dss,specific,6
20250930,0.014185403296462052,512.0,dss,specific,6
20251031,0.03754886749627374,521.0,dss,specific,6
20251128,0.07249153571187184,505.0,dss,specific,6
20251231,0.08606448224077679,507.0,dss,specific,6
20260130,0.1156341799229845,515.0,dss,specific,6
20260227,,,dss,specific,6
20260331,,,dss,specific,6
20260430,,,dss,specific,6
20260529,,,dss,specific,6
20260630,,,dss,specific,6
20260731,,,dss,specific,6
