bid,ret,sret
INDAAH1,-0.21744783705179258,-0.13299925940858903
INDAAM1,-0.05041934444847429,0.03402923319472925
INDACB1,-0.14099221416079702,-0.05654363651759348
INDACI1,-0.15991628482743492,-0.07546770718423138
INDAEK1,-0.12095518985059417,-0.036506612207390626
INDAFH2,-0.18492004924778405,-0.10047147160458052
INDAFQ1,0.0750568717256743,0.15950544936887784
INDAHR1,-0.1344119940689391,-0.04996341642573556
INDAHT2,0.08265526304742382,0.16710384069062736
INDAHV2,-0.033211115265290754,0.05123746237791279
INDALE2,-0.07318114294714592,0.01126743469605762
INDALG1,-0.10422369084453864,-0.0197751132013351
INDALY1,-0.06803719474534403,0.01641138289785951
INDAQI1,-0.10586754252457875,-0.0214189648813752
INDARA1,-0.09366365019923857,-0.009215072556035028
INDARZ1,-0.05943934456502758,0.025009233078175964
INDATS2,-0.10279057860686235,-0.018342000963658806
INDAVE1,0.055553309403582524,0.14000188704678607
INDAVJ1,-0.09951983134613271,-0.015071253702929159
INDAYQ1,-0.03021714182438319,0.05423143581882035
INDAYU1,-0.04018749145386041,0.04426108618934313
INDAYZ1,-0.02409109699949826,0.06035748064370528
INDAZN1,0.054089374095400905,0.13853795173860445
INDBAS1,-0.15205539861749648,-0.06760682097429294
INDBAX1,-0.08833335785648871,-0.0038847802132851716
INDBDH2,-0.06644494151576301,0.01800363612744053
INDBHH2,-0.02661693808034466,0.05783163956285888
INDBKV1,-0.17257952597521542,-0.08813094833201189
INDBMB1,-0.09424077968315361,-0.00979220203995007
INDBOT1,-0.11750108291506096,-0.03305250527185742
INDBPH1,-0.13644922101784676,-0.052000643374643225
INDBQJ1,-0.05204826616646457,0.032400311476738976
INDBRU1,-0.011420743139178666,0.07302783450402488
INDBRW1,-0.14798768145954522,-0.06353910381634169
INDBRX1,-0.13950330603811634,-0.0550547283949128
INDBSN1,-0.03170766332183725,0.052740914321366295
INDBUB1,0.08249998431884534,0.16694856196204888
INDBUD1,-0.0348707084323328,0.04957786921087074
INDBUJ1,-0.19700660381259213,-0.11255802616938859
INDBUL1,0.07865688254367612,0.16310546018687966
INDBUN2,-0.11863019007676276,-0.03418161243355921
INDBUU1,0.0338676191200524,0.11831619676325594
INDBVR1,-0.16627888974140842,-0.08183031209820486
INDBYK1,-0.17546939391402908,-0.09102081627082553
INDBYX1,-0.21661260190878018,-0.13216402426557664
INDBZM1,-0.013368248216320197,0.07108032942688335
INDCAL1,0.05043244159207194,0.13488101923527548
INDCBG1,-0.032969831648308565,0.05147874599489498
INDCDE1,-0.018549963701902122,0.06589861394130142
INDCEC1,-0.08001613027426017,0.0044324473689433715
INDCEK1,-0.00023749036944019364,0.08421108727376335
INDCHP2,-0.08282384209945083,0.0016247355437527117
INDCIK1,-0.03234062781632225,0.05210794982688129
INDCIN1,-0.23979212623216437,-0.15534354858896082
INDCLS1,-0.0876255384257857,-0.003176960782582157
INDCMX1,-0.038556741706137675,0.04589183593706587
INDCNR1,-0.058059873897765193,0.02638870374543835
INDCOH1,-0.17035979144156976,-0.08591121379836623
INDCOL2,-0.13560288644501806,-0.05115430880181451
INDCPP1,-0.20350722037598762,-0.11905864273278408
INDCQD2,-0.16355290720373664,-0.0791043295605331
INDCQI1,-0.21290831468208501,-0.12845973703888147
INDCQJ2,-0.11012472304381268,-0.025676145400609147
INDCQO1,-0.22575999425156115,-0.1413114166083576
INDCSF1,-0.032707790058194255,0.05174078758500929
INDCTK1,0.07701459223627394,0.16146316987947748
INDCTU1,-0.06982231098751714,0.01462626665568641
INDCUP1,-0.07638056905620279,0.008068008587000759
INDCVA2,-0.020185085392559574,0.06426349225064397
INDCVI1,-0.10670715362995127,-0.022258575986747728
INDCWL1,-0.05825361757311447,0.02619496007008907
INDCXC2,-0.08585163088405603,-0.0014030532408524897
INDCYB2,0.021153080317642098,0.10560165796084564
INDCYF1,-0.048922739082818446,0.035525838560385097
INDCYU2,-0.06770950638267885,0.01673907126052469
INDCZK1,-0.07983281377791082,0.004615763865292725
INDCZP2,-0.04660515843013886,0.03784341921306468
INDDAI2,0.08142257689376853,0.16587115453697207
INDDBT1,0.05486833975525168,0.13931691739845523
INDDCF1,-0.14012330357915942,-0.055674725935955884
INDDCH1,-0.026570028898860266,0.057878548744343276
INDDEJ1,-0.2246231699992262,-0.14017459235602267
INDDHH2,-0.12574905836507597,-0.04130048072187242
INDDIX1,-0.09295187170833018,-0.008503294065126637
INDDJI1,0.031041883024742922,0.11549046066794647
INDDJK2,-0.2500499089324611,-0.16560133128925755
INDDKA2,-0.10573664123194437,-0.021288063588740837
INDDKR1,-0.13464312249397387,-0.05019454485077032
INDDKV1,-0.029754211639334997,0.054694366003868546
INDDLB1,-0.031017435910153948,0.053431141733049595
INDDLE1,0.0013224289613523593,0.0857710066045559
INDDMS1,-0.07748019423161,0.006968383411593542
INDDQX2,-0.09066456375436027,-0.0062159861111567224
INDDSK2,-0.1500721594567391,-0.06562358181353556
INDDUD1,0.08544539344061142,0.16989397108381496
INDDUH1,-0.03458563970837596,0.04986293793482758
INDDUU1,-0.2684578497063488,-0.18400927206314524
INDDXC1,-0.026867477594735262,0.05758110004846828
INDDXU1,-0.09413755735794414,-0.009688979714740602
INDDYJ1,-0.2517828232506656,-0.16733424560746205
INDEAL1,0.012860444127857487,0.09730902177106103
INDECB1,-0.06840097444382294,0.016047603199380606
INDECF2,0.03451869580935471,0.11896727345255825
INDECQ2,-0.16899897094382577,-0.08455039330062224
INDEDB1,0.03409109616429544,0.11853967380749898
INDEDH2,-0.19713750885901696,-0.11268893121581341
INDEEN1,-0.048036752823401294,0.03641182481980225
INDEES1,0.06030299409994133,0.14475157174314487
INDEHF2,-0.01778367789536714,0.0666648997478364
INDEJB1,-0.12253750752412498,-0.03808892988092144
INDEJM1,-0.07893982972245708,0.005508747920746458
INDEMJ1,-0.15018875577109547,-0.06574017812789192
INDEMV1,-0.10261359793116541,-0.01816502028796187
INDENC1,-0.045868884480156746,0.038579693163046797
INDENO2,0.004795596303952349,0.08924417394715589
INDENX1,-0.18514771015280718,-0.10069913250960365
INDENY2,-0.009725780306807541,0.074722797336396
INDEOP1,-0.08186160023396868,0.0025869774092348533
INDEOQ2,-0.09736479261145621,-0.012916214968252671
INDEPL1,-0.2568570521028455,-0.17240847445964197
INDESD1,0.0036055478067103103,0.08805412544991385
INDESK1,-0.01945811459358482,0.06499046304961872
INDEST1,-0.12975259847523857,-0.04530402083203501
INDETL1,0.03658865544403678,0.12103723308724032
INDETX1,-0.08010006078399978,0.004348516859203758
INDEUP2,-0.0672580681001097,0.017190509543093833
INDEVQ2,-0.18812562311446807,-0.10367704547126452
INDEVU1,0.03647343253990623,0.12092201018310977
INDEWJ1,-0.20286534625737046,-0.11841676861416692
INDEXV1,0.0535370180465837,0.13798559568978724
INDEXW1,-0.0788728834434202,0.005575694199783351
INDEXZ1,-0.009640488066837816,0.07480808957636573
INDEZL1,-0.2418647121634524,-0.15741613452024886
INDEZP1,0.05970801994762434,0.14415659759082788
INDFAD2,-0.1175097346624794,-0.03306115701927585
INDFCI1,-0.10659628413843111,-0.022147706495227563
INDFCK1,-0.05116253769275586,0.03328603995044768
INDFDQ2,-0.05353081729261851,0.030917760350585036
INDFDT1,-0.10367263415477383,-0.019224056511570293
INDFFX1,-0.06660218606349375,0.017846391579709804
INDFGX1,0.032842390467560253,0.1172909681107638
INDFII2,-0.021604096718012084,0.06284448092519146
INDFIW1,-0.05255252637536466,0.031896051267838885
INDFIZ1,-0.010899691991611199,0.07354888565159234
INDFJK1,-0.06800077736936568,0.016447800273837864
INDFKA1,-0.006446528148942268,0.07800204949426127
INDFKD1,-0.14850343202859248,-0.06405485438538894
INDFKR1,-0.04640927344141913,0.03803930420178441
INDFLH2,-0.2034852306814825,-0.11903665303827894
INDFLM1,0.059726587954899074,0.14417516559810262
INDFMJ1,-0.17250921960084892,-0.08806064195764536
INDFOA1,0.09158122270313407,0.1760298003463376
INDFPG1,-0.05576936172960322,0.02867921591360032
INDFPG2,0.1262971131814056,0.21074569082460914
INDFSE1,-0.0040005695545605735,0.08044800808864297
INDFSF1,-0.0915558679053473,-0.007107290262143749
INDFSS1,-0.01654994428629522,0.06789863335690832
INDFTQ2,-0.09113115568271861,-0.006682578039515068
INDFWF1,-0.09822574635107512,-0.01377716870787157
INDFWI2,0.1279642411969027,0.21241281884010624
INDFXN2,0.036542043784510245,0.12099062142771379
INDFXW2,-0.10503818690330999,-0.020589609260106445
INDFYP1,0.004969270549106106,0.08941784819230965
INDFYX1,-0.1250930882251478,-0.040644510581944265
INDFZE1,-0.13538966524153956,-0.050941087598336
INDGAK1,-0.1505424450487977,-0.06609386740559417
INDGBD1,-0.12012618638976894,-0.03567760874656539
INDGBH1,-0.02336683486266971,0.06108174278053383
INDGBY1,0.03202461576939708,0.11647319341260062
INDGCD1,-0.106971689828521,-0.02252311218531745
INDGDI1,-0.10096241431826619,-0.01651383667506264
INDGDO1,-0.04844530784109271,0.036003269802110834
INDGEQ1,-0.060797223222945555,0.023651354420257988
INDGES2,-0.09029003033711819,-0.005841452693914649
INDGFR2,-0.11222115860688717,-0.027772580963683617
INDGGR1,0.02458719887204608,0.10903577651524962
INDGGS1,-0.07672306007982649,0.007725517563377048
INDGIA1,-0.050989392468478535,0.03345918517472501
INDGIF1,-0.08702292980927286,-0.0025743521660693096
INDGIU2,-0.0963840960795369,-0.011935518436333345
INDGIX1,-0.08037529415287273,0.00407328349033082
INDGJO2,-0.1680429297687207,-0.08359435212551716
INDGJV1,0.029452161779862734,0.11390073942306628
INDGKX2,-0.08997327711481665,-0.005524699471613111
INDGLO2,-0.08302569768457263,0.0014228799586309127
INDGMD1,-0.04925338849252843,0.03519518915067511
INDGMJ1,-0.03169071755942624,0.0527578600837773
INDGNM1,-0.06636892247486983,0.018079655168333715
INDGOB1,-0.12606726627911372,-0.04161868863591017
INDGPU1,-0.0018010347080976707,0.08264754293510587
INDGRL1,-0.057603121978443673,0.02684545566475987
INDGSP1,-0.1159319321810274,-0.03148335453782385
INDGUK2,-0.09558930545655495,-0.011140727813351398
INDGUM2,-0.07374531784380806,0.010703259799395487
INDGUS1,-0.1361315985298886,-0.051683020886685055
INDGVS1,-0.09549173805740768,-0.011043160414204136
INDGXJ1,-0.055163891433978415,0.029284686209225124
INDGYB1,-0.032453505586624735,0.05199507205657881
INDGYO1,-0.1689809449542325,-0.08453236731102896
INDGYW1,-0.14657228693572444,-0.0621237092925209
INDGYZ1,-0.21690169999316108,-0.13245312234995754
INDGZA1,-0.12337098653785725,-0.0389224088946537
INDGZF1,0.04696313601113469,0.13141171365433824
INDHAO2,-0.15700319675303812,-0.07255461910983457
INDHAS1,-0.15497938491026342,-0.07053080726705989
INDHBD1,0.003886555760035479,0.08833513340323902
INDHBL2,-0.01181025280461534,0.0726383248385882
INDHCE2,0.005418754380636409,0.08986733202383995
INDHDG1,-0.07011725529261675,0.014331322350586782
INDHDV2,-0.178575082918895,-0.09412650527569147
INDHEG1,0.02035995606250507,0.10480853370570861
INDHFN1,-0.14012448011852102,-0.05567590247531749
INDHFS1,-0.13178770172566423,-0.04733912408246069
INDHFT1,-0.07021881979505953,0.014229757848144016
INDHGT1,-0.09438779143084443,-0.009939213787640887
INDHHG2,-0.04774417181123937,0.036704405831964174
INDHHM1,-0.07758513547249245,0.0068634421707110945
INDHHZ1,-0.06270585566119563,0.02174272198200791
INDHIX1,-0.15328623339925002,-0.06883765575604646
INDHJR1,-0.14891216875039023,-0.06446359110718669
INDHKV1,0.02391012219415975,0.10835869983736329
INDHMQ1,0.07090168090224183,0.15535025854544537
INDHNJ1,-0.06974189307913264,0.014706684564070892
INDHNR1,-0.09685499825156646,-0.012406420608362913
INDHPX2,-0.09237486433198953,-0.007926286688785988
INDHRN1,-0.23392310136766747,-0.14947452372446393
INDHSH1,-0.07725621657864368,0.007192361064559866
INDHUS1,-0.11307710756387643,-0.028628529920672885
INDHVL1,-0.22773898894277003,-0.1432904112995665
INDHWG1,-0.21546405427111498,-0.13101547662791144
INDHXG2,-0.1411510355697989,-0.05670245792659538
INDHZK1,-0.05098952642498068,0.03345905121822286
INDIAW2,0.10085876353720993,0.18530734118041348
INDIBN1,0.05711744942215091,0.14156602706535446
INDICX2,-0.12851513231812034,-0.04406655467491679
INDIDC2,-0.10575153588216099,-0.021302958238957444
INDIGY1,-0.08959738116164007,-0.005148803518436516
INDIHI1,-0.12460758363488214,-0.040159005991678605
INDIHQ1,0.029830246108828437,0.11427882375203198
INDIHW1,-0.06095731475864435,0.023491262884559196
INDIIQ1,-0.02386228947582933,0.060586288167374214
INDIIU1,-0.16566348244307122,-0.08121490479986769
INDIJQ2,0.05297532303262423,0.13742390067582777
INDIKK1,-0.21850621051589295,-0.1340576328726894
INDIKR2,-0.22208099630750194,-0.1376324186642984
INDIMM2,-0.1887467786815246,-0.10429820103832105
INDINQ1,-0.14486498916113827,-0.06041641151793474
INDIPZ1,-0.10030883364376633,-0.015860256000562793
INDIQF1,-0.12073979118664338,-0.03629121354343984
INDIRE1,-0.047848794800664535,0.03659978284253901
INDISF1,0.025281572782473116,0.10973015042567666
INDISX2,-0.10331382794621971,-0.018865250303016168
INDITO1,-0.05898227626153353,0.025466301381670012
INDIVK2,-0.07281776760365398,0.011630810039549569
INDIVN1,-0.20272582786356474,-0.11827725022036122
INDIWI1,-0.16324524100350524,-0.07879666336030168
INDIWM2,-0.09535972896196267,-0.010911151318759128
INDIYW1,-0.14888273045947392,-0.06443415281627037
INDJAC2,-0.023286111692060782,0.06116246595114276
INDJAF1,-0.1655023869405285,-0.08105380929732496
INDJAS1,0.01972887535077704,0.10417745299398058
INDJBF2,-0.07808107603441619,0.006367501608787353
INDJBS1,-0.015416249093900172,0.06903232854930337
INDJBV1,-0.060086892408040465,0.024361685235163074
INDJEB1,-0.17386321870736748,-0.08941464106416393
INDJEY1,0.1162803824036921,0.20072896004689564
INDJGS1,-0.08151267033967352,0.00293590730353002
INDJHD2,-0.04999241948556882,0.034456158157634725
INDJIC1,-0.058953911315372094,0.02549466632783145
INDJJH1,-0.06689625736316998,0.01755232028003357
INDJKC1,-0.06524909487436086,0.01919948276884269
INDJKS2,-0.11858897680631666,-0.03414039916311313
INDJLG1,-0.08133357135878724,0.0031150062844162926
INDJLH1,-0.1665981296710387,-0.08214955202783518
INDJLR1,-0.1569210980825086,-0.07247252043930506
INDJLS2,-0.22690470744656488,-0.14245612980336134
INDJMN1,0.028408527238162576,0.11285710488136612
INDJOL2,-0.06126800698944117,0.02318057065376237
INDJPT1,-0.03762361936376974,0.0468249582794338
INDJRM1,-0.15454103044666517,-0.07009245280346163
INDJRP2,-0.1337278872068468,-0.04927930956364325
INDJRS1,-0.15143135664296015,-0.06698277899975662
INDJSI2,-0.07110171155154422,0.013346866091659314
INDJSQ1,-0.003159652230747323,0.08128892541245622
INDJSU1,-0.013291239948746453,0.07115733769445709
INDJSU2,-0.10056702979943367,-0.016118452156230128
INDJTK1,-0.020943275008331694,0.06350530263487185
INDJTL2,0.05347908354860706,0.1379276611918106
INDJTP1,-0.1375562579032523,-0.053107680260048744
INDJTX2,-0.020328300810957198,0.06412027683224635
INDJUY1,-0.03539997688091002,0.049048600762293525
INDJVK1,-0.0700645394119371,0.014384038231266438
INDJWE1,-0.08841244221853098,-0.003963864575327439
INDJWZ1,-0.07768245343194853,0.00676612421125501
INDJXE1,-0.09077194336947804,-0.0063233657262745
INDJXG1,-0.06108080893592312,0.02336776870728043
INDJZU2,-0.08264875341557604,0.0017998242276275039
INDKAV1,-0.19392512662083625,-0.1094765489776327
INDKBX1,-0.03598737876968812,0.048461198873515424
INDKDA2,-0.07840700053348457,0.006041577109718982
INDKDO1,-0.0008836629267611334,0.08356491471644241
INDKDW2,-0.052400121177396196,0.03204845646580735
INDKFD1,-0.1798756881545015,-0.09542711051129794
INDKFX2,-0.009802020051932356,0.07464655759127119
INDKGF1,-0.18538682570479798,-0.10093824806159445
INDKIB1,-0.12087690805481499,-0.03642833041161145
INDKIJ1,-0.10644356861945509,-0.021994990976251544
INDKJW1,-0.19523060655140845,-0.11078202890820492
INDKKT1,-0.06935353862657848,0.015095039016625064
INDKLE1,-0.1346105506241942,-0.05016197298099066
INDKLJ1,0.07475390062107695,0.1592024782642805
INDKLL1,-0.11234915185390079,-0.027900574210697252
INDKNT1,-0.1043439487213139,-0.01989537107811036
INDKNX2,-0.12245578520763563,-0.038007207564432086
INDKOG1,-0.021564186942253205,0.06288439070095034
INDKPC2,0.00656930716198606,0.0910178848051896
INDKQB1,-0.1339981306745401,-0.04954955303133657
INDKQC1,-0.09696646352250526,-0.012517885879301714
INDKRE1,-0.020912351237166935,0.06353622640603661
INDKSS2,-0.024473221014633756,0.05997535662856979
INDKSV1,-0.07327110112246016,0.011177476520743385
INDKTB1,-0.08286655433913666,0.001582023304066882
INDKUS1,-0.10835473786492389,-0.02390616022172034
INDKVK1,-0.11476514039407092,-0.030316562750867377
INDKXJ1,-0.05977086428722775,0.024677713355975794
INDKXV1,-0.10881309861434449,-0.024364520971140953
INDKYO1,0.09346064745226532,0.17790922509546886
INDKYR1,-0.06578163516563229,0.01866694247757126
INDKZC1,-0.04598531454578976,0.03846326309741378
INDKZS1,0.013529939594492224,0.09797851723769577
INDKZY1,-0.2114801558149227,-0.12703157817171915
INDLAD1,-0.04945727745693869,0.034991300186264854
INDLAV1,-0.10106797555221571,-0.01661939790901216
INDLAZ1,-0.060640258785353195,0.023808318857850348
INDLBC2,-0.060977279972076505,0.023471297671127038
INDLBL1,0.06642995353990003,0.15087853118310357
INDLBX2,-0.029602553577743718,0.054846024065459825
INDLCR1,-0.08285171969622715,0.0015968579469763898
INDLCR2,-1.6227156660331143e-05,0.08443235048654321
INDLDX1,-0.10323281238604659,-0.018784234742843055
INDLHE1,-0.20863061499331353,-0.12418203735010999
INDLIN1,-0.09565843378532723,-0.011209856142123695
INDLIP1,-0.13842457479472786,-0.05397599715152432
INDLJG1,-0.03776806572264823,0.04668051192055531
INDLJN1,-0.06693236091998031,0.01751621672322324
INDLLO1,-0.07296116067143649,0.011487416971767058
INDLMB2,-0.08869237255806696,-0.004243794914863422
INDLMO2,-0.21697154711475464,-0.1325229694715511
INDLOC1,-0.015413058654733136,0.0690355189884704
INDLPB2,0.010470196976863896,0.09491877462006744
INDLPL1,-0.05370885195751635,0.03073972568568719
INDLPU1,-0.14731513887951803,-0.06286656123631448
INDLRB1,-0.011498800607315618,0.07294977703588792
INDLRK1,0.018344264462775206,0.10279284210597875
INDLSG1,-0.12957612027332588,-0.04512754263012234
INDLSU1,-0.029297710885013345,0.0551508667581902
INDLSZ1,-0.14634411526940014,-0.06189553762619659
INDLTW1,-0.05609125476166866,0.028357322881534884
INDLUD1,-0.1272666531201001,-0.04281807547689655
INDLVK1,-0.03417328913331818,0.050275288509885364
INDLWR1,0.09965506930273571,0.18410364694593925
INDLWT1,-0.22630874899889744,-0.1418601713556939
INDLWV1,-0.1312671911799177,-0.04681861353671416
INDLWY2,0.008344132406917892,0.09279271005012144
INDLXS1,-0.27253578183715965,-0.18808720419395614
INDLXT1,-0.1517310153185713,-0.06728243767536778
INDLYN1,-0.1010623854932928,-0.016613807850089264
INDLZD2,-0.1154321026861423,-0.03098352504293876
INDMAB1,-0.0741682004697214,0.010280377173482133
INDMAI2,-0.1949055361304002,-0.11045695848719667
INDMCG1,0.0004698640804517984,0.08491844172365534
INDMDE1,-0.11868904648073852,-0.03424046883753499
INDMDF1,-0.10452655824364931,-0.020077980600445775
INDMDV1,0.11682448549550328,0.20127306313870683
INDMFH2,-0.055896906660653875,0.028551670982549668
INDMFL1,-0.03867420935702537,0.045774368286178174
INDMFV1,-0.22063397594151096,-0.13618539829830742
INDMGL1,-0.09708420109348029,-0.012635623450276749
INDMGQ2,-0.1222006225782922,-0.037752044935088665
INDMII1,-0.06687293596372612,0.01757564167947743
INDMIL2,-0.11399839212053552,-0.02954981447733197
INDMJU2,-0.06237905852404342,0.022069519119160122
INDMJY1,-0.06579006897733122,0.01865850866587232
INDMKN1,0.09429614412931053,0.17874472177251408
INDMLF1,-0.1304520956470535,-0.04600351800384996
INDMLP1,-0.0757061841562188,0.008742393486984745
INDMLS1,-0.07897481418951172,0.0054737634536918284
INDMLX1,0.011197387435515613,0.09564596507871916
INDMMC1,-0.08882254923161934,-0.0043739715884157995
INDMMT1,-0.06624432423371053,0.018204253409493013
INDMNP1,0.0147335234798536,0.09918210112305714
INDMOV1,-0.1046035079177571,-0.020154930274553565
INDMQR1,-0.12133113788030452,-0.03688256023710097
INDMQW1,-0.23722813009422608,-0.15277955245102254
INDMRJ2,-0.06609649763009408,0.01835208001310946
INDMRR1,-0.0511368046429303,0.03331177300027324
INDMUY1,-0.02845981059074114,0.055988767052462404
INDMVE1,0.03140721455874712,0.11585579220195066
INDMVJ1,-0.11286892042458402,-0.02842034278138047
INDMVR1,-0.07971203550200573,0.004736542141197815
INDMWC1,0.0337631836337044,0.11821176127690794
INDMWL1,-0.17458091276633003,-0.0901323351231265
INDMWO1,-0.1427201000026407,-0.05827152235943716
INDMXX2,-0.20193317703844574,-0.1174845993952422
INDMXY1,-0.04164732397270614,0.042801253670497405
INDMYP2,-0.055392403715608746,0.029056173927594797
INDMYR1,-0.07305853136155978,0.01139004628164376
INDMYU1,-0.005146663511729932,0.07930191413147361
INDMZF1,-0.14078282304649978,-0.056334245403296235
INDNAF2,0.021337578056528486,0.10578615569973203
INDNBE1,-0.06263089492373172,0.021817682719471824
INDNBZ1,-0.005204250060137028,0.07924432758306652
INDNCA1,-0.04090110898586111,0.043547468657342436
INDNCF1,-0.036463183196090085,0.04798539444711346
INDNDV2,0.026248591937952606,0.11069716958115615
INDNEL1,-0.00589470299732027,0.07855387464588327
INDNFC2,-0.0576245309340503,0.026824046709153244
INDNFN1,0.029139600729436166,0.11358817837263971
INDNFP1,-0.20481914801614104,-0.1203705703729375
INDNFT1,-0.09337879722739861,-0.008930219584195069
INDNGX1,-0.103572758904883,-0.019124181261679456
INDNGZ2,-0.20116681995911023,-0.1167182423159067
INDNHL1,-0.08420691689860563,0.00024166074459792183
INDNID2,0.00787893720133781,0.09232751484454135
INDNIL1,-0.1020489268530993,-0.017600349209895755
INDNJI1,0.011211200185417644,0.09565977782862119
INDNJZ1,-0.11238273266581333,-0.027934155022609798
INDNKK1,-0.2056917726968558,-0.12124319505365225
INDNLC1,-0.09378882807208028,-0.009340250428876736
INDNMJ1,-0.03885427381392927,0.04559430382927427
INDNOY1,0.018178458704907433,0.10262703634811098
INDNQI1,-0.184773335035886,-0.10032475739268246
INDNQU1,-0.19364356588933623,-0.10919498824613268
INDNRD1,0.025454270108413904,0.10990284775161745
INDNSU2,-0.06324665339084529,0.021201924252358256
INDNTR1,-0.038630703755698007,0.045817873887505536
INDNTU2,-0.034926706830284954,0.04952187081291859
INDNTV1,-0.08240304043899023,0.0020455372042133156
INDNUL1,-0.10626382227786094,-0.0218152446346574
INDNZU2,-0.09527632725883373,-0.010827749615630178
INDOAZ1,-0.09630739833273236,-0.011858820689528815
INDOBE1,-0.12630766398347726,-0.04185908634027372
INDOBK1,-0.1319798794694647,-0.04753130182626117
INDODX1,-0.0354793400845234,0.04896923755868014
INDOFA1,-0.16927437761009798,-0.08482579996689443
INDOFT2,-0.1481277650079436,-0.06367918736474007
INDOGP1,-0.16262886408846455,-0.07818028644526101
INDOJD2,-0.21614202368057026,-0.1316934460373667
INDOLJ1,-0.04166333180750554,0.042785245835698
INDOMB1,-0.17155570715819055,-0.087107129514987
INDOME1,-0.12499326031248904,-0.0405446826692855
INDOMT1,-0.10366265095831971,-0.019214073315116167
INDONN1,-0.13788490411466775,-0.05343632647146421
INDOOD2,-0.03644233292292014,0.048006244720283406
INDOPC1,-0.019283828586359755,0.06516474905684379
INDORN1,-0.13060348164120872,-0.046154903998005176
INDOWP1,-0.1530412108144275,-0.06859263317122395
INDOXT2,-0.016204366416954982,0.06824421122624856
INDOYQ2,-0.15794147515701462,-0.07349289751381108
INDOYW1,-0.16319689926963238,-0.07874832162642885
INDOZI1,-0.15629668305161515,-0.07184810540841159
INDOZK1,-0.1833534945832887,-0.09890491694008516
INDOZZ2,-0.10137887701091254,-0.016930299367709
INDPAU1,-0.24068193634155788,-0.15623335869835434
INDPBU1,0.04857077912860158,0.13301935677180513
INDPBY1,0.11710391253184282,0.20155249017504637
INDPCI2,-0.18344535976932136,-0.09899678212611782
INDPCP1,-0.18221023045155899,-0.09776165280835544
INDPEH1,-0.04078941763255542,0.043659160010648124
INDPFB1,-0.058783726320086244,0.025664851323117303
INDPGJ1,-0.09556730439353392,-0.01111872675033038
INDPGK2,-0.15639882904130192,-0.07195025139809837
INDPHN1,-0.1864319907274385,-0.10198341308423495
INDPHT1,-0.127873109248498,-0.04342453160529447
INDPIF1,-0.14394313989730584,-0.059494562254102296
INDPIV1,-0.10287496621721026,-0.01842638857400672
INDPIY1,-0.08394108523404882,0.0005074924091547266
INDPMP1,-0.19042650441525255,-0.10597792677204902
INDPOB1,-0.03361888274284076,0.050829694900362786
INDPOR2,-0.08479086965484334,-0.00034229201163979255
INDPPK2,-0.17945863685495222,-0.0950100592117487
INDPQU2,-0.11296794351184192,-0.028519365868638367
INDPRB2,-0.036701696518103684,0.04774688112509986
INDPRI1,-0.12513063335747118,-0.04068205571426764
INDPRV1,-0.05785657490799767,0.026592002735205875
INDPSL1,-0.06294561129529314,0.0215029663479104
INDPSX1,-0.14707933280946064,-0.0626307551662571
INDPUV1,-0.015616194061198213,0.06883238358200533
INDPVM1,-0.12160829882058102,-0.03715972117737748
INDPVN1,-0.14149617641717643,-0.057047598773972884
INDPWE2,-0.1187098329249116,-0.034261255281708064
INDPWV1,-0.07577154236399171,0.008677035279211837
INDPWW2,0.013862779328623412,0.09831135697182695
INDPXO2,-0.12225706740321912,-0.03780848976001557
INDPYF2,-0.19211330470415122,-0.10766472706094768
INDQAB1,-0.044895471655470955,0.03955310598773259
INDQCX2,-0.09055427739859385,-0.006105699755390315
INDQER1,0.011062615354254082,0.09551119299745763
INDQHC1,-0.04062125149261237,0.04382732615059117
INDQHW1,-0.12047427923441983,-0.03602570159121629
INDQIO1,-0.04724049404536629,0.037208083597837255
INDQIW1,-0.18093960278903207,-0.09649102514582852
INDQJL1,-0.10889152893764284,-0.024442951294439304
INDQJS1,-0.0994695165323201,-0.015020938889116561
INDQME1,-0.11306369203483449,-0.028615114391630943
INDQNG1,-0.038435431060367516,0.04601314658283603
INDQOU1,-0.06741684480546356,0.01703173283773998
INDQOW1,-0.17551839280909057,-0.09106981516588702
INDQPK1,-0.03130989544194903,0.05313868220125451
INDQSM1,-0.010849832767805462,0.07359874487539808
INDQTT2,-0.07422964085630657,0.010218936786896983
INDQUV1,-0.11610499251293449,-0.03165641486973094
INDQVF1,-0.3035725153861181,-0.21912393774291458
INDQVL1,-0.08869367336480492,-0.004245095721601374
INDQVR1,-0.20536069558817097,-0.12091211794496742
INDQWH2,-0.09508141910664356,-0.010632841463440014
INDQWY2,0.07682197280073946,0.161270550443943
INDQXA1,-0.07116936258660982,0.013279215056593728
INDQXE1,-0.23079181889276007,-0.14634324124955653
INDQXM1,-0.004714972031400866,0.07973360561180268
INDQYU2,-0.14115471799022922,-0.056706140347025674
INDQZA1,-0.08545033523356949,-0.001001757590365937
INDQZL1,-0.0487626199282231,0.03568595771498044
INDQZP1,-0.11008109920027764,-0.0256325215570741
INDQZY1,-0.041895827215485654,0.04255275042771789
INDRAT1,-0.04581959983262696,0.03862897781057658
INDRDG2,-0.06421654954695401,0.020232028096249532
INDRDH1,-0.0438538065483253,0.040594771094878246
INDREI1,-0.08424715880189217,0.00020141884131137048
INDRES1,0.012705659908012715,0.09715423755121626
INDRGB1,-0.03034765800559263,0.05410091963761091
INDRGL2,-0.04059104660969058,0.04385753103351296
INDRIE1,-0.05395689682183368,0.03049168082136986
INDRIU1,-0.08536666404165821,-0.000918086398454664
INDRJQ1,-0.042747380703419546,0.041701196939784
INDRJT1,-0.16940232602934405,-0.0849537483861405
INDRJU2,-0.15565969973582683,-0.07121112209262327
INDRJW1,-0.1448835458027136,-0.06043496815951004
INDRQA1,-0.11360276348756027,-0.029154185844356726
INDRQF1,-0.0405833184078929,0.04386525923531064
INDRRH1,0.14467607310172811,0.22912465074493166
INDRRI1,-0.038278449314336764,0.04617012832886678
INDRSJ1,0.00978870815625775,0.09423728579946129
INDRUS2,0.06395323581524928,0.14840181345845282
INDRVC1,-0.12706567852677647,-0.04261710088357292
INDRVN1,0.020132915206233337,0.10458149284943688
INDRWB1,-0.11196162784261193,-0.027513050199408397
INDRWL2,-0.024917233032142133,0.05953134461106141
INDRXN2,-0.16907194380505736,-0.0846233661618538
INDRXY2,0.014477490952340882,0.09892606859554443
INDRYP1,-0.10437036353715877,-0.019921785893955227
INDSAT1,0.09869609655023753,0.18314467419344108
INDSAZ2,-0.013544313324384216,0.07090426431881933
INDSBG1,-0.13062000143200123,-0.04617142378879768
INDSBN1,-0.05208526450483445,0.03236331313836909
INDSBO1,-0.06441060143492901,0.020037976208274532
INDSBR1,-0.18135594474019973,-0.0969073670969962
INDSBY2,-0.12106676009828869,-0.03661818245508515
INDSCV1,-0.1385867065880027,-0.05413812894479915
INDSED1,-0.019705024107028582,0.06474355353617496
INDSEV1,-0.13769450044675535,-0.05324592280355181
INDSFB1,-0.099911683949233,-0.015463106306029458
INDSFM1,-0.1704901621320014,-0.08604158448879785
INDSGU1,-0.13341281225257065,-0.0489642346093671
INDSGZ1,-0.09399124878701032,-0.009542671143806773
INDSIH1,-0.02923362463570328,0.05521495300750026
INDSJM1,0.05045187622906766,0.1349004538722712
INDSJW1,-0.1756690985377113,-0.09122052089450775
INDSLC1,-0.1516317209076121,-0.06718314326440855
INDSLR1,-0.11688929426436029,-0.03244071662115675
INDSLV1,0.03055782247213669,0.11500640011534023
INDSMR2,-0.11396135329621054,-0.029512775653007008
INDSNP2,-0.01371893027387501,0.07072964736932853
INDSNS2,-0.0733474508195135,0.011101126823690046
INDSOF2,-0.17930779960164983,-0.09485922195844627
INDSOS1,-0.07385645163921192,0.010592126003991627
INDSQB1,-0.11985451531489696,-0.035405937671693415
INDSQF2,-0.14756677274931743,-0.06311819510611388
INDSQM1,-0.09683863105867783,-0.012390053415474287
INDSQU2,-0.030903003923522562,0.05354557371968098
INDSRY1,-0.0765547831715508,0.007893794471652744
INDSRZ1,-0.0718975018779159,0.012551075765287651
INDSSG2,0.06991892900339128,0.15436750664659482
INDSSL1,-0.15443740523195904,-0.06998882758875548
INDSTC2,-0.11796084953407143,-0.0335122718908679
INDSTQ1,-0.044070371560576256,0.04037820608262729
INDSWY2,-0.18171376520658222,-0.09726518756337867
INDSXY1,0.016225957305186764,0.1006745349483903
INDSZU1,-0.030485829413760122,0.05396274822944342
INDTBJ1,-0.21244590136299318,-0.12799732371978964
INDTBR1,-0.07846091638042173,0.005987661262781817
INDTCC1,0.019626445579179752,0.1040750232223833
INDTCD1,-0.10575292779958242,-0.021304350156378885
INDTCO1,-0.0752184909920558,0.009230086651147749
INDTDA2,-0.1505395180945424,-0.06609094045133886
INDTDB2,0.027076072406238647,0.11152465004944219
INDTDD1,-0.003336634791981666,0.08111194285122188
INDTDZ1,-0.14038252494231948,-0.05593394729911594
INDTEN1,-0.06902899515926542,0.015419582483938134
INDTEY1,-0.023175492648412656,0.06127308499479089
INDTFE1,0.013579819967215134,0.09802839761041868
INDTGU2,0.012745916103900926,0.09719449374710447
INDTHJ1,-0.1389455655539561,-0.05449698791075255
INDTHP2,-0.1009039541996525,-0.016455376556448957
INDTIJ1,-0.19124620956332575,-0.1067976319201222
INDTJE1,0.08810792588096528,0.17255650352416882
INDTJF2,-0.18638512429785792,-0.10193654665465438
INDTJW1,-0.21510202814285884,-0.1306534504996553
INDTKA1,-0.06677804792405466,0.017670529719148887
INDTLH1,0.05248564841946657,0.1369342260626701
INDTMG1,-0.20764241309067066,-0.12319383544746712
INDTMM1,-0.2192842296131608,-0.13483565196995725
INDTMS1,-0.07672776055467641,0.00772081708852714
INDTNI2,-0.09455865988826856,-0.010110082245065018
INDTOJ1,-0.20788578320559553,-0.12343720556239197
INDTPB2,-0.018580028721104855,0.06586854892209869
INDTPT1,-0.15302163768239363,-0.06857306003919007
INDTPX1,-0.13744819160001093,-0.05299961395680739
INDTQH1,-0.19418876149597264,-0.10974018385276911
INDTRG1,-0.03707058645510916,0.04737799118809438
INDTSW1,-0.10342388421535054,-0.018975306572146997
INDTTO1,-0.08216040860570917,0.0022881690374943822
INDTTV1,-0.09802421169210924,-0.013575634048905702
INDTVL2,-0.20066951242638653,-0.116220934783183
INDTVQ1,-0.0952312188819381,-0.010782641238734554
INDTWM1,-0.2076106400062952,-0.12316206236309166
INDTWX1,-0.07971188203628286,0.004736695606920681
INDTXA1,-0.20614333320886324,-0.1216947555656597
INDTXT1,-0.11779158711901272,-0.03334300947580917
INDTYH1,-0.14906214968791198,-0.06461357204470845
INDTYT1,0.004630388101300856,0.0890789657445044
INDTYT2,-0.03163836742556468,0.05281021021763886
INDTYV1,-0.08784250753801062,-0.0033939298948070773
INDTZK1,-0.12280585848763406,-0.03835728084443052
INDUAR2,-0.06752173730814749,0.01692684033505605
INDUAX1,-0.1789827867813245,-0.09453420913812095
INDUBT1,0.08918376019587901,0.17363233783908255
INDUDA2,-0.050322348262515484,0.03412622938068806
INDUEE1,-0.17374336742723487,-0.08929478978403133
INDUEG1,-0.09850274407595024,-0.014054166432746698
INDUEP1,-0.14089260893825678,-0.05644403129505325
INDUFF1,0.005813231809756181,0.09026180945295972
INDUGF1,-0.015657521085712084,0.06879105655749146
INDUHH2,-0.10018141708638853,-0.01573283944318498
INDUJA2,-0.194954809064035,-0.11050623142083148
INDUJS1,-0.004846549103625419,0.07960202853957812
INDUJZ1,-0.04639385238209304,0.038054725261110506
INDULU1,-0.027171015205577638,0.057277562437625905
INDUML1,0.11714914517431557,0.20159772281751911
INDUMT2,-0.17915789734782717,-0.09470931970462361
INDUMU2,-0.11002365383076043,-0.025575076187556882
INDUNW1,-0.23970110104447545,-0.1552525234012719
INDUOE1,-0.11646792573843656,-0.03201934809523302
INDUPI1,-0.03361657350542079,0.05083200413778275
INDUPW1,-0.007813834203920872,0.07663474343928267
INDURG2,-0.23404729435960864,-0.1495987167164051
INDURK1,-0.15176442789049943,-0.06731585024729589
INDURS2,-0.08773932421492733,-0.003290746571723792
INDUTJ1,0.04038831360482442,0.12483689124802796
INDUTS2,-0.03339555199922677,0.05105302564397677
INDUVZ2,-0.19967587740762446,-0.11522729976442092
INDUWH1,-0.28031071928202284,-0.1958621416388193
INDUYH2,-0.05587714601409239,0.028571431629111153
INDUYR1,-0.00581209488184134,0.0786364827613622
INDVBN1,-0.22231482272145514,-0.1378662450782516
INDVCH2,-0.022513384388968563,0.06193519325423498
INDVDQ1,-0.06817656429358805,0.01627201334961549
INDVEK1,-0.04974307874503064,0.034705498898172905
INDVEM2,-0.1467327525981388,-0.06228417495493526
INDVFD1,-0.041565821031192274,0.04288275661201127
INDVFP1,-0.13018143773150825,-0.045732860088304725
INDVFT1,-0.12556839645878384,-0.04111981881558031
INDVGX2,-0.06155357922019327,0.022894998423010272
INDVGY1,-0.19087028105865822,-0.10642170341545469
INDVHI1,-0.19157742137422568,-0.10712884373102213
INDVHT2,-0.01941808076779565,0.06503049687540789
INDVHW2,-0.2091527262782925,-0.12470414863508898
INDVIO1,-0.09389324747496935,-0.009444669831765815
INDVIU1,-0.08172795042264015,0.0027206272205633963
INDVLY2,-0.0661232529997254,0.01832532464347815
INDVMU2,-0.18020814349818612,-0.09575956585498258
INDVNT1,-0.12367465673890449,-0.03922607909570094
INDVOV1,-0.025677825275992966,0.05877075236721058
INDVQL1,-0.18237611322889458,-0.09792753558569102
INDVQO1,-0.1400404734932889,-0.05559189585008536
INDVSH2,-0.11993392368629721,-0.03548534604309367
INDVTB1,-0.15225749466491334,-0.0678089170217098
INDVTD1,-0.14630381202362627,-0.06185523438042274
INDVTR1,-0.14648126744516138,-0.06203268980195783
INDVTY1,0.1213342122002597,0.20578278984346324
INDVVP1,-0.14767412628486298,-0.06322554864165945
INDVXH1,-0.10983455570279646,-0.025385978059592917
INDVYF1,-0.10196284615274884,-0.017514268509545298
INDVYU1,-0.2622314562990457,-0.17778287865584216
INDWAA1,-0.09641144325016474,-0.011962865606961191
INDWBH1,0.08152624592294747,0.165974823566151
INDWBM1,-0.20862141857906305,-0.12417284093585951
INDWCD1,0.06155061551729951,0.14599919316050305
INDWCF2,-0.17089466447076562,-0.08644608682756208
INDWDA2,-0.20824864908276378,-0.12380007143956023
INDWDI2,-0.03294259426889451,0.05150598337430903
INDWEP1,0.07261140002830485,0.1570599776715084
INDWGG1,-0.0033254125143790114,0.08112316512882453
INDWHI2,-0.31698090971538817,-0.2325323320721846
INDWJI1,-0.05883297746347972,0.02561560017972382
INDWJP2,0.10030765857378399,0.18475623621698753
INDWJX1,-0.08763348072523812,-0.003184903082034581
INDWKB1,-0.12959774645717298,-0.04514916881396943
INDWKF1,-0.005539169198308533,0.07890940844489501
INDWKW1,-0.12848568288293932,-0.04403710523973578
INDWKW2,0.11086376207134507,0.19531233971454862
INDWLZ1,0.03038979334572013,0.11483837098892367
INDWMB2,0.14599708240115927,0.23044566004436282
INDWNB1,-0.22483498857824766,-0.14038641093504411
INDWOD1,-0.12711065445513642,-0.04266207681193286
INDWPC1,0.013152838955749452,0.097601416598953
INDWPG1,-0.12077242273947536,-0.036323845096271824
INDWRI1,-0.07553493560124885,0.008913642041954682
INDWRV1,-0.07370811406713629,0.010740463576067262
INDWTP2,-0.006423523452877639,0.0780250541903259
INDWUG1,-0.08316912247260465,0.0012794551705988897
INDWVG1,-0.21758479628880917,-0.13313621864560563
INDWVH1,-0.19841114374318722,-0.11396256609998368
INDWVP1,-0.102192490266803,-0.017743912623599443
INDWWC2,-0.02861616044754988,0.05583241719565366
INDWWH1,-0.2623722932436231,-0.17792371560041956
INDWYL1,-0.12289637702097485,-0.038447799377771305
INDWYT1,-0.2681322666732756,-0.18368368903007204
INDWZF1,-0.17731150648157837,-0.09286292883837483
INDXAM2,-0.16047481250259507,-0.07602623485939153
INDXAS1,-0.10014437042207011,-0.015695792778866572
INDXCO1,-0.020309073387915294,0.06413950425528825
INDXDN1,-0.18410684048769882,-0.09965826284449529
INDXER1,0.06312982397414527,0.1475784016173488
INDXFN1,-0.08521133020162794,-0.0007627525584243998
INDXGH1,-0.05397647152920343,0.030472106114000114
INDXGY1,-0.13225055154196896,-0.04780197389876543
INDXHS2,-0.0462177834604617,0.03823079418274184
INDXIF2,-0.10233313425972666,-0.01788455661652312
INDXIP1,-0.17985059842081208,-0.09540202077760854
INDXIS1,0.02953698933323151,0.11398556697643505
INDXJE1,-0.13909674747149137,-0.05464816982828781
INDXKQ2,-0.1734058141708369,-0.08895723652763333
INDXNJ1,-0.1916304705056553,-0.10718189286245176
INDXPY1,-0.017703081320069647,0.0667454963231339
INDXQP1,-0.11403476971984294,-0.029586192076639404
INDXQZ1,-0.16549853122316796,-0.08104995357996442
INDXSV1,-0.060078837409283825,0.024369740233919714
INDXTM1,-0.15184123005584613,-0.06739265241264258
INDXTY2,-0.17379104378023302,-0.08934246613702948
INDXUO1,-0.05461636345653643,0.029832214186667115
INDXVJ1,-0.020702115998524603,0.06374646164467894
INDXVR2,-0.06296164258494237,0.02148693505826117
INDXVV1,-0.06867138438148086,0.015777193261722684
INDXWA1,-0.17919891060629967,-0.09475033296309611
INDXWM1,-0.026830106248622344,0.0576184713945812
INDXXS1,0.025576766281394575,0.11002534392459812
INDXXS2,-0.12461455278463238,-0.04016597514142883
INDXYC1,-0.2680398794772685,-0.1835913018340649
INDXYJ2,-0.15242068385081575,-0.06797210620761222
INDYAH1,0.07369996077847862,0.15814853842168217
INDYCW1,-0.16849157722001318,-0.08404299957680963
INDYDP1,-0.08723017915947637,-0.002781601516272818
INDYEE1,-0.11856166248006358,-0.03411308483686004
INDYEN2,-0.19724356213144556,-0.11279498448824202
INDYEZ1,-0.06435773228909616,0.020090845354107385
INDYGC1,-0.0365703235998501,0.04787825404335344
INDYGF1,-0.06623457226239766,0.018214005380805875
INDYHO1,0.015358017283636352,0.0998065949268399
INDYHY2,-0.10349438464808089,-0.019045807004877346
INDYJC1,-0.1815346833985169,-0.09708610575531335
INDYJG1,-0.04939212502917789,0.03505645261402565
INDYJZ1,-0.13263627157852315,-0.04818769393531961
INDYMW1,0.005635217722687408,0.09008379536589095
INDYNX2,-0.06873046058402947,0.015718117059174072
INDYOH1,-0.14982328914672077,-0.06537471150351723
INDYOK1,-0.14984828691551355,-0.06539970927231001
INDYQF1,-0.07282956501750426,0.011619012625699275
INDYQR2,0.0045371949886878205,0.08898577263189136
INDYRD1,-0.10898391213527785,-0.0245353344920743
INDYSH1,-0.0696931505437239,0.014755427099479643
INDYTV1,-0.05338318340802706,0.03106539423517649
INDYTW1,-0.08920712437440646,-0.00475854673120292
INDYTY1,-0.09704831828667687,-0.012599740643473328
INDYUC1,-0.09605608377526277,-0.011607506132059232
INDYUG1,-0.11393786447888325,-0.029489286835679706
INDYWL2,-0.1709664232007861,-0.08651784555758256
INDYYD1,-0.042694854129827306,0.04175372351337624
INDYZD1,-0.0030706260614431213,0.08137795158176042
INDZAC1,-0.028410297986377855,0.05603827965682569
INDZAW1,-0.055927577477509774,0.028521000165693765
INDZBW1,-0.1838327165018905,-0.09938413885868697
INDZCG1,0.02073942485544658,0.10518800249865012
INDZCZ1,-0.0044103410340942395,0.0800382366091093
INDZDK2,-0.08481442706344788,-0.00036584942024434335
INDZDY1,-0.10611561692238028,-0.02166703927917674
INDZGG1,-0.04487665194961569,0.039571925693587855
INDZGO1,-0.182282701592197,-0.09783412394899348
INDZGQ1,-0.014088115064928394,0.07036046257827515
INDZHI2,-0.10451986614302972,-0.02007128849982617
INDZHW1,-0.1692441351976195,-0.08479555755441594
INDZID1,-0.027336786639940408,0.057111791003263135
INDZIH1,-0.011831328646016617,0.07261724899718693
INDZIK1,-0.12903849233007897,-0.04458991468687544
INDZIU1,-0.13451587923584668,-0.05006730159264313
INDZIV2,-0.0750728035080042,0.009375774135199338
INDZKF1,0.002949045716076959,0.0873976233592805
INDZKH2,-0.05123961631406691,0.03320896132913663
INDZKX1,-0.02717830492475813,0.05727027271844541
INDZKY2,-0.08445679095909873,-8.213315895196256e-06
INDZLD1,0.0573019918052754,0.14175056944847894
INDZLH1,-0.2483480551907209,-0.16389947754751735
INDZLT1,-0.005576465271521627,0.07887211237168192
INDZLX1,0.08821001132127032,0.17265858896447386
INDZMV2,-0.1254994997894453,-0.041050922146241765
INDZNP1,-0.18425127099192978,-0.09980269334872623
INDZNQ1,0.0476701734494582,0.13211875109266175
INDZNZ1,-0.09258337695202867,-0.008134799308825123
INDZOA1,-0.20164283857145393,-0.1171942609282504
INDZOL1,-0.001120930065407158,0.08332764757779638
INDZQJ2,-0.06501719426336275,0.019431383379840787
INDZRG2,0.009254070307799678,0.09370264795100322
INDZRJ1,-0.11257034935984314,-0.028121771716639595
INDZRW1,-0.028773860939333033,0.05567471670387051
INDZSE2,-0.12026939546816828,-0.03582081782496473
INDZUQ2,-0.027605174740414393,0.05684340290278915
INDZZQ1,-0.1261783061450231,-0.04172972850181956
