#nri_code,score
01346,-0.423542504994831
01356,-1.2126312591830055
01361,0.26677739983951626
01362,1.1423017421960884
0137A,1.7350316826661578
01384,-0.9301739894967723
01419,-0.6856302289567484
01454,1.1611298729311952
01464,0.29302690065801623
01482,1.0717537905926224
01488,-0.29782676034001476
01489,0.013623531529542028
0148A,-1.7472640737046379
01492,0.20069026208732715
01514,0.03743247117744819
01555,0.3323767749075861
01572,1.7213042028387415
01587,0.12628559263331998
01616,0.39537371225002865
01649,0.6369055631072533
01659,0.2463394721649881
01678,0.023231560455375642
01681,0.600106175006487
01682,-0.48850147141362577
01729,-0.30646857633579433
01763,-0.5439197472640872
01780,-0.42687605119945954
01783,-0.7999141797581915
01821,1.9648205245863164
01846,-0.0981482626795505
01855,1.5273948738242982
01875,-2.0292264477174142
01876,-0.2716616965741216
01926,0.15113800510185557
01953,2.950210267808692
01993,-0.04562532325723113
01995,0.8084131411750345
01999,0.6378659066864892
02007,0.1790047028387048
02022,0.7796616866383066
02025,-0.24181453402470923
02029,-0.3485090318911361
02047,-0.4146757185432378
02048,-2.218283127001196
02051,0.26049799040368216
02066,-0.24872051545757412
02071,-0.7878262657969272
02092,-1.5176452883998952
02098,-0.07037781693134722
02103,1.133053922777094
02167,0.021280663715735094
02180,-0.5893899222104378
02185,-1.7174871383567551
0219A,-1.6356830042895503
02209,0.15557067410456227
02210,0.22383397102435476
02216,1.2755733249613992
02239,0.2816808982726705
02244,-0.06259678565365437
02281,1.1690822777945873
02282,0.34179060608351725
02284,-0.3462714633973814
02300,1.7519018713654129
02303,-1.9526967782990323
02340,1.0728276854461511
02344,0.6858708469939359
02345,-0.15237216784654967
02359,-0.9569005495839352
02364,-0.7035926844196368
02365,0.8460783263268896
02421,0.9500750425548566
02425,0.8310023591461442
02432,-1.1625753028256625
02449,-0.8408675399220559
02452,-1.1585566462801202
02473,0.05729628654001256
02482,2.1795528310476087
02494,-0.06603305534573896
02505,-0.8798666493390319
02511,-0.13249321503705133
02527,-1.0002192041842144
02544,-0.40515340524702664
02562,-1.0530462882042655
02563,-0.22454343671030058
02565,0.368067376580262
02571,0.5443166383526012
02572,-0.0038422327910983783
02605,0.5364076598717334
02630,-0.18431253891924543
02638,-0.5997281845158869
02649,-0.6077689153053365
02654,0.9293590231502524
02681,-1.153657378642655
02694,1.0692109354874217
02725,1.9363278170853777
02730,1.0317248833614878
02732,-2.277051323328614
02768,-1.7039296412012979
02776,-1.2332970683773852
02787,0.5243160814734791
02826,-0.03552686610911666
02831,0.9118135231292532
0283A,-0.7121736303637017
02852,-1.9243106523337725
02859,0.1004407058850779
02876,-0.07710769137107788
02891,-0.010083198111407014
02938,1.9438792033271968
02944,0.5581046321469803
02962,0.9770303675777704
02973,-0.7767121257204586
02988,-1.5780569452092081
02989,-0.48800337416639444
03007,1.3720755747408964
03015,0.6606762272709334
03073,-0.5836449600396113
03152,0.8835473234841099
03160,-0.3053187925583971
03195,-0.9023286046456805
03234,0.23994550504951295
03244,-0.4170412306354996
03259,1.684929674592072
03268,-0.7425580483868053
03297,-0.7692648883995068
03302,-1.0919266496503963
03323,1.3055723013542522
03342,1.414162125969399
03349,0.43213799682541276
03356,1.5637691459025673
03357,0.14433632549509026
03438,1.0980721738316
03455,-1.2309757277502438
03467,3.0657888794944315
03495,-0.21865117001844253
03514,-0.7296431308119473
03531,0.31707694048955914
03546,-0.9513335772807494
03558,0.7691140196312756
0355A,-0.4857924384238566
03569,-1.5045742301577159
03581,0.8132018163877625
03585,-1.0174837721286478
03617,-0.671860472683405
03619,0.3280531279197696
03628,1.4788670316405919
03664,0.0744052582816292
03690,0.3797120583642619
03729,-0.3941358162515213
03754,-2.1790653352634646
03762,0.6179694109937829
03764,0.7845316645367546
03773,-2.2521019325627805
03776,0.1723096318430378
03797,-0.2934680931203935
03809,1.0711297721544228
03815,0.24612571408978434
03832,0.10307209890667896
03846,-1.6597934977180095
03864,-0.012821789166194274
03877,-0.6402733499262874
03880,-0.4056948451280884
03920,0.8867688676332566
03944,-0.5982053958404696
03961,-1.4192391956252302
03962,0.8532446911439648
03967,-0.8073587942612948
03981,0.5303931856157218
03982,-2.0860947459469514
03983,-1.0422263616235006
03988,0.43680600388574514
04007,-1.2540924472230697
0404A,-0.9415495801415352
04055,-1.522402106470225
04062,-0.06440693727810722
04071,-0.4882440409933995
04119,0.377789410570206
04149,-0.6198282907347716
04170,0.73484488778938
04177,-1.6971091289470503
04194,1.5590147705589257
0419A,-0.9896391259137561
0423A,-1.2890609413141059
04274,1.2347637476139435
04300,-0.7760412072189833
04319,-0.23488937944299934
04347,-0.4529648148707688
04362,-0.28367771245439294
04392,-0.9633108328102866
04465,-1.4248414243165937
04482,0.48531232973873256
04524,-0.09504504751906871
04529,-0.7027465831428991
04578,-0.46404504741146796
04662,-0.83945719129015
04666,0.5785221565092679
04676,0.8689536425299772
0467A,-1.0560659907129217
04689,-0.12007764083543365
04703,0.3645368071024674
04713,0.4942098645494638
04762,0.5830610631484119
04779,1.394645519659076
04784,-1.0848219335441882
04810,-1.4093771250313034
04818,-1.0761641079648872
04854,-2.0390040251611548
04863,0.4866443783927766
04865,-0.6875766907775981
04873,0.7051859994333488
04885,-2.8040598747190573
04894,0.5111139003575309
04897,0.556613333300524
04907,0.816132074272522
04911,-0.12994005013087517
04918,-0.09290191237832943
04922,0.6210029725137127
04940,-0.2572981433517006
04966,-1.9026371616128221
04987,0.1088237258160268
04994,-1.7843465204703342
04998,0.3332330318485716
05005,-1.1608413649785845
05008,-1.2376528778817668
05012,1.2678037138353933
05020,0.05433372605487873
05027,1.2565908475176009
05045,0.7146999191488117
05078,-0.6845132970293231
05092,-0.3444771266914268
05102,-0.03340492929649737
05108,0.48733459191739276
05131,-0.7928977195834863
05145,-0.35942174511106856
05168,-0.4704470624518118
05180,0.19001008405964878
05183,-1.173751014726361
05189,0.5455516069101662
05198,-0.5986901317854433
05215,0.3759401303957042
05222,-0.41563395925834423
05282,-2.1345011445115447
05284,0.8569630827266771
05285,0.671385705873441
05316,0.1312735440771166
05349,0.1847156386697062
05369,-0.623213972158478
05373,1.74138348882227
05388,-0.46930871839697497
05407,-0.4120970756643526
05416,0.05251564374374115
05417,0.7946012657926946
05420,-0.674996499344017
05429,-0.10448738748498017
05435,-0.009662017248578677
05458,0.2941205305731508
05463,0.3251014210655892
05476,0.6642757175604065
05484,0.9161547454288156
0554A,-0.7195670528282503
05556,-1.1737253702836543
05569,-0.8032587460490794
05579,0.549515342115106
05580,0.3660416176989493
05624,-2.3164675834379365
05654,-0.7940215404385548
05677,-1.1301900673021463
05681,0.4018554962091973
05702,0.9956287810682217
0572A,-0.9367038676380736
05744,-0.9159258205880642
05764,-0.8838887524316582
05769,1.9722474635779212
05773,0.017503572445006235
05816,0.8104957237426189
05821,-0.14042224522674995
0583A,1.1826362279008629
05855,0.5756331825279901
05868,0.1424293053203508
05873,0.14600038069501717
05874,1.0148231623786967
05881,0.6521399366772758
05886,-0.6250731160524622
05910,0.5574819169738697
05915,1.0423036930848775
05920,0.786761015877014
05928,-0.40348444089561336
05957,-0.11141834129375902
05960,-0.37941368994869973
05964,-0.72245872986527
05969,-1.1249860966611047
05978,-1.0540982907058198
05988,0.24451850342971848
06039,0.9473479305718756
06061,0.9109060059504316
06106,0.49703819651722636
06135,-0.6994880413095732
06154,0.4452539065712207
06184,0.5189578291875133
06224,0.9493699422915135
06263,-0.0846341968793253
06264,-0.2517827332438688
0626A,0.16946052949201373
06277,0.6422677506278512
06347,1.3832092113682357
06402,0.18137082063458476
06418,-1.6462550668291085
06423,-0.9261962112060117
06435,0.47108408068728913
06437,-0.5805524897014918
06454,0.12012124540790786
06466,0.17853867641148788
06477,-0.6143487273409732
06489,0.1909733188247938
06517,1.311798247599642
06533,0.4898651965673503
06536,-0.5634018787121329
06544,1.3530124601640805
06559,-1.3677688263445813
06562,-0.6207722269266788
06616,0.8664479990001845
06671,-0.1987581326232871
06694,-2.3303841751447374
0671A,0.5165744357139637
06735,-1.86622783309058
0673A,-0.2645560786254619
06751,-0.47559523056313907
06770,-1.0631084856880881
06777,-3.321254224690181
06792,-1.0000035987454838
06801,1.0593293533224053
06832,-0.05949597267140683
06837,0.41518753359055827
06842,-0.45422361506379194
06862,-0.17179309283959057
06882,1.5687364935110202
06886,0.3264273118955333
06908,1.4966891758127818
06914,-0.2625260367687438
06920,-0.05354908814815114
06925,0.18402123301815715
06939,0.2462947200771121
06967,0.3092661685311515
06977,-1.357649956928662
06981,0.1275002657778748
07005,0.02148289381360333
07017,0.8416410181068273
07045,-0.6925420535361076
07079,-1.466727501250773
07081,0.5299793056186508
07084,0.07289269576456194
07103,-0.20676367438025248
07123,-0.39109193122111546
07136,2.0103718357563554
07173,0.9751372578825714
07201,0.13182822675794426
07230,-0.8197000297493594
07249,-0.2467319817988283
07272,-0.0890796676353817
07283,0.6378603045505539
07311,-0.4486846702968664
07379,-1.1454873895293907
07393,-0.32710659788817575
07416,-1.198661213338568
07429,0.27052724138244477
07433,-0.9121060825929762
07461,1.1593795574682395
07486,-0.23766703824790977
07490,0.01722826037957183
07506,-0.26913675273902926
07508,0.28427023359460757
07585,0.8517821824317603
07602,2.022783619820722
07619,0.009304963797249195
07636,-1.3539369700369657
07637,1.0181502869344863
07642,-0.19430524199460733
07645,1.9280811728336742
07647,0.3822977664010215
07655,-0.29273009290601193
07658,1.1499322054547385
07663,0.3508145566530448
07665,0.12728588295817156
07694,-1.775755411271158
07697,-0.667708268535422
07719,1.138932513406237
07726,-0.8342796721531361
07739,-0.5846570325602564
07772,-1.6929637376391122
07816,1.8449189159579091
07853,0.6722935030081413
07861,0.3119046958743035
07874,-0.6814027151856772
07884,1.8386196826518526
07886,0.36984275223662366
07908,0.24632528681527635
07918,-0.48989736899644604
07924,-0.8121574368093211
07949,2.0527332377207084
08003,2.4435508254195626
08044,0.5452863615090314
08045,1.1627914883421688
08093,-1.0459392890388062
08130,-0.20218915803557597
08132,-0.5672078010180109
08133,0.39275996683864695
08134,-0.02570779825588955
08145,0.20282785493062716
08155,0.7678539848668557
08178,-0.17607425680695424
08210,-1.2707991153932068
08276,0.020062075087749688
08300,-0.027439280801667066
08314,0.9804055072912043
08349,-1.0558778254091152
08353,-1.722884509336605
08363,-1.4062120526322452
08370,0.03334530020451509
08376,-0.9211022516632094
08427,0.5017975177161162
08451,0.8928606086651178
08453,-0.5415670716616138
08512,-1.298751121200916
08539,-1.4892769028331878
0853A,0.479861739919068
08558,1.0459272008827858
08580,1.2623441681990322
08594,-0.6664524079298152
08676,0.019375233981303093
08686,0.7948667368303631
08687,0.45389542306897407
08772,0.6921717570686213
08773,0.6804180623323951
08780,0.4982496102949037
08826,-0.2845670193003704
08828,-0.8292453791798493
08846,-0.44069292170589447
08854,1.3767396837946526
08858,2.438254222792435
08860,-0.1927012016614125
08879,0.21135717237264173
08890,0.6627223230711113
08913,-1.058891713525407
08964,0.7830368749356604
09010,-0.48678032178330805
09021,-0.4884305016959283
09033,1.7042964473934035
09055,1.6625452299867922
09072,1.4131497490863314
09085,-1.2989720684350727
09182,0.14493824073469544
0918A,-1.2145602443716825
09217,-1.0627423743404802
09220,-0.9088065234466906
09221,-0.0785278167721522
09225,2.323468667657613
09226,1.5072738303322286
09232,-1.3631010967628023
09237,-0.10033804928381702
09263,-0.046738166427932645
09265,0.7060671925512553
09278,2.0038075950521446
09283,0.1696551496435293
09302,-1.634979532219143
09313,0.7753243988446025
09323,1.4129244931351015
09335,0.4663407923258195
09345,0.6930206535251184
09350,0.4206168999295291
09357,1.7656278627091948
09360,-0.07063017776618088
09370,-1.7255847749672648
09417,0.44986636248790807
09486,1.405940862551339
09503,-0.12929694803067343
09529,-0.4881377396601058
09534,0.7024664411230743
09547,-2.4739699517204574
09574,0.5140989792609465
09581,-0.2892233698864951
09582,-0.8975248799289927
09595,1.2955181282670012
09597,-0.2178448620731656
09599,0.13580358549605326
09629,-0.7102997251881256
09693,1.3546793600800728
09710,-0.11773516070929231
09730,1.2711493135137233
09738,2.0275077350058157
09766,-0.8605757142155136
09788,1.1270966616412017
09789,-0.5074837602201271
09803,2.8925148132421916
09829,1.1917311224595817
09838,-0.25777888362296514
0987A,-0.0898655619614089
09881,-0.4625272081197042
09883,0.16720175944354657
09886,-0.42399378477245336
09906,-1.0283324160913279
09932,1.3429224248437643
09934,1.0548498682589291
09951,-1.8669762206893632
09982,1.1191699954554695
09986,1.142589354481038
