date,quantile,mean_return,n,signal,returns,horizon
20190329,1,-0.010051008283053707,53,ai,specific,1
20190329,2,-0.010014997050840633,52,ai,specific,1
20190329,3,0.0027513998218480296,52,ai,specific,1
20190329,4,7.900314570118532e-06,53,ai,specific,1
20190329,5,0.010327695026532578,52,ai,specific,1
20190329,6,-0.007991284842743482,52,ai,specific,1
20190329,7,0.0025787768342768794,53,ai,specific,1
20190329,8,0.011133904898756857,52,ai,specific,1
20190329,9,0.010710873876368213,52,ai,specific,1
20190329,10,0.0038478621067184605,52,ai,specific,1
20190430,1,0.00795019652427468,51,ai,specific,1
20190430,2,-0.00931064396710218,50,ai,specific,1
20190430,3,0.0115076432093973,50,ai,specific,1
20190430,4,0.005285115645730158,50,ai,specific,1
20190430,5,0.006355145027997858,50,ai,specific,1
20190430,6,-0.0070345802768645785,51,ai,specific,1
20190430,7,0.0002757303050990867,50,ai,specific,1
20190430,8,0.009440498710902682,50,ai,specific,1
20190430,9,-0.004779032588408372,50,ai,specific,1
20190430,10,0.035536805613645625,50,ai,specific,1
20190531,1,-0.009388922527091094,51,ai,specific,1
20190531,2,-0.020187276247933563,50,ai,specific,1
20190531,3,-0.014816264671679362,50,ai,specific,1
20190531,4,-0.0020562068945432417,51,ai,specific,1
20190531,5,-0.0013774036025775505,50,ai,specific,1
20190531,6,-0.0019490115669779668,50,ai,specific,1
20190531,7,0.002417533382174046,51,ai,specific,1
20190531,8,0.0016629628535010305,50,ai,specific,1
20190531,9,-0.0013243286715598859,50,ai,specific,1
20190531,10,0.028690611453183638,50,ai,specific,1
20190628,1,-0.015970999073826375,50,ai,specific,1
20190628,2,-0.008079991963830142,50,ai,specific,1
20190628,3,-0.021585277827752068,50,ai,specific,1
20190628,4,-0.0007303849169436712,49,ai,specific,1
20190628,5,-0.003003091311865819,50,ai,specific,1
20190628,6,-0.012205781567889262,50,ai,specific,1
20190628,7,-0.002118996002671195,49,ai,specific,1
20190628,8,-0.006067458584206272,50,ai,specific,1
20190628,9,-0.007699402200782848,50,ai,specific,1
20190628,10,-0.0014373900939399407,49,ai,specific,1
20190731,1,-0.001182360429268152,52,ai,specific,1
20190731,2,-0.007017403783843442,52,ai,specific,1
20190731,3,-0.004929390092764923,52,ai,specific,1
20190731,4,-0.00317265600587455,52,ai,specific,1
20190731,5,0.009161875678517707,52,ai,specific,1
20190731,6,0.0010828397178879708,52,ai,specific,1
20190731,7,0.007036498944862985,52,ai,specific,1
20190731,8,0.004035447801523901,52,ai,specific,1
20190731,9,-0.01280316829586947,52,ai,specific,1
20190731,10,0.012923147914292976,51,ai,specific,1
20190830,1,-0.013760115429234863,52,ai,specific,1
20190830,2,-0.002928497974514508,51,ai,specific,1
20190830,3,-0.01605561778723169,51,ai,specific,1
20190830,4,-0.020956285828133556,52,ai,specific,1
20190830,5,0.006591135178533758,51,ai,specific,1
20190830,6,0.013682489431997536,51,ai,specific,1
20190830,7,0.009293055412358546,52,ai,specific,1
20190830,8,-0.011089555048261037,51,ai,specific,1
20190830,9,0.00784342353691662,51,ai,specific,1
20190830,10,0.011660336360369646,51,ai,specific,1
20190930,1,-0.005289379401832224,50,ai,specific,1
20190930,2,0.004760787580792588,49,ai,specific,1
20190930,3,-0.014904976761622703,49,ai,specific,1
20190930,4,-0.009698996027116878,50,ai,specific,1
20190930,5,0.0019122403449655348,49,ai,specific,1
20190930,6,0.012761734559249048,49,ai,specific,1
20190930,7,0.003578642473895821,50,ai,specific,1
20190930,8,2.3135900708500258e-05,49,ai,specific,1
20190930,9,0.013887380921454102,49,ai,specific,1
20190930,10,0.010232093918217675,49,ai,specific,1
20191031,1,0.002448105426640599,52,ai,specific,1
20191031,2,-0.018755251270281433,52,ai,specific,1
20191031,3,-0.004608048058889399,52,ai,specific,1
20191031,4,-0.017212489385701444,52,ai,specific,1
20191031,5,-0.006732094029867613,52,ai,specific,1
20191031,6,-0.004062427556822818,52,ai,specific,1
20191031,7,0.014572473464049825,52,ai,specific,1
20191031,8,0.028595462714643912,52,ai,specific,1
20191031,9,0.01481019279651375,52,ai,specific,1
20191031,10,0.018558244676349082,51,ai,specific,1
20191129,1,-0.019472048082161783,53,ai,specific,1
20191129,2,0.0009687013879172561,52,ai,specific,1
20191129,3,-0.014532518069443742,52,ai,specific,1
20191129,4,0.004680179390749025,53,ai,specific,1
20191129,5,0.0074555027550906325,52,ai,specific,1
20191129,6,0.01278540651161139,52,ai,specific,1
20191129,7,-0.012775685932193932,53,ai,specific,1
20191129,8,0.004284119493118988,52,ai,specific,1
20191129,9,0.019380876725237202,52,ai,specific,1
20191129,10,-0.00373918599588949,52,ai,specific,1
20191231,1,-0.012106072332481305,51,ai,specific,1
20191231,2,0.0028672782448744033,51,ai,specific,1
20191231,3,-0.0003302142760104823,50,ai,specific,1
20191231,4,-0.0007756225909960889,51,ai,specific,1
20191231,5,-0.0007776904658157884,50,ai,specific,1
20191231,6,0.0027955124055217963,51,ai,specific,1
20191231,7,0.013607945292636987,51,ai,specific,1
20191231,8,0.0019368784340877943,50,ai,specific,1
20191231,9,0.0045678877935127656,51,ai,specific,1
20191231,10,-0.004283954807489952,50,ai,specific,1
20200131,1,-0.009876524517174317,51,ai,specific,1
20200131,2,0.0034726085206961605,51,ai,specific,1
20200131,3,0.0010989709103764924,51,ai,specific,1
20200131,4,-0.007965069313591411,50,ai,specific,1
20200131,5,-0.00026253897102831715,51,ai,specific,1
20200131,6,-0.01173639680431113,51,ai,specific,1
20200131,7,-0.009170027572498638,50,ai,specific,1
20200131,8,-0.0066853266479147,51,ai,specific,1
20200131,9,0.007919095830727713,51,ai,specific,1
20200131,10,0.01667569849455156,50,ai,specific,1
20200228,1,-0.0101206922888201,52,ai,specific,1
20200228,2,0.0034992192248608778,51,ai,specific,1
20200228,3,-0.001380888524977981,51,ai,specific,1
20200228,4,0.004023800667680302,51,ai,specific,1
20200228,5,-0.0018193808435158242,51,ai,specific,1
20200228,6,0.006150873665405901,51,ai,specific,1
20200228,7,-0.014200515657723031,51,ai,specific,1
20200228,8,0.0036771240378119536,51,ai,specific,1
20200228,9,0.010295288745151815,51,ai,specific,1
20200228,10,-0.00792767143185743,51,ai,specific,1
20200331,1,-0.004291596702863529,53,ai,specific,1
20200331,2,-0.010225841209197097,52,ai,specific,1
20200331,3,-0.014546566156811285,52,ai,specific,1
20200331,4,0.014574651947426647,52,ai,specific,1
20200331,5,-0.0024341313288394127,52,ai,specific,1
20200331,6,-0.005851141114340071,52,ai,specific,1
20200331,7,0.01037349657308087,52,ai,specific,1
20200331,8,0.015949619885450055,52,ai,specific,1
20200331,9,0.0046435462011668715,52,ai,specific,1
20200331,10,0.016906342642737278,52,ai,specific,1
20200430,1,-0.00400411138528439,52,ai,specific,1
20200430,2,-0.01756838987207477,52,ai,specific,1
20200430,3,-0.0004287528111476885,52,ai,specific,1
20200430,4,0.004316275526547896,52,ai,specific,1
20200430,5,0.0008295975996803242,51,ai,specific,1
20200430,6,-0.0005177414516500807,52,ai,specific,1
20200430,7,0.0031429021490505314,52,ai,specific,1
20200430,8,0.004792829696875147,52,ai,specific,1
20200430,9,0.013765665690428943,52,ai,specific,1
20200430,10,0.013767667674798117,51,ai,specific,1
20200529,1,-0.012210742398668867,51,ai,specific,1
20200529,2,0.00312855085722125,50,ai,specific,1
20200529,3,-0.005112679136810282,50,ai,specific,1
20200529,4,0.003918097209953127,50,ai,specific,1
20200529,5,0.00022135920430716203,50,ai,specific,1
20200529,6,0.0010959063900632254,51,ai,specific,1
20200529,7,-0.0011996205368777978,50,ai,specific,1
20200529,8,0.008035885285939537,50,ai,specific,1
20200529,9,-0.009320105687687154,50,ai,specific,1
20200529,10,-0.008428681196015446,50,ai,specific,1
20200630,1,-0.020659714360487788,50,ai,specific,1
20200630,2,-0.014934323227235164,50,ai,specific,1
20200630,3,-0.018097030038596987,50,ai,specific,1
20200630,4,0.006021872225317482,50,ai,specific,1
20200630,5,-0.00760145134073703,50,ai,specific,1
20200630,6,0.008004292344427651,50,ai,specific,1
20200630,7,0.0027243642400729133,50,ai,specific,1
20200630,8,0.007171772106362158,50,ai,specific,1
20200630,9,0.016495752458777005,50,ai,specific,1
20200630,10,0.0005303016744309683,50,ai,specific,1
20200731,1,-0.018903380767374155,52,ai,specific,1
20200731,2,-0.018062102566457093,51,ai,specific,1
20200731,3,-0.00733751766870042,52,ai,specific,1
20200731,4,-0.00669805601152531,51,ai,specific,1
20200731,5,-0.006830590893656576,52,ai,specific,1
20200731,6,0.005398576819239651,51,ai,specific,1
20200731,7,0.007822398276788272,52,ai,specific,1
20200731,8,0.02231009106826922,51,ai,specific,1
20200731,9,0.0019404052870114204,52,ai,specific,1
20200731,10,0.015621779613188455,51,ai,specific,1
20200831,1,-0.0007426276776282341,52,ai,specific,1
20200831,2,-0.017563697408006722,52,ai,specific,1
20200831,3,-0.010297542493717497,52,ai,specific,1
20200831,4,-0.011397198950603371,52,ai,specific,1
20200831,5,0.002395691803548276,52,ai,specific,1
20200831,6,-0.006407069419967417,52,ai,specific,1
20200831,7,-0.014042589073817542,52,ai,specific,1
20200831,8,0.006909818447198248,52,ai,specific,1
20200831,9,0.016226313191666532,52,ai,specific,1
20200831,10,0.027550710184894113,52,ai,specific,1
20200930,1,-0.009823201146892745,52,ai,specific,1
20200930,2,0.007837811922311106,51,ai,specific,1
20200930,3,-0.006487559422553018,52,ai,specific,1
20200930,4,0.00897716370789032,51,ai,specific,1
20200930,5,0.004689674819863423,51,ai,specific,1
20200930,6,0.007234942176256701,52,ai,specific,1
20200930,7,0.0005125648288436593,51,ai,specific,1
20200930,8,0.017217133764144986,52,ai,specific,1
20200930,9,0.020105393020471495,51,ai,specific,1
20200930,10,0.01952630062641632,51,ai,specific,1
20201030,1,-0.024111660480790355,51,ai,specific,1
20201030,2,-0.0006861348411690879,50,ai,specific,1
20201030,3,0.0040899840441298175,50,ai,specific,1
20201030,4,-0.00796965746431717,51,ai,specific,1
20201030,5,0.00689341605479853,50,ai,specific,1
20201030,6,-0.01816183129089628,50,ai,specific,1
20201030,7,0.010514297197508675,51,ai,specific,1
20201030,8,0.012125519982621626,50,ai,specific,1
20201030,9,0.01749560440588717,50,ai,specific,1
20201030,10,0.0173956649796252,50,ai,specific,1
20201130,1,-0.025544236681117258,50,ai,specific,1
20201130,2,-0.009231839319884671,50,ai,specific,1
20201130,3,-0.007846713417646313,50,ai,specific,1
20201130,4,-0.0073661128162548686,49,ai,specific,1
20201130,5,0.0072881642893589515,50,ai,specific,1
20201130,6,0.0035024412107450696,50,ai,specific,1
20201130,7,0.017322686233570344,49,ai,specific,1
20201130,8,0.006899909299268918,50,ai,specific,1
20201130,9,-0.012707422042199408,50,ai,specific,1
20201130,10,0.0015550980377067286,49,ai,specific,1
20201231,1,-0.034186138832980516,53,ai,specific,1
20201231,2,-0.013391646723810127,52,ai,specific,1
20201231,3,0.011996266373641441,52,ai,specific,1
20201231,4,-0.005806058768424863,52,ai,specific,1
20201231,5,0.002231248508394987,52,ai,specific,1
20201231,6,0.005490389278546148,52,ai,specific,1
20201231,7,0.0028297317664535,52,ai,specific,1
20201231,8,-0.00580293020622434,52,ai,specific,1
20201231,9,-0.01191577628852546,52,ai,specific,1
20201231,10,-0.003117453833348784,52,ai,specific,1
20210129,1,-0.009043933167813031,52,ai,specific,1
20210129,2,-0.006278419104840235,52,ai,specific,1
20210129,3,-0.006228291158012164,52,ai,specific,1
20210129,4,-0.008511127294543454,52,ai,specific,1
20210129,5,0.006977888731518742,52,ai,specific,1
20210129,6,0.012460953486485892,52,ai,specific,1
20210129,7,0.007271026534100024,52,ai,specific,1
20210129,8,0.013338325023614499,52,ai,specific,1
20210129,9,0.020651631501152755,52,ai,specific,1
20210129,10,0.017133038580289126,51,ai,specific,1
20210226,1,-0.0076237114966841175,52,ai,specific,1
20210226,2,-0.018582154881177083,51,ai,specific,1
20210226,3,0.0019915089624864433,51,ai,specific,1
20210226,4,0.008032822385040338,52,ai,specific,1
20210226,5,-0.003066547654435979,51,ai,specific,1
20210226,6,-0.00010481269471557994,51,ai,specific,1
20210226,7,-0.0020574880054823716,52,ai,specific,1
20210226,8,0.0037241093377926326,51,ai,specific,1
20210226,9,0.010642259226779272,51,ai,specific,1
20210226,10,0.023583295719959894,51,ai,specific,1
20210331,1,-0.02777769706260267,51,ai,specific,1
20210331,2,-0.027587630430588473,51,ai,specific,1
20210331,3,-0.00792492607988267,51,ai,specific,1
20210331,4,0.008408351296852185,51,ai,specific,1
20210331,5,0.011458196845019699,50,ai,specific,1
20210331,6,-0.014599154329262575,51,ai,specific,1
20210331,7,0.010808423875299131,51,ai,specific,1
20210331,8,-0.0004326162840005082,51,ai,specific,1
20210331,9,-0.0007176420621960002,51,ai,specific,1
20210331,10,0.018070834190371827,50,ai,specific,1
20210430,1,-0.014768737877822201,49,ai,specific,1
20210430,2,-0.00541233061246356,49,ai,specific,1
20210430,3,-0.0030478112744959595,49,ai,specific,1
20210430,4,0.017893758070565164,49,ai,specific,1
20210430,5,-0.01339026999891318,49,ai,specific,1
20210430,6,-0.012222976758604695,49,ai,specific,1
20210430,7,0.0015494461631854158,49,ai,specific,1
20210430,8,0.0066191320939411515,49,ai,specific,1
20210430,9,0.0026798000898404467,49,ai,specific,1
20210430,10,0.018848211308071953,48,ai,specific,1
20210531,1,-0.0138769969967276,52,ai,specific,1
20210531,2,0.0009583723396097875,51,ai,specific,1
20210531,3,0.012673849776009246,51,ai,specific,1
20210531,4,-0.0010127828745661478,52,ai,specific,1
20210531,5,-0.0048325535577580505,51,ai,specific,1
20210531,6,-0.008738222613659185,51,ai,specific,1
20210531,7,-0.00016142313020684452,52,ai,specific,1
20210531,8,0.01194169245973401,51,ai,specific,1
20210531,9,0.010579061823900514,51,ai,specific,1
20210531,10,0.0028369588539563896,51,ai,specific,1
20210630,1,-0.015144007720562996,53,ai,specific,1
20210630,2,-0.009241258124143352,52,ai,specific,1
20210630,3,-0.010047189350933367,52,ai,specific,1
20210630,4,-0.005341462025079907,52,ai,specific,1
20210630,5,0.003951582721955452,52,ai,specific,1
20210630,6,0.005774718115326172,52,ai,specific,1
20210630,7,0.007329755766379565,52,ai,specific,1
20210630,8,0.009448094512038223,52,ai,specific,1
20210630,9,-0.007531651146341226,52,ai,specific,1
20210630,10,0.02349009401767905,52,ai,specific,1
20210730,1,-0.02525023569499898,52,ai,specific,1
20210730,2,-0.007686990800400204,51,ai,specific,1
20210730,3,0.00018303731983006664,51,ai,specific,1
20210730,4,0.004486057270474626,52,ai,specific,1
20210730,5,-0.006933013804954652,51,ai,specific,1
20210730,6,-0.009954943916380103,51,ai,specific,1
20210730,7,-0.0026241409621545037,52,ai,specific,1
20210730,8,0.0021755285204096723,51,ai,specific,1
20210730,9,0.004307466815755207,51,ai,specific,1
20210730,10,0.016422692605888616,51,ai,specific,1
20210831,1,-0.011213538055195423,54,ai,specific,1
20210831,2,-0.010033482235811872,53,ai,specific,1
20210831,3,-0.00880290788353022,53,ai,specific,1
20210831,4,0.01375166387923044,53,ai,specific,1
20210831,5,0.0070974424242457755,53,ai,specific,1
20210831,6,0.012123046601804877,53,ai,specific,1
20210831,7,0.0013809711864057345,53,ai,specific,1
20210831,8,0.010159576268854597,53,ai,specific,1
20210831,9,-9.55729167827675e-05,53,ai,specific,1
20210831,10,0.029075785930822586,53,ai,specific,1
20210930,1,-0.0146091311577884,51,ai,specific,1
20210930,2,-0.003995589686797033,50,ai,specific,1
20210930,3,-0.009607444516559044,50,ai,specific,1
20210930,4,0.001994031825587486,50,ai,specific,1
20210930,5,0.0064059716466170254,50,ai,specific,1
20210930,6,-0.00029061618854034826,50,ai,specific,1
20210930,7,0.0017591494318958093,50,ai,specific,1
20210930,8,-0.006587207372235989,50,ai,specific,1
20210930,9,0.019030268041497145,50,ai,specific,1
20210930,10,0.025376856276822516,50,ai,specific,1
20211029,1,-0.029995682988254602,51,ai,specific,1
20211029,2,-0.008824034539822582,50,ai,specific,1
20211029,3,-0.007924272174021323,51,ai,specific,1
20211029,4,-0.00264004926359786,50,ai,specific,1
20211029,5,0.0037056629519702207,51,ai,specific,1
20211029,6,0.007704603619990951,50,ai,specific,1
20211029,7,0.010317156314123886,51,ai,specific,1
20211029,8,0.007323911476134411,50,ai,specific,1
20211029,9,0.021077127388849246,51,ai,specific,1
20211029,10,0.0133959989633038,50,ai,specific,1
20211130,1,0.0013198513170622956,51,ai,specific,1
20211130,2,0.005620314686474425,51,ai,specific,1
20211130,3,0.009668784645150122,51,ai,specific,1
20211130,4,-0.006212840907927802,51,ai,specific,1
20211130,5,0.009358206500019705,51,ai,specific,1
20211130,6,0.0003112711458066131,51,ai,specific,1
20211130,7,0.011180233226856245,51,ai,specific,1
20211130,8,-0.011035420458228364,51,ai,specific,1
20211130,9,0.008364663232927954,51,ai,specific,1
20211130,10,0.012720309563575056,51,ai,specific,1
20211231,1,-0.016891928793695988,51,ai,specific,1
20211231,2,-0.004753863817025467,51,ai,specific,1
20211231,3,-0.002272007310421359,51,ai,specific,1
20211231,4,0.006494275226444322,50,ai,specific,1
20211231,5,0.010806492359868317,51,ai,specific,1
20211231,6,-0.01933654977602946,51,ai,specific,1
20211231,7,-0.00024754652276315293,50,ai,specific,1
20211231,8,0.008433323909738817,51,ai,specific,1
20211231,9,-0.008123027727414928,51,ai,specific,1
20211231,10,0.013121847104937624,50,ai,specific,1
20220131,1,-0.005781528499015509,51,ai,specific,1
20220131,2,0.003253993719096545,51,ai,specific,1
20220131,3,-0.0015116794921537218,51,ai,specific,1
20220131,4,-0.013048950766210298,50,ai,specific,1
20220131,5,-0.00447639809498432,51,ai,specific,1
20220131,6,0.0030134549666141893,51,ai,specific,1
20220131,7,-0.005121540667734237,50,ai,specific,1
20220131,8,0.01684948868062095,51,ai,specific,1
20220131,9,0.018689027135253552,51,ai,specific,1
20220131,10,0.013074409709773232,50,ai,specific,1
20220228,1,-0.01181934963100694,51,ai,specific,1
20220228,2,-0.0027093629497662464,50,ai,specific,1
20220228,3,0.003027187962728306,51,ai,specific,1
20220228,4,-0.024563864698544813,50,ai,specific,1
20220228,5,0.011515562766563516,50,ai,specific,1
20220228,6,-0.018360364539472075,51,ai,specific,1
20220228,7,-0.003688713401329471,50,ai,specific,1
20220228,8,0.009546153776914382,51,ai,specific,1
20220228,9,0.004135699297956514,50,ai,specific,1
20220228,10,0.014298401734030181,50,ai,specific,1
20220331,1,-0.012229198054511793,51,ai,specific,1
20220331,2,0.0008817709841214587,51,ai,specific,1
20220331,3,-0.011650678723638857,51,ai,specific,1
20220331,4,0.00539508562062068,51,ai,specific,1
20220331,5,0.025541348225025136,50,ai,specific,1
20220331,6,0.006746543469282244,51,ai,specific,1
20220331,7,0.004166119027222277,51,ai,specific,1
20220331,8,-0.0014332330068684786,51,ai,specific,1
20220331,9,0.01383339988734844,51,ai,specific,1
20220331,10,0.015056776496265002,50,ai,specific,1
20220429,1,-0.0291528206912814,51,ai,specific,1
20220429,2,-0.014517683979988169,51,ai,specific,1
20220429,3,0.010632322678540172,50,ai,specific,1
20220429,4,0.0013780492635493287,51,ai,specific,1
20220429,5,-0.009169122556895963,50,ai,specific,1
20220429,6,-0.0028352473092839083,51,ai,specific,1
20220429,7,-0.010959576444974441,51,ai,specific,1
20220429,8,-0.010464112124313245,50,ai,specific,1
20220429,9,-0.0026442941641275984,51,ai,specific,1
20220429,10,0.0036840123439871443,50,ai,specific,1
20220531,1,-0.006866522222674894,53,ai,specific,1
20220531,2,0.00990726679211777,52,ai,specific,1
20220531,3,-0.0024573663567104584,53,ai,specific,1
20220531,4,-0.010726317226722761,52,ai,specific,1
20220531,5,-0.005817646912302317,53,ai,specific,1
20220531,6,-0.004740546808632596,52,ai,specific,1
20220531,7,0.001991983106894584,53,ai,specific,1
20220531,8,0.0009358387188977457,52,ai,specific,1
20220531,9,0.005435326019709179,53,ai,specific,1
20220531,10,0.01402285882667614,52,ai,specific,1
20220630,1,-0.015107148640459634,51,ai,specific,1
20220630,2,-0.00037139579379651203,50,ai,specific,1
20220630,3,-0.008443850369158665,50,ai,specific,1
20220630,4,0.0031074185636205598,50,ai,specific,1
20220630,5,-0.005772002181806311,50,ai,specific,1
20220630,6,-0.006482504235851891,50,ai,specific,1
20220630,7,0.009134211935739761,50,ai,specific,1
20220630,8,-0.0018435521131952102,50,ai,specific,1
20220630,9,0.005396206313490497,50,ai,specific,1
20220630,10,0.003660287072655767,50,ai,specific,1
20220729,1,-0.0029460679009420234,52,ai,specific,1
20220729,2,0.0019488801557354892,52,ai,specific,1
20220729,3,-0.0015183566377251858,52,ai,specific,1
20220729,4,-0.009771345058573782,52,ai,specific,1
20220729,5,0.018661639888782076,51,ai,specific,1
20220729,6,-0.002153221811711022,52,ai,specific,1
20220729,7,0.0054923256723681795,52,ai,specific,1
20220729,8,0.012144424586556398,52,ai,specific,1
20220729,9,0.011508958151959915,52,ai,specific,1
20220729,10,0.022167434572255562,51,ai,specific,1
20220831,1,-0.008191153263620956,51,ai,specific,1
20220831,2,-0.022417573371905624,51,ai,specific,1
20220831,3,0.005175203005679231,51,ai,specific,1
20220831,4,-0.004155760331044819,51,ai,specific,1
20220831,5,0.010209991243704973,51,ai,specific,1
20220831,6,0.02077321513302489,51,ai,specific,1
20220831,7,0.007182667304194126,51,ai,specific,1
20220831,8,-0.0023719240176923637,51,ai,specific,1
20220831,9,0.014957200018123857,51,ai,specific,1
20220831,10,0.011654837061023042,51,ai,specific,1
20220930,1,-0.003547620758947195,52,ai,specific,1
20220930,2,-0.003998609226034638,52,ai,specific,1
20220930,3,0.005802050482904612,51,ai,specific,1
20220930,4,0.008130461684853488,52,ai,specific,1
20220930,5,-0.0025240809987428373,51,ai,specific,1
20220930,6,0.00039024912235128997,52,ai,specific,1
20220930,7,-0.018546994336147794,52,ai,specific,1
20220930,8,-0.00042851271215112847,51,ai,specific,1
20220930,9,0.002983521018624342,52,ai,specific,1
20220930,10,0.012145256960392738,51,ai,specific,1
20221031,1,-0.01837012532451563,51,ai,specific,1
20221031,2,-0.018116120194800925,51,ai,specific,1
20221031,3,-0.003086707902717107,51,ai,specific,1
20221031,4,0.00362405170460921,51,ai,specific,1
20221031,5,-0.004102425114770338,51,ai,specific,1
20221031,6,0.004433155868630136,51,ai,specific,1
20221031,7,-0.005335790188071351,51,ai,specific,1
20221031,8,0.01256097485555092,51,ai,specific,1
20221031,9,0.02619813841944146,51,ai,specific,1
20221031,10,0.01658523219827412,51,ai,specific,1
20221130,1,0.0003574125735606534,52,ai,specific,1
20221130,2,-0.0006252125427445119,51,ai,specific,1
20221130,3,0.007758332060321833,52,ai,specific,1
20221130,4,0.007770024240335589,51,ai,specific,1
20221130,5,-0.01564965742244167,52,ai,specific,1
20221130,6,-0.007352021638659649,51,ai,specific,1
20221130,7,0.009329323230349908,52,ai,specific,1
20221130,8,0.004346275524986187,51,ai,specific,1
20221130,9,0.007540674156321295,52,ai,specific,1
20221130,10,0.017819179802505133,51,ai,specific,1
20221230,1,-0.0029997371725339022,52,ai,specific,1
20221230,2,0.0009431599691766116,52,ai,specific,1
20221230,3,-0.024570275061167844,52,ai,specific,1
20221230,4,0.00983249697229083,52,ai,specific,1
20221230,5,-0.000510781675128901,51,ai,specific,1
20221230,6,-0.0018265505370363409,52,ai,specific,1
20221230,7,-0.004821336166027136,52,ai,specific,1
20221230,8,0.014242826480802492,52,ai,specific,1
20221230,9,0.020455166745667348,52,ai,specific,1
20221230,10,0.01488237637706446,51,ai,specific,1
20230131,1,-0.008238683298741611,52,ai,specific,1
20230131,2,0.004237677715596556,51,ai,specific,1
20230131,3,-0.013365779213991727,51,ai,specific,1
20230131,4,-0.0005570777541914753,51,ai,specific,1
20230131,5,-0.013194122064718683,51,ai,specific,1
20230131,6,-0.006613500813156296,51,ai,specific,1
20230131,7,0.0030879053872874046,51,ai,specific,1
20230131,8,0.0038406173484300237,51,ai,specific,1
20230131,9,-0.005887230427487442,51,ai,specific,1
20230131,10,0.008842625675357416,51,ai,specific,1
20230228,1,0.01463817599017793,50,ai,specific,1
20230228,2,-0.016504753672935208,49,ai,specific,1
20230228,3,-0.003520284476522214,49,ai,specific,1
20230228,4,-0.01032528786084504,49,ai,specific,1
20230228,5,0.014832205944588058,49,ai,specific,1
20230228,6,-0.006725524945025845,50,ai,specific,1
20230228,7,0.02219669018193834,49,ai,specific,1
20230228,8,0.004657680942080974,49,ai,specific,1
20230228,9,-0.012006492963067866,49,ai,specific,1
20230228,10,-0.0022218093975818775,49,ai,specific,1
20230331,1,-0.015875584095373204,53,ai,specific,1
20230331,2,-0.01693725247862129,52,ai,specific,1
20230331,3,0.00043089720586814004,52,ai,specific,1
20230331,4,-0.00177656573939084,52,ai,specific,1
20230331,5,-0.010258412867293336,52,ai,specific,1
20230331,6,-0.005023398969279091,52,ai,specific,1
20230331,7,0.015834832345282452,52,ai,specific,1
20230331,8,0.0023630185189506274,52,ai,specific,1
20230331,9,0.018507139605432484,52,ai,specific,1
20230331,10,0.0271669838245263,52,ai,specific,1
20230428,1,-0.013394166867284202,51,ai,specific,1
20230428,2,-0.020846201266744743,50,ai,specific,1
20230428,3,-0.002549890498991382,51,ai,specific,1
20230428,4,-0.011915817503370835,50,ai,specific,1
20230428,5,0.007974133091989515,50,ai,specific,1
20230428,6,0.013668350084959284,51,ai,specific,1
20230428,7,-0.00032455826076998207,50,ai,specific,1
20230428,8,0.003959108586147239,51,ai,specific,1
20230428,9,0.003776798936772108,50,ai,specific,1
20230428,10,0.021997871518791113,50,ai,specific,1
20230531,1,-0.006132951471911794,52,ai,specific,1
20230531,2,-0.00742756208478394,51,ai,specific,1
20230531,3,-0.0030109354597264194,51,ai,specific,1
20230531,4,-0.0064519013073045,51,ai,specific,1
20230531,5,-0.005857947838325203,51,ai,specific,1
20230531,6,-0.005911697103633423,52,ai,specific,1
20230531,7,0.0035232519365999714,51,ai,specific,1
20230531,8,-0.009867616672849926,51,ai,specific,1
20230531,9,0.0007080752350348756,51,ai,specific,1
20230531,10,0.03522034465520794,51,ai,specific,1
20230630,1,-0.009303291945243852,51,ai,specific,1
20230630,2,0.004303339177542562,50,ai,specific,1
20230630,3,-0.006020661010176633,51,ai,specific,1
20230630,4,0.0019939274781284773,50,ai,specific,1
20230630,5,-0.004769528379331668,51,ai,specific,1
20230630,6,-0.0005571000983444857,50,ai,specific,1
20230630,7,0.013047494972639481,51,ai,specific,1
20230630,8,0.021778042253469167,50,ai,specific,1
20230630,9,0.019806287951194657,51,ai,specific,1
20230630,10,0.01803970111022426,50,ai,specific,1
20230731,1,-0.024959119466275076,50,ai,specific,1
20230731,2,-0.018671486514694996,50,ai,specific,1
20230731,3,0.0020263795503527382,50,ai,specific,1
20230731,4,0.014885864720549096,49,ai,specific,1
20230731,5,-0.016705431806636382,50,ai,specific,1
20230731,6,0.0027507503978944524,50,ai,specific,1
20230731,7,-0.003980278863106204,49,ai,specific,1
20230731,8,-0.007182926366645349,50,ai,specific,1
20230731,9,0.009617080806550054,50,ai,specific,1
20230731,10,0.010559139131802751,49,ai,specific,1
20230831,1,-0.03036150173343875,49,ai,specific,1
20230831,2,0.009674533720852614,48,ai,specific,1
20230831,3,0.008850099468255825,48,ai,specific,1
20230831,4,-0.006280973116241519,49,ai,specific,1
20230831,5,0.0040869677840335615,48,ai,specific,1
20230831,6,0.0009123096267318583,48,ai,specific,1
20230831,7,0.011258544672566127,49,ai,specific,1
20230831,8,0.003616717378782806,48,ai,specific,1
20230831,9,0.004326100985428852,48,ai,specific,1
20230831,10,0.01741642412302893,48,ai,specific,1
20230929,1,-0.00029493992103758884,51,ai,specific,1
20230929,2,-0.005856291031804163,51,ai,specific,1
20230929,3,-0.010993409172147714,51,ai,specific,1
20230929,4,-0.002518828693590094,51,ai,specific,1
20230929,5,-0.00654940616314104,51,ai,specific,1
20230929,6,0.0006563400206635257,51,ai,specific,1
20230929,7,-0.006436581061967032,51,ai,specific,1
20230929,8,0.021406673642719233,51,ai,specific,1
20230929,9,0.006278661187337896,51,ai,specific,1
20230929,10,0.014806944341133879,50,ai,specific,1
20231031,1,-0.021521143163176718,52,ai,specific,1
20231031,2,-0.0034073501530831165,51,ai,specific,1
20231031,3,0.010354064889095217,51,ai,specific,1
20231031,4,0.0009718144561819872,51,ai,specific,1
20231031,5,0.006946307653202963,51,ai,specific,1
20231031,6,-0.0067029381958555135,52,ai,specific,1
20231031,7,-0.0024080821242538613,51,ai,specific,1
20231031,8,-0.021409354920163663,51,ai,specific,1
20231031,9,0.01468788603014811,51,ai,specific,1
20231031,10,0.011683658107704734,51,ai,specific,1
20231130,1,-0.008068513213171105,54,ai,specific,1
20231130,2,-0.004322804855773654,53,ai,specific,1
20231130,3,-0.010344852069172208,53,ai,specific,1
20231130,4,-4.432541788174863e-06,54,ai,specific,1
20231130,5,0.0067513299287634025,53,ai,specific,1
20231130,6,0.008711679478124413,53,ai,specific,1
20231130,7,-0.003355350821072309,54,ai,specific,1
20231130,8,0.0015409089447555057,53,ai,specific,1
20231130,9,-0.008319641665330921,53,ai,specific,1
20231130,10,0.009473534136505908,53,ai,specific,1
20231229,1,-0.02758213319844186,49,ai,specific,1
20231229,2,0.003486821336942952,49,ai,specific,1
20231229,3,-0.0016193743681492474,49,ai,specific,1
20231229,4,-0.018184529808837727,48,ai,specific,1
20231229,5,-0.0009867031931834367,49,ai,specific,1
20231229,6,0.0171540441809471,49,ai,specific,1
20231229,7,0.006228836986984032,48,ai,specific,1
20231229,8,-0.004208819784261899,49,ai,specific,1
20231229,9,0.020890041061095252,49,ai,specific,1
20231229,10,0.02468806836123409,48,ai,specific,1
20240131,1,-0.03717938769878458,51,ai,specific,1
20240131,2,-0.014509923642668815,51,ai,specific,1
20240131,3,0.0012688322377528722,50,ai,specific,1
20240131,4,-0.0040036087910196635,51,ai,specific,1
20240131,5,0.020604110763101414,50,ai,specific,1
20240131,6,-0.004321486999743399,51,ai,specific,1
20240131,7,0.0045837459995944,51,ai,specific,1
20240131,8,0.0013619418462147116,50,ai,specific,1
20240131,9,0.013216518790476235,51,ai,specific,1
20240131,10,0.0011165251205821805,50,ai,specific,1
20240229,1,0.01695061378642285,51,ai,specific,1
20240229,2,-0.0012326648226339172,51,ai,specific,1
20240229,3,-0.008209070322354243,51,ai,specific,1
20240229,4,0.015171686713127734,51,ai,specific,1
20240229,5,0.01720017562312695,51,ai,specific,1
20240229,6,0.00825392905134951,51,ai,specific,1
20240229,7,0.0020157877382001588,51,ai,specific,1
20240229,8,0.007330909340293952,51,ai,specific,1
20240229,9,0.0029281101250922597,51,ai,specific,1
20240229,10,0.02306636026274358,51,ai,specific,1
20240329,1,-0.006556354773477204,51,ai,specific,1
20240329,2,-0.01112269027861732,50,ai,specific,1
20240329,3,-0.009716113979304759,50,ai,specific,1
20240329,4,-0.00849263034289364,50,ai,specific,1
20240329,5,-0.005369043692756973,50,ai,specific,1
20240329,6,-0.004455538055894704,50,ai,specific,1
20240329,7,0.02454226825960296,50,ai,specific,1
20240329,8,0.007878799950335578,50,ai,specific,1
20240329,9,0.02768200331966848,50,ai,specific,1
20240329,10,0.011981049038708164,50,ai,specific,1
20240430,1,-0.0025359491420308767,51,ai,specific,1
20240430,2,-0.01950998090890001,50,ai,specific,1
20240430,3,-0.008845285784212066,51,ai,specific,1
20240430,4,0.017109395046625685,50,ai,specific,1
20240430,5,-0.0008224562455829726,51,ai,specific,1
20240430,6,0.010605595108575758,50,ai,specific,1
20240430,7,-0.008055658277907028,51,ai,specific,1
20240430,8,0.021873883551867177,50,ai,specific,1
20240430,9,-0.0002160012093270116,51,ai,specific,1
20240430,10,0.024673577851193382,50,ai,specific,1
20240531,1,0.0029267900803196926,51,ai,specific,1
20240531,2,0.0014224414681260583,51,ai,specific,1
20240531,3,-0.010957557400956377,50,ai,specific,1
20240531,4,0.0028394853689721923,51,ai,specific,1
20240531,5,-0.000576657724512468,50,ai,specific,1
20240531,6,-0.002372366231508518,51,ai,specific,1
20240531,7,-0.00548238095700352,51,ai,specific,1
20240531,8,0.013346055291587557,50,ai,specific,1
20240531,9,0.0026956118442038103,51,ai,specific,1
20240531,10,0.02075480266715708,50,ai,specific,1
20240628,1,-0.016412135047153845,50,ai,specific,1
20240628,2,0.00016664287239537195,50,ai,specific,1
20240628,3,-0.005030922235149224,50,ai,specific,1
20240628,4,0.006961884669171472,50,ai,specific,1
20240628,5,-0.006928903963048024,50,ai,specific,1
20240628,6,-0.003356918229947088,50,ai,specific,1
20240628,7,0.010091887820324351,50,ai,specific,1
20240628,8,-0.0034209449133273547,50,ai,specific,1
20240628,9,0.005281434987124729,50,ai,specific,1
20240628,10,0.00575212109122785,49,ai,specific,1
20240731,1,-0.0023781572400590986,52,ai,specific,1
20240731,2,0.004631701598494511,52,ai,specific,1
20240731,3,-0.009778533089933594,52,ai,specific,1
20240731,4,0.011057282361565224,52,ai,specific,1
20240731,5,-0.013253604879220938,52,ai,specific,1
20240731,6,-0.0055909826008569054,52,ai,specific,1
20240731,7,-0.004177332234414159,52,ai,specific,1
20240731,8,7.851391179188625e-06,52,ai,specific,1
20240731,9,0.02164354687710744,52,ai,specific,1
20240731,10,0.011053198260288147,52,ai,specific,1
20240830,1,-0.020598788253462057,51,ai,specific,1
20240830,2,-0.014648795416939172,51,ai,specific,1
20240830,3,-0.0018952934205298238,51,ai,specific,1
20240830,4,-0.007710620182126986,51,ai,specific,1
20240830,5,0.006310710396124589,51,ai,specific,1
20240830,6,-0.008750551039423354,51,ai,specific,1
20240830,7,0.01100218456907749,51,ai,specific,1
20240830,8,-0.014499169285073445,51,ai,specific,1
20240830,9,-0.011861602725686805,51,ai,specific,1
20240830,10,0.01843702834413076,51,ai,specific,1
20240930,1,-5.803349518121529e-05,51,ai,specific,1
20240930,2,0.004301615377142092,50,ai,specific,1
20240930,3,-0.008039212995177333,50,ai,specific,1
20240930,4,-0.013027873831011831,51,ai,specific,1
20240930,5,0.004844741402958748,50,ai,specific,1
20240930,6,-0.0030564516745262243,50,ai,specific,1
20240930,7,0.002325180587998469,51,ai,specific,1
20240930,8,-0.0001521548730115374,50,ai,specific,1
20240930,9,0.015962210576300654,50,ai,specific,1
20240930,10,0.010961722116672363,50,ai,specific,1
20241031,1,-0.005146023011075751,51,ai,specific,1
20241031,2,-0.014718286805638017,51,ai,specific,1
20241031,3,-0.006367540019114071,51,ai,specific,1
20241031,4,-0.0018766554280098676,51,ai,specific,1
20241031,5,-0.00903957410254734,50,ai,specific,1
20241031,6,-0.006424640202750495,51,ai,specific,1
20241031,7,-0.0061322100327259035,51,ai,specific,1
20241031,8,0.012277713254098797,51,ai,specific,1
20241031,9,0.00232275709391711,51,ai,specific,1
20241031,10,0.008155081912633524,50,ai,specific,1
20241129,1,-0.0034259657570034764,51,ai,specific,1
20241129,2,-0.006250964085460941,51,ai,specific,1
20241129,3,-0.010086063350126845,51,ai,specific,1
20241129,4,0.008028807438800436,51,ai,specific,1
20241129,5,-0.007603761130182689,51,ai,specific,1
20241129,6,-0.010323701380211532,51,ai,specific,1
20241129,7,-0.006591388740926664,51,ai,specific,1
20241129,8,0.009104001047389306,51,ai,specific,1
20241129,9,-0.006961114686251434,51,ai,specific,1
20241129,10,0.00322293731880405,50,ai,specific,1
20241231,1,-0.005223687982269609,51,ai,specific,1
20241231,2,-0.017257862807411053,50,ai,specific,1
20241231,3,-0.0020075883441494527,50,ai,specific,1
20241231,4,-0.010075647131975451,50,ai,specific,1
20241231,5,0.004428763018720454,50,ai,specific,1
20241231,6,-0.010995250977474986,50,ai,specific,1
20241231,7,0.010119581862590453,50,ai,specific,1
20241231,8,-0.003753126651147788,50,ai,specific,1
20241231,9,0.016491502275470974,50,ai,specific,1
20241231,10,0.022763507139106073,50,ai,specific,1
20250131,1,-0.0035095159524827246,53,ai,specific,1
20250131,2,0.017015834647175952,52,ai,specific,1
20250131,3,-0.0016065065735057582,53,ai,specific,1
20250131,4,0.004878770791828548,52,ai,specific,1
20250131,5,0.0037133605197693332,53,ai,specific,1
20250131,6,0.007264428948657521,52,ai,specific,1
20250131,7,0.03518346454498589,53,ai,specific,1
20250131,8,0.008592022013732365,52,ai,specific,1
20250131,9,-0.005566053819452112,53,ai,specific,1
20250131,10,0.002561296927273202,52,ai,specific,1
20250228,1,-0.0014310655822646256,50,ai,specific,1
20250228,2,0.006968640227978909,50,ai,specific,1
20250228,3,-0.0017368530929771585,49,ai,specific,1
20250228,4,-0.01725960579333739,50,ai,specific,1
20250228,5,-0.01625106760943194,49,ai,specific,1
20250228,6,0.007500425158354973,50,ai,specific,1
20250228,7,0.014654969107824756,50,ai,specific,1
20250228,8,0.006127907818801344,49,ai,specific,1
20250228,9,0.01628921029975389,50,ai,specific,1
20250228,10,0.0065819524749757725,49,ai,specific,1
20250331,1,-0.016955818276131844,50,ai,specific,1
20250331,2,-0.005075748764479766,50,ai,specific,1
20250331,3,-0.003235945416743112,50,ai,specific,1
20250331,4,0.003333541122012366,50,ai,specific,1
20250331,5,0.020352056664035865,50,ai,specific,1
20250331,6,0.0017653637028276984,50,ai,specific,1
20250331,7,0.005133360214936355,50,ai,specific,1
20250331,8,-0.0027567110744113454,50,ai,specific,1
20250331,9,0.019776289554842223,50,ai,specific,1
20250331,10,0.0018166715517041715,49,ai,specific,1
20250430,1,0.009885582175428419,52,ai,specific,1
20250430,2,-0.016220491586722202,51,ai,specific,1
20250430,3,-0.018787683690420928,51,ai,specific,1
20250430,4,-0.015072266869838105,51,ai,specific,1
20250430,5,-0.020216230449848518,51,ai,specific,1
20250430,6,0.015075554233645604,52,ai,specific,1
20250430,7,0.009396191111325556,51,ai,specific,1
20250430,8,0.0014080200918463682,51,ai,specific,1
20250430,9,-0.003234638171814792,51,ai,specific,1
20250430,10,-0.00572320163903949,51,ai,specific,1
20250530,1,-0.0011473600081549893,52,ai,specific,1
20250530,2,-0.013933495445376086,51,ai,specific,1
20250530,3,-0.0035035477092185837,51,ai,specific,1
20250530,4,0.004184251526262253,51,ai,specific,1
20250530,5,-0.009152351945617693,51,ai,specific,1
20250530,6,0.010219773887128282,51,ai,specific,1
20250530,7,0.0066748651526187305,51,ai,specific,1
20250530,8,0.011546737055226096,51,ai,specific,1
20250530,9,0.031160332102788152,51,ai,specific,1
20250530,10,0.010417969479870264,51,ai,specific,1
20250630,1,-0.007300644935338915,51,ai,specific,1
20250630,2,0.010085642045572451,50,ai,specific,1
20250630,3,-0.012409693063505941,51,ai,specific,1
20250630,4,0.0025759586495885264,50,ai,specific,1
20250630,5,-0.006062817564043806,51,ai,specific,1
20250630,6,-0.00517893673722924,50,ai,specific,1
20250630,7,0.007986213826271436,51,ai,specific,1
20250630,8,0.008293061173981167,50,ai,specific,1
20250630,9,0.006712581856987988,51,ai,specific,1
20250630,10,0.0015665275813627698,50,ai,specific,1
20250731,1,-0.01412749997752424,51,ai,specific,1
20250731,2,-0.015451098167532209,51,ai,specific,1
20250731,3,-0.002614366597145116,51,ai,specific,1
20250731,4,0.0029419722917048098,51,ai,specific,1
20250731,5,0.006108040294238357,51,ai,specific,1
20250731,6,0.00388581675181853,51,ai,specific,1
20250731,7,-0.012847509152235906,51,ai,specific,1
20250731,8,-0.004350062429191015,51,ai,specific,1
20250731,9,0.024216946531250637,51,ai,specific,1
20250731,10,0.02033526974106811,50,ai,specific,1
20250829,1,-0.006303371176487048,53,ai,specific,1
20250829,2,-0.0035306130983033604,53,ai,specific,1
20250829,3,0.0008830207985722039,52,ai,specific,1
20250829,4,0.00457885920337346,53,ai,specific,1
20250829,5,0.0019733177678659957,52,ai,specific,1
20250829,6,0.011486608164571806,53,ai,specific,1
20250829,7,0.00704719319834093,53,ai,specific,1
20250829,8,-0.0007218829587929874,52,ai,specific,1
20250829,9,0.019891371956830706,53,ai,specific,1
20250829,10,-0.0004327503235771997,52,ai,specific,1
20250930,1,-0.0005940772338910307,52,ai,specific,1
20250930,2,-0.01666298683438911,51,ai,specific,1
20250930,3,0.001521797840081846,51,ai,specific,1
20250930,4,-4.4620784141901716e-05,51,ai,specific,1
20250930,5,-0.007234494952458306,51,ai,specific,1
20250930,6,0.022951144549508737,52,ai,specific,1
20250930,7,-0.0014400917637222295,51,ai,specific,1
20250930,8,-0.005238523386961644,51,ai,specific,1
20250930,9,-0.005321908384788454,51,ai,specific,1
20250930,10,0.028348939769368215,51,ai,specific,1
20251031,1,-0.0069797694887670314,53,ai,specific,1
20251031,2,0.014382875494953231,52,ai,specific,1
20251031,3,-0.011382550788653373,52,ai,specific,1
20251031,4,-0.017095942847309458,52,ai,specific,1
20251031,5,0.010694655479014555,52,ai,specific,1
20251031,6,0.008008614425898706,52,ai,specific,1
20251031,7,0.002639666116749707,52,ai,specific,1
20251031,8,0.002564538933358572,52,ai,specific,1
20251031,9,0.00689960294170205,52,ai,specific,1
20251031,10,-0.0017201690635364484,52,ai,specific,1
20251128,1,-0.020702924621353366,51,ai,specific,1
20251128,2,-0.0072791911350655525,50,ai,specific,1
20251128,3,-0.005463589020962881,51,ai,specific,1
20251128,4,-0.026571996129736743,50,ai,specific,1
20251128,5,-0.0023069538064904725,51,ai,specific,1
20251128,6,-0.012631025780259092,50,ai,specific,1
20251128,7,0.005991220506454397,51,ai,specific,1
20251128,8,-0.006025130057023156,50,ai,specific,1
20251128,9,0.0047590424946749935,51,ai,specific,1
20251128,10,-0.0006970734609643434,50,ai,specific,1
20251231,1,-0.017182698363931447,51,ai,specific,1
20251231,2,-0.013681560701699009,51,ai,specific,1
20251231,3,0.0023063371416024198,51,ai,specific,1
20251231,4,-0.012345657799608063,50,ai,specific,1
20251231,5,0.009084374669504932,51,ai,specific,1
20251231,6,-0.004898765009505706,51,ai,specific,1
20251231,7,0.0066415434385819,50,ai,specific,1
20251231,8,0.014506291125914042,51,ai,specific,1
20251231,9,-0.001534586054570812,51,ai,specific,1
20251231,10,0.018358252057037595,50,ai,specific,1
20260130,1,-0.009087064629132958,52,ai,specific,1
20260130,2,-0.005007957700026796,51,ai,specific,1
20260130,3,0.0008977498552486736,52,ai,specific,1
20260130,4,-0.016140700460868303,51,ai,specific,1
20260130,5,-0.01849432872003786,52,ai,specific,1
20260130,6,-0.015269564852095217,51,ai,specific,1
20260130,7,0.017199211995767624,52,ai,specific,1
20260130,8,-0.02063736016872647,51,ai,specific,1
20260130,9,0.0024989215353050436,52,ai,specific,1
20260130,10,0.011899552146822827,51,ai,specific,1
20260227,1,-0.012185242683223747,52,ai,specific,1
20260227,2,-0.012718801881756819,52,ai,specific,1
20260227,3,0.0020184823045748365,52,ai,specific,1
20260227,4,-0.004458108709243009,52,ai,specific,1
20260227,5,-0.013547246234364414,52,ai,specific,1
20260227,6,-0.007699239642069735,52,ai,specific,1
20260227,7,0.012730335111604724,52,ai,specific,1
20260227,8,0.0027909110069193896,52,ai,specific,1
20260227,9,0.006417873010180205,52,ai,specific,1
20260227,10,0.023134715234126323,52,ai,specific,1
20260331,1,-0.023888397465910347,51,ai,specific,1
20260331,2,-0.0085132054631705,51,ai,specific,1
20260331,3,0.0038423621794870045,51,ai,specific,1
20260331,4,-0.014330974331072591,51,ai,specific,1
20260331,5,-0.0028717105178730725,51,ai,specific,1
20260331,6,-0.003656517991850249,51,ai,specific,1
20260331,7,-0.001473368293888163,51,ai,specific,1
20260331,8,0.00392495645235093,51,ai,specific,1
20260331,9,0.0018342971840320393,51,ai,specific,1
20260331,10,0.013003322379953644,51,ai,specific,1
20260430,1,-0.007911014118883218,51,ai,specific,1
20260430,2,-0.008808897224283619,50,ai,specific,1
20260430,3,-0.005794502492311873,51,ai,specific,1
20260430,4,-0.007533716960812975,50,ai,specific,1
20260430,5,0.002948561275464853,51,ai,specific,1
20260430,6,0.0011666410290299101,50,ai,specific,1
20260430,7,0.00017619167576583882,51,ai,specific,1
20260430,8,-0.006177920502589537,50,ai,specific,1
20260430,9,0.0007926017435741203,51,ai,specific,1
20260430,10,0.02022405884047424,50,ai,specific,1
20260529,1,-0.009786501213799757,51,ai,specific,1
20260529,2,-4.3341059364677274e-05,50,ai,specific,1
20260529,3,0.006291489484526316,50,ai,specific,1
20260529,4,-0.013487106688548205,50,ai,specific,1
20260529,5,-0.0034620638698397276,50,ai,specific,1
20260529,6,0.012594117975682413,50,ai,specific,1
20260529,7,0.0005411583859665014,50,ai,specific,1
20260529,8,0.015662018665523206,50,ai,specific,1
20260529,9,0.004266398273162681,50,ai,specific,1
20260529,10,0.002104720389480855,50,ai,specific,1
20260630,1,-0.004789798272355992,51,ai,specific,1
20260630,2,-0.01047211237826074,51,ai,specific,1
20260630,3,0.014358117694177486,50,ai,specific,1
20260630,4,0.0034619443494630455,51,ai,specific,1
20260630,5,-0.00468746503904539,50,ai,specific,1
20260630,6,0.020700302981877063,51,ai,specific,1
20260630,7,-0.009312110636961133,51,ai,specific,1
20260630,8,0.011908230194266076,50,ai,specific,1
20260630,9,0.008974094055993961,51,ai,specific,1
20260630,10,0.013883430776104953,50,ai,specific,1
