#nri_code,L001,L002,L003,L004,L005,L006,L007,L008,L009,L010
01346,0,0,0,0,1,0,0,0,0,0
01356,0,0,0,0,0,0,0,0,0,1
01361,0,0,0,1,0,0,0,0,0,0
01362,0,0,0,0,0,0,0,0,0,1
0137A,0,0,0,1,0,0,0,0,0,0
01384,0,0,0,0,0,0,0,1,0,0
01419,1,0,0,0,0,0,0,0,0,0
01454,0,0,0,0,0,1,0,0,0,0
01464,0,0,0,0,0,0,0,1,0,0
01482,0,0,0,0,0,0,0,0,1,0
01484,0,0,0,0,0,0,0,1,0,0
01488,1,0,0,0,0,0,0,0,0,0
01489,0,0,0,1,0,0,0,0,0,0
0148A,1,0,0,0,0,0,0,0,0,0
01492,1,0,0,0,0,0,0,0,0,0
01514,0,0,0,0,0,0,0,1,0,0
01515,0,0,0,0,0,0,0,1,0,0
01555,0,0,0,0,0,0,0,1,0,0
01572,0,0,0,0,0,0,0,1,0,0
01587,0,0,0,0,0,0,0,1,0,0
01607,0,0,0,0,0,0,0,1,0,0
01616,1,0,0,0,0,0,0,0,0,0
01649,0,1,0,0,0,0,0,0,0,0
01659,0,0,0,0,0,0,1,0,0,0
01678,0,0,0,0,0,0,0,1,0,0
01681,1,0,0,0,0,0,0,0,0,0
01682,0,0,0,0,0,1,0,0,0,0
01729,0,0,0,0,0,0,0,1,0,0
01763,1,0,0,0,0,0,0,0,0,0
01780,0,0,0,1,0,0,0,0,0,0
01783,0,0,0,0,0,0,0,1,0,0
01821,0,0,0,0,0,0,0,1,0,0
01846,0,1,0,0,0,0,0,0,0,0
01855,0,0,0,0,0,0,0,1,0,0
01875,0,0,0,1,0,0,0,0,0,0
01876,0,0,0,0,0,0,0,1,0,0
01926,0,0,1,0,0,0,0,0,0,0
01953,0,0,0,0,0,1,0,0,0,0
01961,0,0,0,1,0,0,0,0,0,0
01993,0,1,0,0,0,0,0,0,0,0
01995,0,0,0,0,0,0,0,1,0,0
01999,1,0,0,0,0,0,0,0,0,0
02007,1,0,0,0,0,0,0,0,0,0
02022,0,0,1,0,0,0,0,0,0,0
02025,0,0,0,0,0,0,0,1,0,0
02029,0,0,0,0,0,0,0,1,0,0
02047,0,0,0,0,0,0,0,0,0,1
02048,0,0,1,0,0,0,0,0,0,0
02051,0,0,0,1,0,0,0,0,0,0
02066,1,0,0,0,0,0,0,0,0,0
02071,0,0,0,0,0,1,0,0,0,0
02092,0,0,0,0,0,0,0,0,0,1
02098,0,0,0,0,0,0,0,1,0,0
02103,0,0,0,0,0,1,0,0,0,0
02104,0,0,0,1,0,0,0,0,0,0
02167,0,0,0,0,0,0,0,0,1,0
02180,0,0,0,0,1,0,0,0,0,0
02185,1,0,0,0,0,0,0,0,0,0
0219A,0,0,0,1,0,0,0,0,0,0
02209,1,0,0,0,0,0,0,0,0,0
02210,1,0,0,0,0,0,0,0,0,0
02216,1,0,0,0,0,0,0,0,0,0
02239,0,0,0,1,0,0,0,0,0,0
02244,0,0,0,0,0,0,1,0,0,0
02281,0,0,1,0,0,0,0,0,0,0
02282,0,0,0,1,0,0,0,0,0,0
02284,0,0,0,0,0,0,0,0,1,0
02300,0,0,0,0,0,0,0,1,0,0
02303,0,0,0,0,0,1,0,0,0,0
02325,0,0,1,0,0,0,0,0,0,0
02340,0,0,0,0,0,0,0,1,0,0
02343,0,1,0,0,0,0,0,0,0,0
02344,0,0,1,0,0,0,0,0,0,0
02345,0,0,0,0,0,0,0,1,0,0
02359,0,0,0,0,0,1,0,0,0,0
02364,0,0,0,0,0,0,0,1,0,0
02365,0,0,0,0,0,1,0,0,0,0
02421,0,0,0,0,0,0,0,1,0,0
02425,0,0,1,0,0,0,0,0,0,0
02432,0,1,0,0,0,0,0,0,0,0
02449,0,0,1,0,0,0,0,0,0,0
02452,1,0,0,0,0,0,0,0,0,0
02473,0,0,0,0,0,0,0,1,0,0
02482,0,0,1,0,0,0,0,0,0,0
02494,0,0,0,0,0,1,0,0,0,0
02505,0,0,0,0,0,0,0,1,0,0
02511,0,0,0,0,0,0,0,1,0,0
02527,0,0,0,1,0,0,0,0,0,0
02544,0,0,0,1,0,0,0,0,0,0
02562,0,0,0,0,0,0,0,0,0,1
02563,0,0,0,0,0,0,0,1,0,0
02565,0,0,0,0,0,0,0,1,0,0
02571,0,0,0,0,0,0,0,1,0,0
02572,0,0,0,0,0,0,0,1,0,0
02585,1,0,0,0,0,0,0,0,0,0
02605,0,0,0,0,0,1,0,0,0,0
02618,1,0,0,0,0,0,0,0,0,0
02630,0,0,0,0,0,0,0,1,0,0
02638,0,0,0,0,0,0,0,0,1,0
02649,0,0,0,0,1,0,0,0,0,0
02654,0,0,0,1,0,0,0,0,0,0
02681,1,0,0,0,0,0,0,0,0,0
02684,0,0,0,0,0,0,0,0,1,0
02694,1,0,0,0,0,0,0,0,0,0
02725,1,0,0,0,0,0,0,0,0,0
02730,0,1,0,0,0,0,0,0,0,0
02732,1,0,0,0,0,0,0,0,0,0
02768,0,0,0,1,0,0,0,0,0,0
02776,0,0,0,0,0,1,0,0,0,0
02787,0,0,1,0,0,0,0,0,0,0
02802,1,0,0,0,0,0,0,0,0,0
02813,1,0,0,0,0,0,0,0,0,0
02826,0,0,0,1,0,0,0,0,0,0
02831,1,0,0,0,0,0,0,0,0,0
0283A,0,0,0,0,0,0,0,1,0,0
02852,1,0,0,0,0,0,0,0,0,0
02859,0,0,1,0,0,0,0,0,0,0
02876,0,0,0,1,0,0,0,0,0,0
02891,0,0,0,1,0,0,0,0,0,0
02938,1,0,0,0,0,0,0,0,0,0
02944,1,0,0,0,0,0,0,0,0,0
02962,0,0,0,0,0,0,0,1,0,0
0296A,1,0,0,0,0,0,0,0,0,0
02973,0,0,0,0,1,0,0,0,0,0
02988,0,0,0,0,1,0,0,0,0,0
02989,0,0,1,0,0,0,0,0,0,0
03007,0,0,0,1,0,0,0,0,0,0
03015,0,0,0,0,0,0,0,1,0,0
03073,0,0,0,0,0,0,0,1,0,0
03152,0,1,0,0,0,0,0,0,0,0
03160,0,0,1,0,0,0,0,0,0,0
03195,0,1,0,0,0,0,0,0,0,0
03234,0,0,0,1,0,0,0,0,0,0
03244,0,0,0,0,0,0,0,1,0,0
03259,0,1,0,0,0,0,0,0,0,0
03268,0,0,1,0,0,0,0,0,0,0
03281,0,0,0,0,0,0,0,0,1,0
03284,1,0,0,0,0,0,0,0,0,0
03297,0,0,0,1,0,0,0,0,0,0
03302,0,0,0,0,0,0,0,1,0,0
03323,1,0,0,0,0,0,0,0,0,0
03342,1,0,0,0,0,0,0,0,0,0
03349,1,0,0,0,0,0,0,0,0,0
03356,0,0,0,0,0,0,0,0,1,0
03357,1,0,0,0,0,0,0,0,0,0
03438,1,0,0,0,0,0,0,0,0,0
03455,1,0,0,0,0,0,0,0,0,0
03467,1,0,0,0,0,0,0,0,0,0
03476,0,0,0,0,0,0,1,0,0,0
03495,0,1,0,0,0,0,0,0,0,0
03514,0,0,0,0,0,1,0,0,0,0
03531,0,0,0,0,0,1,0,0,0,0
03546,0,0,0,0,0,0,0,1,0,0
03558,1,0,0,0,0,0,0,0,0,0
0355A,0,0,0,0,0,0,0,1,0,0
03569,0,0,0,0,0,0,1,0,0,0
03581,1,0,0,0,0,0,0,0,0,0
03585,0,0,0,0,0,0,0,1,0,0
03617,0,0,0,0,0,0,0,1,0,0
03619,0,1,0,0,0,0,0,0,0,0
03628,0,0,0,0,0,0,0,0,1,0
03664,0,0,0,1,0,0,0,0,0,0
03669,0,0,0,0,0,1,0,0,0,0
03672,0,0,0,0,0,0,0,0,0,1
03683,0,0,0,1,0,0,0,0,0,0
03690,0,0,0,0,0,0,0,1,0,0
03696,0,0,1,0,0,0,0,0,0,0
03729,0,0,0,0,0,0,0,1,0,0
03754,0,0,0,0,0,1,0,0,0,0
03755,0,1,0,0,0,0,0,0,0,0
03762,0,0,0,1,0,0,0,0,0,0
03764,0,0,1,0,0,0,0,0,0,0
03773,1,0,0,0,0,0,0,0,0,0
03776,1,0,0,0,0,0,0,0,0,0
03797,0,0,0,1,0,0,0,0,0,0
03805,1,0,0,0,0,0,0,0,0,0
03809,1,0,0,0,0,0,0,0,0,0
03815,0,0,0,0,0,0,0,1,0,0
03832,0,0,0,0,0,0,0,1,0,0
03846,0,0,0,0,0,0,0,1,0,0
03853,0,0,1,0,0,0,0,0,0,0
03864,0,0,0,0,0,0,0,1,0,0
03877,0,0,0,0,0,1,0,0,0,0
03880,1,0,0,0,0,0,0,0,0,0
03920,1,0,0,0,0,0,0,0,0,0
03944,0,0,0,0,0,0,0,1,0,0
03961,1,0,0,0,0,0,0,0,0,0
03962,0,0,0,0,1,0,0,0,0,0
03967,0,0,0,0,0,0,0,0,0,1
03981,1,0,0,0,0,0,0,0,0,0
03982,1,0,0,0,0,0,0,0,0,0
03983,0,0,0,0,0,0,0,0,0,1
03988,0,0,0,0,0,1,0,0,0,0
04006,1,0,0,0,0,0,0,0,0,0
04007,0,0,0,0,0,0,0,1,0,0
04031,0,0,0,0,0,0,0,1,0,0
0404A,0,0,0,0,0,1,0,0,0,0
04055,0,0,0,0,0,0,1,0,0,0
04058,0,1,0,0,0,0,0,0,0,0
04062,1,0,0,0,0,0,0,0,0,0
04071,0,0,0,0,0,1,0,0,0,0
04090,0,0,1,0,0,0,0,0,0,0
04119,0,0,0,0,0,0,0,1,0,0
04149,0,0,0,0,0,0,0,1,0,0
04170,1,0,0,0,0,0,0,0,0,0
04177,0,0,0,0,0,1,0,0,0,0
04194,0,1,0,0,0,0,0,0,0,0
0419A,0,0,0,0,0,0,0,1,0,0
04209,0,1,0,0,0,0,0,0,0,0
0423A,0,0,0,0,0,1,0,0,0,0
04274,0,0,0,0,0,1,0,0,0,0
04300,0,0,0,1,0,0,0,0,0,0
04308,0,0,0,0,0,0,0,1,0,0
04319,0,0,0,0,0,0,0,1,0,0
04333,0,0,0,0,0,1,0,0,0,0
04347,0,0,0,0,0,0,0,1,0,0
04362,0,0,0,0,0,0,0,0,0,1
04392,0,0,0,1,0,0,0,0,0,0
04426,0,0,0,0,0,1,0,0,0,0
04435,1,0,0,0,0,0,0,0,0,0
04465,0,0,0,0,0,0,0,1,0,0
04474,0,0,0,0,0,1,0,0,0,0
04482,0,0,0,1,0,0,0,0,0,0
04524,1,0,0,0,0,0,0,0,0,0
04529,0,0,0,0,0,0,0,1,0,0
04549,0,0,0,1,0,0,0,0,0,0
04578,0,0,0,0,0,0,0,1,0,0
04662,1,0,0,0,0,0,0,0,0,0
04666,0,0,0,0,0,0,0,0,1,0
04676,1,0,0,0,0,0,0,0,0,0
0467A,1,0,0,0,0,0,0,0,0,0
04689,0,0,0,0,0,0,0,1,0,0
04703,0,0,0,0,0,0,0,1,0,0
04713,0,1,0,0,0,0,0,0,0,0
0471A,0,0,0,1,0,0,0,0,0,0
04762,0,0,0,0,0,0,0,1,0,0
04779,0,0,0,0,0,0,0,1,0,0
04784,0,0,0,1,0,0,0,0,0,0
04810,0,0,0,0,0,1,0,0,0,0
04818,0,0,0,0,0,0,0,1,0,0
04854,0,0,0,0,0,0,0,1,0,0
04863,0,0,0,0,0,0,0,1,0,0
04865,0,0,0,0,0,1,0,0,0,0
04873,1,0,0,0,0,0,0,0,0,0
04885,0,0,0,0,0,0,0,1,0,0
04894,0,0,0,0,0,0,0,1,0,0
04897,0,0,0,0,0,0,0,1,0,0
04907,1,0,0,0,0,0,0,0,0,0
04911,1,0,0,0,0,0,0,0,0,0
04913,0,0,0,0,0,0,0,1,0,0
04918,1,0,0,0,0,0,0,0,0,0
04922,0,0,0,0,0,0,0,0,0,1
04940,0,0,0,1,0,0,0,0,0,0
04966,0,0,0,0,0,0,0,1,0,0
04971,0,0,0,0,0,0,0,1,0,0
04987,0,0,0,1,0,0,0,0,0,0
04994,0,0,1,0,0,0,0,0,0,0
04998,0,0,0,0,0,1,0,0,0,0
05005,0,0,0,0,0,1,0,0,0,0
05008,0,0,0,1,0,0,0,0,0,0
05011,0,0,0,0,0,1,0,0,0,0
05012,0,0,0,0,0,0,0,0,1,0
05020,0,0,0,1,0,0,0,0,0,0
05027,1,0,0,0,0,0,0,0,0,0
05045,0,0,0,1,0,0,0,0,0,0
05049,0,0,0,1,0,0,0,0,0,0
05078,1,0,0,0,0,0,0,0,0,0
05092,1,0,0,0,0,0,0,0,0,0
05102,0,0,0,0,0,0,0,1,0,0
05108,0,0,1,0,0,0,0,0,0,0
05115,0,0,0,0,0,0,0,0,1,0
05131,0,1,0,0,0,0,0,0,0,0
05145,1,0,0,0,0,0,0,0,0,0
05168,0,0,0,0,0,0,0,1,0,0
05180,0,0,0,0,0,0,0,1,0,0
05183,0,0,1,0,0,0,0,0,0,0
05189,1,0,0,0,0,0,0,0,0,0
05198,1,0,0,0,0,0,0,0,0,0
05215,0,0,0,0,0,1,0,0,0,0
05222,0,0,0,1,0,0,0,0,0,0
05244,0,1,0,0,0,0,0,0,0,0
05282,1,0,0,0,0,0,0,0,0,0
05284,0,0,0,1,0,0,0,0,0,0
05285,0,0,0,0,0,0,0,0,1,0
05316,0,0,0,0,0,0,0,1,0,0
05349,0,0,0,0,1,0,0,0,0,0
05369,1,0,0,0,0,0,0,0,0,0
05373,0,1,0,0,0,0,0,0,0,0
05388,0,0,1,0,0,0,0,0,0,0
05407,0,0,0,0,0,0,0,1,0,0
05416,0,0,0,0,0,0,0,1,0,0
05417,0,0,0,0,0,0,0,1,0,0
05420,0,0,0,0,0,0,0,0,0,1
05423,0,0,0,0,0,0,0,0,0,1
05429,0,0,0,0,0,0,0,0,1,0
05435,1,0,0,0,0,0,0,0,0,0
05458,1,0,0,0,0,0,0,0,0,0
05463,0,0,1,0,0,0,0,0,0,0
05476,0,0,0,0,0,1,0,0,0,0
05481,1,0,0,0,0,0,0,0,0,0
05484,0,0,0,0,0,0,0,1,0,0
0554A,0,0,0,0,0,0,1,0,0,0
05556,0,0,0,0,0,1,0,0,0,0
05569,1,0,0,0,0,0,0,0,0,0
05579,0,1,0,0,0,0,0,0,0,0
05580,1,0,0,0,0,0,0,0,0,0
05581,0,0,0,0,0,0,0,1,0,0
05624,0,0,0,0,0,1,0,0,0,0
05654,0,0,0,0,0,0,0,1,0,0
05659,0,0,1,0,0,0,0,0,0,0
05677,0,0,0,1,0,0,0,0,0,0
05681,0,0,0,1,0,0,0,0,0,0
05702,0,0,0,0,0,0,0,1,0,0
0572A,0,0,0,0,0,0,0,1,0,0
05744,1,0,0,0,0,0,0,0,0,0
05764,0,0,0,0,0,0,0,0,1,0
05769,1,0,0,0,0,0,0,0,0,0
05773,0,0,0,0,0,0,0,1,0,0
05816,1,0,0,0,0,0,0,0,0,0
05821,0,1,0,0,0,0,0,0,0,0
0583A,0,0,0,0,0,0,0,1,0,0
05855,1,0,0,0,0,0,0,0,0,0
05859,0,0,0,1,0,0,0,0,0,0
05866,0,0,0,1,0,0,0,0,0,0
05868,0,1,0,0,0,0,0,0,0,0
05873,0,0,0,0,0,0,0,1,0,0
05874,0,0,0,0,0,0,0,1,0,0
05881,0,0,0,0,0,0,0,1,0,0
05886,0,0,1,0,0,0,0,0,0,0
05910,0,0,0,0,0,1,0,0,0,0
05915,0,1,0,0,0,0,0,0,0,0
05920,0,1,0,0,0,0,0,0,0,0
05928,1,0,0,0,0,0,0,0,0,0
05957,0,0,0,0,0,0,0,0,1,0
05960,0,0,0,0,0,0,0,1,0,0
05964,0,0,0,0,0,0,0,1,0,0
05969,0,0,0,0,0,1,0,0,0,0
05978,0,0,0,0,1,0,0,0,0,0
05984,0,0,0,0,0,1,0,0,0,0
05988,0,0,0,0,0,1,0,0,0,0
06039,0,0,0,1,0,0,0,0,0,0
06061,1,0,0,0,0,0,0,0,0,0
06106,1,0,0,0,0,0,0,0,0,0
06135,0,0,0,0,0,0,0,0,1,0
06154,0,0,0,1,0,0,0,0,0,0
06172,0,0,0,0,0,0,0,0,1,0
06184,1,0,0,0,0,0,0,0,0,0
06224,0,0,0,0,0,1,0,0,0,0
06257,0,1,0,0,0,0,0,0,0,0
06263,0,1,0,0,0,0,0,0,0,0
06264,1,0,0,0,0,0,0,0,0,0
0626A,1,0,0,0,0,0,0,0,0,0
06277,0,0,0,0,0,0,0,0,1,0
06297,0,0,1,0,0,0,0,0,0,0
06347,0,0,0,0,0,1,0,0,0,0
06402,0,0,0,1,0,0,0,0,0,0
06418,0,0,0,1,0,0,0,0,0,0
06423,0,0,0,0,0,1,0,0,0,0
06435,1,0,0,0,0,0,0,0,0,0
06437,0,0,0,0,0,0,0,0,0,1
06454,0,0,0,0,0,0,0,1,0,0
06466,0,0,0,0,0,0,0,1,0,0
06477,0,0,0,1,0,0,0,0,0,0
06489,1,0,0,0,0,0,0,0,0,0
06494,0,0,0,0,0,0,0,0,1,0
06517,0,0,1,0,0,0,0,0,0,0
06533,1,0,0,0,0,0,0,0,0,0
06536,0,0,1,0,0,0,0,0,0,0
06538,0,0,0,0,0,0,0,1,0,0
06544,0,0,0,0,0,0,1,0,0,0
06559,0,0,0,0,0,0,0,1,0,0
06562,0,0,0,0,0,0,0,1,0,0
06616,0,1,0,0,0,0,0,0,0,0
06671,0,0,0,0,0,0,0,0,1,0
06694,0,0,0,1,0,0,0,0,0,0
0671A,0,0,0,0,0,0,1,0,0,0
06735,1,0,0,0,0,0,0,0,0,0
06737,0,0,0,0,0,0,0,0,0,1
0673A,0,0,1,0,0,0,0,0,0,0
06751,1,0,0,0,0,0,0,0,0,0
06770,0,0,0,1,0,0,0,0,0,0
06777,1,0,0,0,0,0,0,0,0,0
06792,1,0,0,0,0,0,0,0,0,0
06801,0,0,0,0,0,0,1,0,0,0
06808,0,0,0,1,0,0,0,0,0,0
06832,0,0,0,0,0,0,0,0,1,0
06837,0,0,1,0,0,0,0,0,0,0
06842,0,0,0,0,0,0,0,1,0,0
06862,0,0,0,1,0,0,0,0,0,0
06882,0,0,0,0,0,0,0,1,0,0
06886,0,0,0,0,0,1,0,0,0,0
06908,0,0,0,1,0,0,0,0,0,0
06914,0,0,0,0,0,0,0,0,1,0
06918,0,0,1,0,0,0,0,0,0,0
06920,1,0,0,0,0,0,0,0,0,0
06925,0,0,0,0,0,0,0,1,0,0
06939,0,0,0,0,0,0,0,1,0,0
06967,1,0,0,0,0,0,0,0,0,0
06976,0,0,0,1,0,0,0,0,0,0
06977,0,0,0,0,0,0,0,1,0,0
06981,0,0,0,0,0,0,0,1,0,0
07005,0,0,0,0,0,0,0,0,0,1
07017,0,0,0,0,0,1,0,0,0,0
07045,0,0,0,0,0,0,0,1,0,0
07079,0,0,1,0,0,0,0,0,0,0
07081,0,0,0,0,0,0,0,0,1,0
07084,0,0,0,1,0,0,0,0,0,0
07103,0,0,0,0,0,0,0,1,0,0
07123,0,0,0,1,0,0,0,0,0,0
07136,0,0,0,0,0,1,0,0,0,0
07173,0,0,0,0,0,0,0,1,0,0
07201,0,0,0,0,1,0,0,0,0,0
07230,0,0,0,0,0,0,0,1,0,0
07249,0,0,0,1,0,0,0,0,0,0
07272,0,0,0,0,0,0,0,1,0,0
07283,0,0,1,0,0,0,0,0,0,0
07290,0,0,0,1,0,0,0,0,0,0
07311,0,0,0,1,0,0,0,0,0,0
07321,1,0,0,0,0,0,0,0,0,0
07379,1,0,0,0,0,0,0,0,0,0
07393,0,0,0,0,0,0,0,1,0,0
07416,0,0,0,0,0,0,0,1,0,0
07429,0,0,0,0,0,0,0,1,0,0
07433,1,0,0,0,0,0,0,0,0,0
07440,0,0,1,0,0,0,0,0,0,0
07441,1,0,0,0,0,0,0,0,0,0
07461,0,0,0,0,0,0,0,1,0,0
07486,0,0,0,0,0,0,0,1,0,0
07490,0,1,0,0,0,0,0,0,0,0
07506,0,0,0,0,0,0,0,1,0,0
07508,1,0,0,0,0,0,0,0,0,0
07558,0,1,0,0,0,0,0,0,0,0
07585,1,0,0,0,0,0,0,0,0,0
07602,0,0,1,0,0,0,0,0,0,0
07609,0,0,0,0,0,0,0,1,0,0
07619,0,0,0,0,0,0,0,1,0,0
07636,1,0,0,0,0,0,0,0,0,0
07637,0,0,0,0,0,1,0,0,0,0
07642,0,0,0,0,0,0,0,1,0,0
07645,0,0,0,0,0,0,0,0,1,0
07647,0,0,0,0,0,1,0,0,0,0
07655,0,1,0,0,0,0,0,0,0,0
07658,0,0,0,0,0,0,1,0,0,0
07663,0,0,1,0,0,0,0,0,0,0
07665,0,0,0,0,0,0,0,0,0,1
07685,0,0,0,1,0,0,0,0,0,0
07694,0,0,0,0,0,0,0,1,0,0
07697,1,0,0,0,0,0,0,0,0,0
07719,0,0,0,1,0,0,0,0,0,0
07726,0,0,0,0,0,0,0,1,0,0
07739,0,0,0,0,0,1,0,0,0,0
07772,0,0,0,1,0,0,0,0,0,0
07786,0,0,0,0,0,0,0,0,1,0
07788,0,0,0,0,0,0,0,1,0,0
07790,0,0,1,0,0,0,0,0,0,0
07816,0,0,0,0,0,1,0,0,0,0
07845,0,0,0,0,1,0,0,0,0,0
07853,0,0,0,0,0,0,1,0,0,0
07861,0,0,1,0,0,0,0,0,0,0
07872,0,1,0,0,0,0,0,0,0,0
07874,0,0,0,0,0,0,0,1,0,0
07884,0,0,0,0,0,0,0,0,1,0
07886,0,0,0,0,0,0,0,1,0,0
07908,0,0,0,0,0,0,0,0,0,1
07918,0,0,0,0,0,0,0,1,0,0
07924,0,0,0,0,0,0,0,1,0,0
07949,0,0,0,0,0,0,0,1,0,0
08003,0,0,0,1,0,0,0,0,0,0
08044,0,0,0,1,0,0,0,0,0,0
08045,0,1,0,0,0,0,0,0,0,0
08049,0,0,0,0,0,0,0,1,0,0
08051,0,0,1,0,0,0,0,0,0,0
08092,0,1,0,0,0,0,0,0,0,0
08093,0,0,0,0,0,1,0,0,0,0
08130,0,0,0,1,0,0,0,0,0,0
08132,0,1,0,0,0,0,0,0,0,0
08133,0,0,0,0,0,0,0,1,0,0
08134,0,0,0,0,0,0,0,1,0,0
08145,1,0,0,0,0,0,0,0,0,0
08155,1,0,0,0,0,0,0,0,0,0
08173,0,0,1,0,0,0,0,0,0,0
08178,0,0,0,0,0,0,0,1,0,0
08210,0,0,0,0,0,0,0,1,0,0
08212,1,0,0,0,0,0,0,0,0,0
08258,0,0,0,0,0,0,0,1,0,0
08263,1,0,0,0,0,0,0,0,0,0
08276,0,0,0,1,0,0,0,0,0,0
08300,0,0,0,0,0,0,0,0,0,1
08314,1,0,0,0,0,0,0,0,0,0
08349,1,0,0,0,0,0,0,0,0,0
08353,0,0,0,1,0,0,0,0,0,0
08363,0,0,0,0,0,0,1,0,0,0
08370,0,0,0,0,0,0,0,0,1,0
08376,0,0,0,0,0,0,0,0,0,1
08427,1,0,0,0,0,0,0,0,0,0
08434,1,0,0,0,0,0,0,0,0,0
08451,0,0,0,0,0,0,0,1,0,0
08453,0,1,0,0,0,0,0,0,0,0
08471,0,0,0,0,0,0,0,1,0,0
08482,0,0,0,0,0,0,0,1,0,0
08499,1,0,0,0,0,0,0,0,0,0
08512,0,0,0,0,0,0,0,1,0,0
08539,1,0,0,0,0,0,0,0,0,0
0853A,0,0,0,1,0,0,0,0,0,0
08558,0,0,0,0,0,1,0,0,0,0
08580,0,0,0,0,1,0,0,0,0,0
08594,0,0,0,0,0,0,0,1,0,0
08676,0,0,0,0,0,0,0,1,0,0
08686,0,0,0,0,0,0,0,0,0,1
08687,0,0,0,0,0,0,0,0,0,1
08712,0,0,0,0,0,1,0,0,0,0
08747,1,0,0,0,0,0,0,0,0,0
08772,0,0,0,0,0,0,0,1,0,0
08773,0,0,0,0,0,0,0,0,0,1
08780,0,0,1,0,0,0,0,0,0,0
08826,0,0,0,1,0,0,0,0,0,0
08828,0,0,0,1,0,0,0,0,0,0
08846,1,0,0,0,0,0,0,0,0,0
08848,0,0,0,0,0,0,0,1,0,0
08854,0,0,0,1,0,0,0,0,0,0
08858,0,0,0,0,0,0,0,1,0,0
08860,0,0,0,0,0,0,0,1,0,0
08879,0,0,0,0,0,0,0,1,0,0
08888,0,0,0,1,0,0,0,0,0,0
08890,0,0,1,0,0,0,0,0,0,0
08892,0,0,0,0,0,0,0,1,0,0
08913,0,0,0,0,0,0,0,1,0,0
08964,0,0,0,0,1,0,0,0,0,0
09010,0,0,0,0,0,0,0,1,0,0
09021,1,0,0,0,0,0,0,0,0,0
09033,0,0,0,0,0,0,0,1,0,0
09055,1,0,0,0,0,0,0,0,0,0
09072,1,0,0,0,0,0,0,0,0,0
09085,0,0,0,0,0,1,0,0,0,0
09182,1,0,0,0,0,0,0,0,0,0
0918A,1,0,0,0,0,0,0,0,0,0
09215,1,0,0,0,0,0,0,0,0,0
09217,0,0,0,1,0,0,0,0,0,0
09220,0,0,0,0,0,0,0,1,0,0
09221,1,0,0,0,0,0,0,0,0,0
09225,0,0,0,0,0,0,0,1,0,0
09226,0,0,0,0,0,0,0,1,0,0
09232,1,0,0,0,0,0,0,0,0,0
09237,1,0,0,0,0,0,0,0,0,0
09263,0,0,0,0,0,0,0,1,0,0
09265,0,0,0,0,0,0,0,1,0,0
09268,0,0,0,0,0,1,0,0,0,0
09278,0,0,0,0,0,0,0,1,0,0
09283,1,0,0,0,0,0,0,0,0,0
09284,0,0,0,1,0,0,0,0,0,0
09302,0,0,0,0,0,0,0,1,0,0
09313,0,1,0,0,0,0,0,0,0,0
09323,0,0,0,0,0,0,0,1,0,0
09335,0,0,0,0,1,0,0,0,0,0
09345,0,0,0,0,0,0,0,1,0,0
09350,0,0,0,1,0,0,0,0,0,0
09357,0,0,0,1,0,0,0,0,0,0
09360,0,1,0,0,0,0,0,0,0,0
09370,0,1,0,0,0,0,0,0,0,0
09417,0,0,0,0,0,0,0,1,0,0
09444,1,0,0,0,0,0,0,0,0,0
09479,1,0,0,0,0,0,0,0,0,0
09486,1,0,0,0,0,0,0,0,0,0
09503,1,0,0,0,0,0,0,0,0,0
09514,0,0,0,0,0,0,0,1,0,0
09529,0,0,0,1,0,0,0,0,0,0
09534,0,0,0,0,0,0,0,0,0,1
09545,1,0,0,0,0,0,0,0,0,0
09547,0,0,0,0,0,0,0,1,0,0
09574,0,0,0,1,0,0,0,0,0,0
09581,0,0,0,1,0,0,0,0,0,0
09582,0,0,0,0,0,0,0,1,0,0
09595,0,0,0,0,0,0,0,0,0,1
09597,0,0,0,0,0,0,0,1,0,0
09599,1,0,0,0,0,0,0,0,0,0
09629,0,1,0,0,0,0,0,0,0,0
09658,0,0,0,0,0,0,0,1,0,0
09693,0,0,1,0,0,0,0,0,0,0
09710,0,0,0,0,0,0,0,1,0,0
09730,0,0,0,0,0,1,0,0,0,0
09738,0,0,0,0,0,1,0,0,0,0
09766,0,0,0,0,0,0,0,1,0,0
09788,0,0,0,0,0,0,0,1,0,0
09789,1,0,0,0,0,0,0,0,0,0
09803,1,0,0,0,0,0,0,0,0,0
09829,0,0,0,0,0,1,0,0,0,0
09837,0,0,0,0,1,0,0,0,0,0
09838,0,1,0,0,0,0,0,0,0,0
0987A,0,0,0,1,0,0,0,0,0,0
09881,0,0,0,0,0,0,0,1,0,0
09883,0,0,0,0,0,0,0,1,0,0
09886,0,0,0,0,0,1,0,0,0,0
09896,0,0,0,1,0,0,0,0,0,0
09906,0,1,0,0,0,0,0,0,0,0
09918,0,0,0,0,0,1,0,0,0,0
09932,0,0,1,0,0,0,0,0,0,0
09934,0,0,0,0,0,1,0,0,0,0
09951,0,0,0,0,0,0,0,1,0,0
09982,1,0,0,0,0,0,0,0,0,0
09986,1,0,0,0,0,0,0,0,0,0
