date,autocorr,n,signal,lag
20190329,,0,ai,1
20190430,0.7014943063284238,435,ai,1
20190531,0.6221563511571369,415,ai,1
20190628,0.6695292877194396,415,ai,1
20190731,0.720268321115963,429,ai,1
20190830,0.6601201399233205,444,ai,1
20190930,0.6316439574625514,424,ai,1
20191031,0.6585769766379873,432,ai,1
20191129,0.674945061428152,452,ai,1
20191231,0.6549904284603727,438,ai,1
20200131,0.6824495253949286,432,ai,1
20200228,0.6879602234496819,433,ai,1
20200331,0.6699277198076699,450,ai,1
20200430,0.7071570723806043,450,ai,1
20200529,0.7241784120835003,433,ai,1
20200630,0.6777535154452897,416,ai,1
20200731,0.6750425843664619,432,ai,1
20200831,0.6944193445752466,449,ai,1
20200930,0.7402145189296127,444,ai,1
20201030,0.683403637271394,439,ai,1
20201130,0.7059199165227595,416,ai,1
20201231,0.614871773938423,435,ai,1
20210129,0.6749969481297022,446,ai,1
20210226,0.6502195675059309,448,ai,1
20210331,0.69166869969168,436,ai,1
20210430,0.7054695261399777,416,ai,1
20210531,0.6772012798906375,420,ai,1
20210630,0.705149359039606,446,ai,1
20210730,0.7036164240331151,446,ai,1
20210831,0.6974355251195311,451,ai,1
20210930,0.6751484426331232,446,ai,1
20211029,0.6619404897124117,423,ai,1
20211130,0.6743043939639202,431,ai,1
20211231,0.6558616518200814,433,ai,1
20220131,0.7161683236120623,424,ai,1
20220228,0.68234348638175,427,ai,1
20220331,0.6780431374720396,432,ai,1
20220429,0.655367504721226,433,ai,1
20220531,0.6894718552580443,439,ai,1
20220630,0.6932535944239221,438,ai,1
20220729,0.7284441776321127,430,ai,1
20220831,0.6388401791058579,434,ai,1
20220930,0.7135830328750102,439,ai,1
20221031,0.6981704441571319,434,ai,1
20221130,0.6881516181512242,437,ai,1
20221230,0.7132449818291136,446,ai,1
20230131,0.6989572635846635,440,ai,1
20230228,0.677788276053741,418,ai,1
20230331,0.6885143353658751,428,ai,1
20230428,0.6881748472694353,431,ai,1
20230531,0.644528898724523,432,ai,1
20230630,0.7205216756062579,432,ai,1
20230731,0.6717006355773658,414,ai,1
20230831,0.6412976536819436,399,ai,1
20230929,0.6510321917543928,409,ai,1
20231031,0.680312572525839,437,ai,1
20231130,0.6831474153526842,454,ai,1
20231229,0.7236781836603776,431,ai,1
20240131,0.6693821367528261,412,ai,1
20240229,0.640962885960823,432,ai,1
20240329,0.68598291141055,427,ai,1
20240430,0.6768951556173891,425,ai,1
20240531,0.6719095410143182,424,ai,1
20240628,0.6445827545805367,413,ai,1
20240731,0.6427030251719599,432,ai,1
20240830,0.6813184644149988,443,ai,1
20240930,0.7068483877478482,432,ai,1
20241031,0.72136686936268,425,ai,1
20241129,0.7000633435093173,436,ai,1
20241231,0.7035541072706907,429,ai,1
20250131,0.7049912174902723,438,ai,1
20250228,0.7162911462714506,435,ai,1
20250331,0.7118569115263709,413,ai,1
20250430,0.6599829433383094,431,ai,1
20250530,0.7154689292475661,437,ai,1
20250630,0.6567376862027702,436,ai,1
20250731,0.710064277190645,427,ai,1
20250829,0.716652527832982,443,ai,1
20250930,0.6443582690103832,452,ai,1
20251031,0.7254528150415441,439,ai,1
20251128,0.6582920382410146,437,ai,1
20251231,0.6760430290745089,420,ai,1
20260130,0.7064770912533587,437,ai,1
20260227,0.7273396088958431,443,ai,1
20260331,0.6674237131015779,443,ai,1
20260430,0.715624114109372,423,ai,1
20260529,0.7329894797003255,427,ai,1
20260630,0.66139954817736,424,ai,1
20260731,0.6659612893180813,443,ai,1
20190329,,0,ai,3
20190430,,0,ai,3
20190531,,0,ai,3
20190628,0.32957373473258733,427,ai,3
20190731,0.372437492253126,437,ai,3
20190830,0.29073949171747693,431,ai,3
20190930,0.19108159012490625,402,ai,3
20191031,0.23558858114528203,447,ai,3
20191129,0.314650093348343,446,ai,3
20191231,0.25755170615072165,417,ai,3
20200131,0.2813623172783157,439,ai,3
20200228,0.25617866524974287,442,ai,3
20200331,0.2674984091730089,436,ai,3
20200430,0.33452426735863117,440,ai,3
20200529,0.3567318003470322,425,ai,3
20200630,0.3105388188786507,438,ai,3
20200731,0.3579880435892813,444,ai,3
20200831,0.3399903138725181,436,ai,3
20200930,0.3847000568632253,430,ai,3
20201030,0.32320659270253266,428,ai,3
20201130,0.31592256402837093,432,ai,3
20201231,0.3302389312210595,450,ai,3
20210129,0.2941554919752121,440,ai,3
20210226,0.2530827680962441,427,ai,3
20210331,0.3541924219257511,439,ai,3
20210430,0.36347641120639707,418,ai,3
20210531,0.3184179035542586,436,ai,3
20210630,0.34789288128818074,443,ai,3
20210730,0.3669387456541943,417,ai,3
20210831,0.40488682517493696,458,ai,3
20210930,0.3087950471891046,436,ai,3
20211029,0.30548667864806645,430,ai,3
20211130,0.38035566679694255,445,ai,3
20211231,0.38432480151293474,423,ai,3
20220131,0.3962002718493076,432,ai,3
20220228,0.3148266032536571,427,ai,3
20220331,0.3569637829930281,430,ai,3
20220429,0.2882314559961258,428,ai,3
20220531,0.26892278008616194,442,ai,3
20220630,0.29201526085748786,420,ai,3
20220729,0.3569941731210686,436,ai,3
20220831,0.33544929521651445,445,ai,3
20220930,0.2611639649216051,425,ai,3
20221031,0.3092342365347278,443,ai,3
20221130,0.2957782177880783,439,ai,3
20221230,0.3235593538114547,441,ai,3
20230131,0.3624163216653718,433,ai,3
20230228,0.37356499790632375,418,ai,3
20230331,0.29572984321959067,451,ai,3
20230428,0.2912779119942198,433,ai,3
20230531,0.35841330475604216,418,ai,3
20230630,0.3896513123352365,438,ai,3
20230731,0.2823258972842509,418,ai,3
20230831,0.2722123135597176,416,ai,3
20230929,0.25775177041495084,422,ai,3
20231031,0.3415761829579028,425,ai,3
20231130,0.3344198672884311,423,ai,3
20231229,0.2463638652476108,413,ai,3
20240131,0.33729576689588947,428,ai,3
20240229,0.31893191173058044,459,ai,3
20240329,0.36658646160182523,405,ai,3
20240430,0.23453733005555027,426,ai,3
20240531,0.35567121056788137,430,ai,3
20240628,0.17834990037261766,421,ai,3
20240731,0.26339073616991554,443,ai,3
20240830,0.2873776299770649,429,ai,3
20240930,0.291104039845047,416,ai,3
20241031,0.3873904806677916,441,ai,3
20241129,0.4220551931598354,428,ai,3
20241231,0.4441881294948097,413,ai,3
20250131,0.3548885213493967,446,ai,3
20250228,0.3117226555783089,425,ai,3
20250331,0.32274077421492176,421,ai,3
20250430,0.33235397047228216,450,ai,3
20250530,0.3461470041112379,425,ai,3
20250630,0.3079040778494857,420,ai,3
20250731,0.30342149060670054,436,ai,3
20250829,0.33298127276010475,447,ai,3
20250930,0.28929910636682593,433,ai,3
20251031,0.3204678072263182,439,ai,3
20251128,0.2893023458685389,443,ai,3
20251231,0.38251657058438193,429,ai,3
20260130,0.3772267013917253,447,ai,3
20260227,0.3257981572974305,438,ai,3
20260331,0.3929617003296638,429,ai,3
20260430,0.4106850641260185,434,ai,3
20260529,0.36255659854147526,433,ai,3
20260630,0.3508399431644454,431,ai,3
20260731,0.3828350579683167,442,ai,3
20190329,,0,ai,6
20190430,,0,ai,6
20190531,,0,ai,6
20190628,,0,ai,6
20190731,,0,ai,6
20190830,,0,ai,6
20190930,0.11710236753073675,433,ai,6
20191031,0.04886350601727194,433,ai,6
20191129,0.049434927337168755,432,ai,6
20191231,0.08627866238313234,422,ai,6
20200131,0.09614997290910793,439,ai,6
20200228,0.057551692542487314,439,ai,6
20200331,0.055788091179542074,428,ai,6
20200430,0.09031380122158486,452,ai,6
20200529,0.13361621346315392,437,ai,6
20200630,0.15665053014381183,424,ai,6
20200731,0.12942305164860668,437,ai,6
20200831,0.1170656873227651,440,ai,6
20200930,0.10171959846852599,448,ai,6
20201030,0.05624845713309449,436,ai,6
20201130,0.1442096953826855,413,ai,6
20201231,0.05311229386859639,441,ai,6
20210129,0.11584250387951046,446,ai,6
20210226,0.13738268727372338,453,ai,6
20210331,0.0725372224558894,436,ai,6
20210430,0.05435371435659081,408,ai,6
20210531,0.07590976805599685,423,ai,6
20210630,0.07344851884931397,458,ai,6
20210730,0.13199785904985367,442,ai,6
20210831,0.10060292107345853,451,ai,6
20210930,0.07610330523216914,424,ai,6
20211029,0.09246349560751184,407,ai,6
20211130,0.20096960284186416,443,ai,6
20211231,0.11771771645721225,441,ai,6
20220131,0.07438273528253968,429,ai,6
20220228,0.20231878979659398,447,ai,6
20220331,0.12874951510091165,420,ai,6
20220429,0.06903409565874248,429,ai,6
20220531,0.10029116541721583,441,ai,6
20220630,0.04490048129524544,420,ai,6
20220729,0.07005575448585345,437,ai,6
20220831,0.0858209380264633,431,ai,6
20220930,0.09857719311500825,441,ai,6
20221031,0.09911337327898455,433,ai,6
20221130,0.06889390400281813,450,ai,6
20221230,0.04098504236605748,426,ai,6
20230131,0.07461594713068487,445,ai,6
20230228,0.09730651210364814,420,ai,6
20230331,0.1361266770217531,452,ai,6
20230428,0.09634609974213652,426,ai,6
20230531,0.14784860501626448,437,ai,6
20230630,0.14783347099989358,436,ai,6
20230731,0.1115343654789224,422,ai,6
20230831,0.13776450604855026,394,ai,6
20230929,0.14145581399493692,444,ai,6
20231031,0.08702466523823962,428,ai,6
20231130,0.11107544994450441,456,ai,6
20231229,0.11954267430940858,407,ai,6
20240131,0.1280190606440133,417,ai,6
20240229,0.11518189491377856,412,ai,6
20240329,0.0984360275333632,427,ai,6
20240430,0.12020414196532034,427,ai,6
20240531,0.07106688592700869,450,ai,6
20240628,0.0773270504507827,407,ai,6
20240731,0.05134028331814421,438,ai,6
20240830,0.028226644721016655,435,ai,6
20240930,0.04317873522120712,420,ai,6
20241031,0.1596564918152171,428,ai,6
20241129,0.1395736408777052,429,ai,6
20241231,0.07970048421071387,420,ai,6
20250131,0.17624325092355783,459,ai,6
20250228,0.18590486021238325,426,ai,6
20250331,0.12560371421067312,419,ai,6
20250430,0.15271883569482328,435,ai,6
20250530,0.11155504654598056,438,ai,6
20250630,0.12107095402604305,425,ai,6
20250731,0.22084861945561396,446,ai,6
20250829,0.09585399242204459,435,ai,6
20250930,0.0924079200196149,422,ai,6
20251031,0.08599645374310093,443,ai,6
20251128,0.07298448356484132,426,ai,6
20251231,0.1333543470184958,421,ai,6
20260130,0.044356114337030954,435,ai,6
20260227,0.048415080452628094,460,ai,6
20260331,0.11483555438704551,438,ai,6
20260430,0.13867547018807522,441,ai,6
20260529,0.15294773221060215,421,ai,6
20260630,0.13800175035196624,427,ai,6
20260731,0.1575723432750474,447,ai,6
20190329,,0,ai,12
20190430,,0,ai,12
20190531,,0,ai,12
20190628,,0,ai,12
20190731,,0,ai,12
20190830,,0,ai,12
20190930,,0,ai,12
20191031,,0,ai,12
20191129,,0,ai,12
20191231,,0,ai,12
20200131,,0,ai,12
20200228,,0,ai,12
20200331,0.025811239843973165,454,ai,12
20200430,0.031750730974567265,432,ai,12
20200529,0.04707217164194931,419,ai,12
20200630,0.06201890058189518,419,ai,12
20200731,0.013817560159766798,447,ai,12
20200831,0.03919974289803483,445,ai,12
20200930,0.07237096200349695,423,ai,12
20201030,0.007248485782706763,437,ai,12
20201130,-7.435085146303523e-05,435,ai,12
20201231,0.0451888845076975,439,ai,12
20210129,0.024663711638501555,441,ai,12
20210226,0.009380824187202319,440,ai,12
20210331,-0.011891889938819771,442,ai,12
20210430,0.03593798082613327,426,ai,12
20210531,0.011778462115646152,425,ai,12
20210630,-0.006096513263573405,434,ai,12
20210730,0.025663459916589266,436,ai,12
20210831,0.08295444347079414,458,ai,12
20210930,0.03460181772865729,423,ai,12
20211029,-0.047033300925987585,423,ai,12
20211130,0.026200675372517534,424,ai,12
20211231,0.04173095811751274,441,ai,12
20220131,0.009397264722871264,442,ai,12
20220228,-0.01398632333298088,427,ai,12
20220331,0.035632144900563045,432,ai,12
20220429,-0.03690556919379011,408,ai,12
20220531,0.00806434934775692,449,ai,12
20220630,0.010043815080239342,438,ai,12
20220729,-0.008798449054912814,442,ai,12
20220831,-0.06743480564330985,451,ai,12
20220930,0.001252309816734514,428,ai,12
20221031,0.02780835386727579,431,ai,12
20221130,0.025339644894501974,435,ai,12
20221230,-0.06731594884078275,435,ai,12
20230131,-0.02359944643210371,434,ai,12
20230228,-0.061072403297202836,411,ai,12
20230331,-0.10773275970151987,440,ai,12
20230428,-0.09293260042414564,426,ai,12
20230531,-0.047333830455129816,450,ai,12
20230630,0.0073009707230848936,426,ai,12
20230731,0.03684313866556353,431,ai,12
20230831,0.09367153507738626,412,ai,12
20230929,0.02680080522579709,440,ai,12
20231031,0.0750310310107316,438,ai,12
20231130,0.06153966428036945,459,ai,12
20231229,0.007184787022384694,428,ai,12
20240131,7.982035099669012e-05,433,ai,12
20240229,0.031400728705135196,420,ai,12
20240329,0.06203800276474045,433,ai,12
20240430,0.0022346063059823984,425,ai,12
20240531,0.04525822007269602,427,ai,12
20240628,0.014651175604726034,424,ai,12
20240731,0.012023901169397706,433,ai,12
20240830,0.0027954320362422675,411,ai,12
20240930,0.05272140490078006,424,ai,12
20241031,0.021518545802290248,428,ai,12
20241129,-0.04643935289762876,452,ai,12
20241231,-0.04374665753976099,406,ai,12
20250131,0.044165358451072737,441,ai,12
20250228,0.08290786182863817,426,ai,12
20250331,-0.028841674731349864,414,ai,12
20250430,0.032462147467813035,430,ai,12
20250530,-0.05469223067561167,431,ai,12
20250630,0.0396104218385231,427,ai,12
20250731,-0.0018697466847693077,437,ai,12
20250829,0.03428408699960658,450,ai,12
20250930,-0.06399252288207126,430,ai,12
20251031,-0.03993598075595348,438,ai,12
20251128,-0.0016712259702913908,428,ai,12
20251231,0.00393104413504614,422,ai,12
20260130,-0.02893385969018167,452,ai,12
20260227,-0.11803578679631997,428,ai,12
20260331,-0.07650396328744263,424,ai,12
20260430,-0.03941755422548251,432,ai,12
20260529,0.05803861428725589,429,ai,12
20260630,-0.1348862765940817,425,ai,12
20260731,-0.07384668388850381,445,ai,12
20190329,,0,dss,1
20190430,0.12417144551181675,435,dss,1
20190531,0.13878209497600105,415,dss,1
20190628,0.10188235324655671,415,dss,1
20190731,0.17491329687701096,429,dss,1
20190830,0.14012572619511796,444,dss,1
20190930,0.11577668271857743,424,dss,1
20191031,0.20260316974428974,432,dss,1
20191129,0.16446756811164542,452,dss,1
20191231,0.11339122511116627,438,dss,1
20200131,0.07337857896190374,432,dss,1
20200228,0.1517052302541215,433,dss,1
20200331,0.16771258613658657,450,dss,1
20200430,0.08196125958639794,450,dss,1
20200529,0.1627507998690982,433,dss,1
20200630,0.1510421373269877,416,dss,1
20200731,0.1102362203185543,432,dss,1
20200831,0.22860500967712288,449,dss,1
20200930,0.22676286989694242,444,dss,1
20201030,0.2024191238451,439,dss,1
20201130,0.11887104934288541,416,dss,1
20201231,0.20788175388352895,435,dss,1
20210129,0.20002852179066402,446,dss,1
20210226,0.12310092532973378,448,dss,1
20210331,0.1798976526065121,436,dss,1
20210430,0.13602491441991996,416,dss,1
20210531,0.12719894788737782,420,dss,1
20210630,0.14154451445053745,446,dss,1
20210730,0.09950906657887504,446,dss,1
20210831,0.18979349450430305,451,dss,1
20210930,0.2280563710941879,446,dss,1
20211029,0.0890753396220186,423,dss,1
20211130,0.12071941675501585,431,dss,1
20211231,0.17356378866873062,433,dss,1
20220131,0.19585351424824246,424,dss,1
20220228,0.19078343576779871,427,dss,1
20220331,0.20239118813328,432,dss,1
20220429,0.14348046907433198,433,dss,1
20220531,0.19648776176769606,439,dss,1
20220630,0.1709420797234886,438,dss,1
20220729,0.14211440017565322,430,dss,1
20220831,0.177842948233393,434,dss,1
20220930,0.1386484032579219,439,dss,1
20221031,0.10215975552694004,434,dss,1
20221130,0.22790535906724693,437,dss,1
20221230,0.18462197770089675,446,dss,1
20230131,0.21263282817632878,440,dss,1
20230228,0.15273329099718239,418,dss,1
20230331,0.18068756182778625,428,dss,1
20230428,0.04247941061724473,431,dss,1
20230531,0.11780678233493368,432,dss,1
20230630,0.26507018292262874,432,dss,1
20230731,0.14601271679785,414,dss,1
20230831,0.18819251233705964,399,dss,1
20230929,0.002603939733606118,409,dss,1
20231031,0.08177945810365547,437,dss,1
20231130,0.22055768873766016,454,dss,1
20231229,0.1045630473784755,431,dss,1
20240131,0.11063301794990243,412,dss,1
20240229,0.09225466416688732,432,dss,1
20240329,0.10628554022864102,427,dss,1
20240430,0.1805799241331279,425,dss,1
20240531,0.17567926046365484,424,dss,1
20240628,0.12349394015477086,413,dss,1
20240731,0.11682387453602203,432,dss,1
20240830,0.13377508716428316,443,dss,1
20240930,0.21920299408619173,432,dss,1
20241031,0.1318232414975066,425,dss,1
20241129,0.17699445780611586,436,dss,1
20241231,0.1827918050209291,429,dss,1
20250131,0.19983878940505045,438,dss,1
20250228,0.15614797717269785,435,dss,1
20250331,0.19214255293584134,413,dss,1
20250430,0.11141543284735052,431,dss,1
20250530,0.11656283891756457,437,dss,1
20250630,0.06492510212617936,436,dss,1
20250731,0.06388266048718196,427,dss,1
20250829,0.137156338337499,443,dss,1
20250930,0.1123318597098473,452,dss,1
20251031,0.1922992379295979,439,dss,1
20251128,0.1953329654966763,437,dss,1
20251231,0.16659660331961543,420,dss,1
20260130,0.15869918346459738,437,dss,1
20260227,0.15687419615139017,443,dss,1
20260331,0.08332081440906701,443,dss,1
20260430,0.20938254411403606,423,dss,1
20260529,0.13747592540485395,427,dss,1
20260630,0.1261593522919704,424,dss,1
20260731,0.21426881737001807,443,dss,1
20190329,,0,dss,3
20190430,,0,dss,3
20190531,,0,dss,3
20190628,0.08823597660103155,427,dss,3
20190731,0.029458582293336064,437,dss,3
20190830,0.04001119479940735,431,dss,3
20190930,0.14000013969316624,402,dss,3
20191031,0.02422402218872075,447,dss,3
20191129,0.1364784383822915,446,dss,3
20191231,0.04771844020551722,417,dss,3
20200131,-0.007360414072265978,439,dss,3
20200228,0.09773965703016285,442,dss,3
20200331,-0.022713756185049918,436,dss,3
20200430,0.09451219417407551,440,dss,3
20200529,0.06948057593140687,425,dss,3
20200630,0.08776170568692306,438,dss,3
20200731,0.0400929715367693,444,dss,3
20200831,0.10076791168557346,436,dss,3
20200930,0.05453206651076926,430,dss,3
20201030,0.020374209311755986,428,dss,3
20201130,0.022496531369511952,432,dss,3
20201231,0.03825180864164354,450,dss,3
20210129,0.13009120591043,440,dss,3
20210226,-0.019031291395766297,427,dss,3
20210331,0.06742190610758657,439,dss,3
20210430,-0.041354815857814406,418,dss,3
20210531,0.12655750856755185,436,dss,3
20210630,0.10768366796054162,443,dss,3
20210730,0.07602184169674737,417,dss,3
20210831,0.12490666753830368,458,dss,3
20210930,0.08261138258435125,436,dss,3
20211029,0.07912231310093425,430,dss,3
20211130,0.10448975353336566,445,dss,3
20211231,0.11759799699031614,423,dss,3
20220131,0.13715788327088282,432,dss,3
20220228,0.11104556545345305,427,dss,3
20220331,0.13965245340703353,430,dss,3
20220429,0.08011194766312246,428,dss,3
20220531,0.08364225590444054,442,dss,3
20220630,0.05963734024160436,420,dss,3
20220729,0.061538800759930824,436,dss,3
20220831,0.0017647961455425707,445,dss,3
20220930,-0.0014098719154957795,425,dss,3
20221031,0.05228354897290964,443,dss,3
20221130,0.08379094425384359,439,dss,3
20221230,0.07237284193685543,441,dss,3
20230131,0.14123145703302062,433,dss,3
20230228,0.13032325886040805,418,dss,3
20230331,0.09568135355219734,451,dss,3
20230428,0.12839722747984142,433,dss,3
20230531,-0.007701163192803804,418,dss,3
20230630,0.15469440212322028,438,dss,3
20230731,-0.02378149993618828,418,dss,3
20230831,0.10210018866714121,416,dss,3
20230929,0.009364759038203673,422,dss,3
20231031,0.05607034584650522,425,dss,3
20231130,0.0431757895952059,423,dss,3
20231229,0.03315571862024222,413,dss,3
20240131,0.05727824473097559,428,dss,3
20240229,0.035427566982485066,459,dss,3
20240329,0.0006641475412807964,405,dss,3
20240430,0.059194634466320915,426,dss,3
20240531,0.03064671378757972,430,dss,3
20240628,0.08779863533294405,421,dss,3
20240731,0.03410088422249319,443,dss,3
20240830,0.1487084143190173,429,dss,3
20240930,-0.0185637767539396,416,dss,3
20241031,-0.016520049605770214,441,dss,3
20241129,0.09812899558805473,428,dss,3
20241231,0.08297110936870637,413,dss,3
20250131,0.10977411624727297,446,dss,3
20250228,0.14473792984515982,425,dss,3
20250331,0.14639870743127822,421,dss,3
20250430,-0.004693039158042598,450,dss,3
20250530,0.05822409513854995,425,dss,3
20250630,0.04267141713499717,420,dss,3
20250731,-0.035159419696639965,436,dss,3
20250829,0.08304168819725492,447,dss,3
20250930,0.07077361935328011,433,dss,3
20251031,0.04500423820160294,439,dss,3
20251128,0.06425047442515394,443,dss,3
20251231,0.20327514812812453,429,dss,3
20260130,0.1213007512078539,447,dss,3
20260227,0.0944511390630777,438,dss,3
20260331,0.11850705279197066,429,dss,3
20260430,0.09208259846949378,434,dss,3
20260529,0.07977783684764175,433,dss,3
20260630,0.14652316560170947,431,dss,3
20260731,0.10034470940754826,442,dss,3
20190329,,0,dss,6
20190430,,0,dss,6
20190531,,0,dss,6
20190628,,0,dss,6
20190731,,0,dss,6
20190830,,0,dss,6
20190930,0.15080004820410026,433,dss,6
20191031,0.03192245109030304,433,dss,6
20191129,0.025933645261490695,432,dss,6
20191231,0.016741993126691536,422,dss,6
20200131,-0.008262183226649412,439,dss,6
20200228,-0.002603031711858017,439,dss,6
20200331,0.01163180687757165,428,dss,6
20200430,0.008698130327377238,452,dss,6
20200529,-0.013561367121826066,437,dss,6
20200630,0.07286856247156662,424,dss,6
20200731,-0.004942733153304005,437,dss,6
20200831,0.028017874320174288,440,dss,6
20200930,0.006232899177586665,448,dss,6
20201030,0.009636180287117397,436,dss,6
20201130,0.06348306746377771,413,dss,6
20201231,0.02814571060078064,441,dss,6
20210129,0.06714151228241258,446,dss,6
20210226,0.03860014892051045,453,dss,6
20210331,0.029220579730719436,436,dss,6
20210430,-0.019834429638715224,408,dss,6
20210531,0.025680089854580444,423,dss,6
20210630,0.0514438501218762,458,dss,6
20210730,0.03727588327950829,442,dss,6
20210831,-0.033951365173682344,451,dss,6
20210930,-0.024826498279248772,424,dss,6
20211029,0.04093857741517037,407,dss,6
20211130,-0.006678529330352607,443,dss,6
20211231,-0.024446314338892203,441,dss,6
20220131,-0.09803335735168242,429,dss,6
20220228,-0.012691197190727262,447,dss,6
20220331,-0.03353679592557757,420,dss,6
20220429,0.07185361868666126,429,dss,6
20220531,0.01632486662105376,441,dss,6
20220630,-0.0053264962581916165,420,dss,6
20220729,-0.08149267514875216,437,dss,6
20220831,0.010749570898077704,431,dss,6
20220930,5.8198860402842886e-05,441,dss,6
20221031,-0.02851509828448097,433,dss,6
20221130,0.043367000016668454,450,dss,6
20221230,-0.005195259041670751,426,dss,6
20230131,0.1234601531640237,445,dss,6
20230228,-0.02946872901878982,420,dss,6
20230331,0.0908617654034658,452,dss,6
20230428,-0.01030013766605254,426,dss,6
20230531,0.016738571460440638,437,dss,6
20230630,0.043654408805819014,436,dss,6
20230731,0.05128314572610053,422,dss,6
20230831,0.0642996253207082,394,dss,6
20230929,0.02821060827581721,444,dss,6
20231031,0.03240341936966732,428,dss,6
20231130,0.01659310512992749,456,dss,6
20231229,0.05481003826556918,407,dss,6
20240131,-0.0004229085104393855,417,dss,6
20240229,0.05824723546717021,412,dss,6
20240329,0.050143551119862004,427,dss,6
20240430,0.055150223998612906,427,dss,6
20240531,-0.004998856522753184,450,dss,6
20240628,-0.018028190527080584,407,dss,6
20240731,0.012126065053201308,438,dss,6
20240830,-0.05452982203708793,435,dss,6
20240930,0.13842985006081643,420,dss,6
20241031,0.03555449360679755,428,dss,6
20241129,0.03921528356778273,429,dss,6
20241231,0.037291780473910546,420,dss,6
20250131,0.044911891796313635,459,dss,6
20250228,0.06135643028476421,426,dss,6
20250331,0.009230596094736634,419,dss,6
20250430,0.02758891987888772,435,dss,6
20250530,-0.029899951466443735,438,dss,6
20250630,-0.10219021463374521,425,dss,6
20250731,0.06727407780895105,446,dss,6
20250829,-0.07294302533853696,435,dss,6
20250930,-0.015752871055474852,422,dss,6
20251031,0.12029676328808095,443,dss,6
20251128,0.09415862520207174,426,dss,6
20251231,0.003037734946741524,421,dss,6
20260130,-0.057230145492906226,435,dss,6
20260227,0.06098700634059249,460,dss,6
20260331,0.037417537586057786,438,dss,6
20260430,0.0706100723221386,441,dss,6
20260529,0.051734221184774436,421,dss,6
20260630,-0.04647323640869453,427,dss,6
20260731,0.05429893062606111,447,dss,6
20190329,,0,dss,12
20190430,,0,dss,12
20190531,,0,dss,12
20190628,,0,dss,12
20190731,,0,dss,12
20190830,,0,dss,12
20190930,,0,dss,12
20191031,,0,dss,12
20191129,,0,dss,12
20191231,,0,dss,12
20200131,,0,dss,12
20200228,,0,dss,12
20200331,0.02592822135843564,454,dss,12
20200430,0.0488214891990225,432,dss,12
20200529,-0.03553703242642215,419,dss,12
20200630,0.044818376868779035,419,dss,12
20200731,0.07288871602919807,447,dss,12
20200831,-0.0050397927305240574,445,dss,12
20200930,0.049782609440884015,423,dss,12
20201030,0.05635247528655481,437,dss,12
20201130,-0.007500858668204804,435,dss,12
20201231,0.0032745298641729506,439,dss,12
20210129,0.028213153509332865,441,dss,12
20210226,-0.010839221651271049,440,dss,12
20210331,-0.004142809709832289,442,dss,12
20210430,0.046883167433409735,426,dss,12
20210531,-0.019419028230204166,425,dss,12
20210630,0.007462181557730563,434,dss,12
20210730,-0.07590762953122153,436,dss,12
20210831,-0.006631738116709406,458,dss,12
20210930,-0.016491852547408096,423,dss,12
20211029,0.013672480424003534,423,dss,12
20211130,0.026119925272882646,424,dss,12
20211231,-0.004418970000037956,441,dss,12
20220131,0.016276750941651662,442,dss,12
20220228,0.019738353808288603,427,dss,12
20220331,0.0030745337643862847,432,dss,12
20220429,0.1052918235305524,408,dss,12
20220531,-0.06407344668908665,449,dss,12
20220630,0.019025784954940193,438,dss,12
20220729,0.04303224780102325,442,dss,12
20220831,0.01789495592888526,451,dss,12
20220930,0.02015674616512723,428,dss,12
20221031,0.01741399994474925,431,dss,12
20221130,-0.02533463380255302,435,dss,12
20221230,0.02275081028259924,435,dss,12
20230131,-0.015869539077062175,434,dss,12
20230228,0.03675434697132198,411,dss,12
20230331,0.028581226619387296,440,dss,12
20230428,-0.07537882742018724,426,dss,12
20230531,0.026096891530877697,450,dss,12
20230630,5.548158910604383e-05,426,dss,12
20230731,0.061042154098970826,431,dss,12
20230831,0.05029780529924005,412,dss,12
20230929,-0.011053287734908997,440,dss,12
20231031,-0.002247047288053795,438,dss,12
20231130,-0.05069479214281799,459,dss,12
20231229,0.008551921935370545,428,dss,12
20240131,0.04961515821189538,433,dss,12
20240229,0.06004675383480036,420,dss,12
20240329,0.056346078811535846,433,dss,12
20240430,0.01790892431965541,425,dss,12
20240531,0.02686149046150157,427,dss,12
20240628,0.0293865133713955,424,dss,12
20240731,0.04403850739764299,433,dss,12
20240830,-0.021964783445048985,411,dss,12
20240930,0.049136023291594104,424,dss,12
20241031,0.025362391503918218,428,dss,12
20241129,0.008136054645371805,452,dss,12
20241231,-0.03877821942206033,406,dss,12
20250131,0.015288166129859082,441,dss,12
20250228,0.07504789661883297,426,dss,12
20250331,-0.05879398974725894,414,dss,12
20250430,-0.060030022360497225,430,dss,12
20250530,-0.024809912705242684,431,dss,12
20250630,0.04271696592484342,427,dss,12
20250731,-0.0007880288448041749,437,dss,12
20250829,-0.02270551658553635,450,dss,12
20250930,0.050011694965128424,430,dss,12
20251031,0.0569513248994811,438,dss,12
20251128,0.026308256715172947,428,dss,12
20251231,-0.028643389881318697,422,dss,12
20260130,-0.054146479510639965,452,dss,12
20260227,-0.016833655634143383,428,dss,12
20260331,-0.12311957467804316,424,dss,12
20260430,-0.03939435383596946,432,dss,12
20260529,0.019177366150879782,429,dss,12
20260630,-0.11316385971892445,425,dss,12
20260731,-0.02395247634207038,445,dss,12
