01346,-0.6
01362,-0.1
0137A,0.1
01384,0.1
01419,-0.1
01454,-0.1
01464,0.1
01482,-0.1
01484,0.1
01489,0.6
0148A,-0.1
01492,-0.1
01514,0.1
01515,-0.1
01555,-0.1
01572,0.1
01587,0.1
01607,0.1
01616,-0.1
01649,0.1
01659,-0.1
01681,-0.6
01682,0.1
01763,-0.1
01780,-0.1
01783,-0.1
01846,0.1
01855,-0.1
01876,0.1
01926,0.1
01953,-0.1
01961,-0.1
01993,-0.1
01995,-0.1
01999,0.6
02007,0.1
02025,-0.1
02029,-0.1
02047,-0.1
02048,-0.1
02051,0.1
02066,-0.1
02071,-0.1
02092,0.1
02098,-0.1
02103,-0.1
02104,-0.6
02180,0.1
02185,-0.6
0219A,-0.6
02209,0.1
02210,0.1
02216,0.1
02239,0.1
02244,0.1
02281,0.6
02282,-0.1
02284,0.1
02300,0.1
02303,0.1
02325,0.1
02340,-0.1
02344,-0.6
02345,0.1
02359,0.1
02364,0.1
02365,-0.1
02421,-0.1
02425,0.1
02432,-0.1
02449,0.1
02452,-0.1
02473,-0.1
02482,0.1
02505,0.1
02511,0.6
02527,0.6
02544,0.1
02562,0.1
02565,0.1
02571,0.6
02572,-0.1
02585,-0.1
02605,0.1
02618,-0.1
02630,-0.1
02638,0.1
02654,-0.1
02681,-0.1
02684,-0.1
02694,0.1
02725,-0.1
02730,0.1
02732,0.1
02768,0.1
02776,-0.1
02787,0.1
02802,-0.1
02813,-0.6
02826,0.1
0283A,0.1
02852,0.1
02859,0.6
02876,-0.1
02891,-0.1
02938,-0.1
02944,0.1
02962,-0.1
0296A,0.1
02973,-0.1
02988,-0.1
02989,0.1
03007,0.1
03015,-0.1
03073,-0.1
03152,-0.1
03160,-0.6
03195,-0.1
03234,0.1
03244,-0.1
03259,-0.1
03281,0.6
03284,0.1
03297,-0.6
03302,-0.1
03323,0.1
03342,-0.1
03356,0.1
03438,0.1
03455,-0.1
03476,-0.1
03495,0.1
03514,0.1
03531,-0.1
03546,0.1
0355A,0.6
03569,-0.1
03581,0.1
03585,-0.1
03617,0.1
03619,0.1
03664,-0.1
03669,0.1
03672,-0.1
03683,0.1
03690,0.6
03729,0.6
03754,-0.1
03755,0.1
03762,-0.6
03764,-0.1
03776,0.1
03797,0.1
03805,-0.1
03809,0.1
03815,0.6
03832,0.1
03846,0.1
03853,0.1
03864,-0.6
03880,-0.1
03920,0.1
03944,0.1
03962,-0.1
03967,0.1
03981,-0.1
03982,-0.1
03983,-0.1
03988,-0.1
04007,0.1
04031,-0.1
0404A,0.1
04055,-0.1
04058,-0.1
04062,0.1
04071,-0.1
04090,0.1
04119,0.6
04149,-0.1
04170,0.1
04177,0.1
04194,-0.1
0419A,-0.1
04209,-0.6
0423A,0.1
04300,0.1
04308,-0.1
04319,0.1
04333,-0.1
04347,0.6
04362,0.1
04392,0.1
04426,-0.6
04435,0.1
04465,0.1
04474,-0.1
04482,-0.1
04524,-0.6
04529,-0.1
04549,-0.1
04578,-0.1
04662,-0.6
04666,-0.1
04676,-0.1
0467A,0.1
04689,0.1
04762,-0.1
04779,0.1
04810,-0.1
04818,0.1
04854,0.1
04863,0.1
04873,-0.1
04885,0.1
04894,-0.1
04897,0.1
04907,-0.1
04911,0.6
04913,0.1
04918,0.1
04922,-0.1
04940,-0.1
04966,0.1
04971,0.1
04987,-0.1
04994,0.1
04998,-0.1
05005,0.1
05008,0.1
05011,-0.1
05012,0.1
05020,0.6
05027,0.1
05045,0.1
05049,-0.1
05078,-0.1
05092,0.1
05108,-0.6
05115,-0.6
05131,-0.1
05168,-0.6
05180,-0.1
05183,-0.1
05189,0.1
05198,-0.1
05244,-0.1
05282,0.1
05284,-0.1
05285,-0.1
05316,0.1
05349,-0.1
05369,-0.1
05373,-0.1
05388,0.6
05407,-0.1
05417,0.1
05420,0.6
05423,0.1
05429,-0.1
05435,-0.1
05458,-0.1
05463,0.1
05476,0.1
05481,-0.1
05484,-0.1
0554A,0.1
05569,0.1
05579,0.6
05580,0.1
05581,-0.1
05624,-0.1
05659,-0.1
05677,0.1
05681,0.1
0572A,-0.6
05744,-0.1
05764,-0.1
05769,-0.1
05773,0.1
05816,0.1
0583A,0.1
05855,0.6
05859,-0.1
05866,0.1
05868,-0.6
05873,-0.1
05886,-0.1
05910,-0.1
05915,-0.1
05920,-0.1
05957,0.1
05960,0.1
05969,0.1
05978,0.1
05984,0.1
05988,-0.1
06039,0.1
06061,0.1
06106,0.1
06135,0.1
06154,0.1
06172,-0.1
06184,0.1
06224,-0.1
06257,0.1
06263,-0.1
06264,-0.1
0626A,-0.1
06277,0.1
06297,0.1
06347,-0.6
06402,-0.6
06418,-0.1
06423,-0.1
06435,0.1
06437,-0.6
06466,0.1
06477,0.1
06489,0.1
06494,0.6
06517,-0.1
06533,-0.1
06536,0.1
06538,-0.1
06544,0.1
06559,0.1
06562,0.6
06616,0.1
06671,-0.1
06694,0.1
0671A,-0.1
06735,-0.1
06737,-0.1
0673A,0.6
06751,0.1
06770,0.1
06777,0.1
06792,-0.1
06801,-0.1
06808,-0.1
06832,-0.1
06837,-0.1
06886,-0.1
06908,-0.1
06914,-0.1
06918,-0.6
06925,-0.1
06939,0.1
06967,0.6
06976,-0.1
07005,0.1
07017,-0.1
07045,0.1
07079,-0.1
07081,0.1
07084,-0.1
07103,0.1
07123,-0.1
07136,0.1
07173,-0.1
07201,0.1
07230,-0.1
07249,-0.1
07283,-0.1
07290,0.6
07311,0.1
07321,-0.1
07379,0.1
07393,-0.6
07416,-0.1
07429,-0.1
07433,0.1
07441,0.1
07461,0.1
07490,-0.1
07506,0.1
07558,-0.1
07585,-0.1
07609,0.1
07619,-0.1
07637,-0.6
07642,-0.1
07645,-0.1
07647,-0.1
07655,-0.1
07663,-0.1
07665,0.1
07685,-0.1
07697,-0.1
07719,-0.6
07726,-0.1
07739,-0.1
07772,-0.6
07786,0.1
07788,0.1
07790,0.1
07816,0.1
07845,-0.1
07853,-0.1
07861,0.6
07872,-0.1
07874,-0.1
07884,-0.1
07886,-0.1
07908,0.6
07924,0.1
07949,-0.1
08003,0.1
08044,-0.1
08045,-0.6
08049,-0.1
08051,0.1
08092,0.6
08093,0.1
08130,0.1
08132,0.6
08133,0.1
08145,-0.1
08155,-0.1
08173,-0.1
08178,0.1
08210,-0.6
08212,-0.1
08258,0.1
08263,0.1
08276,0.1
08300,0.1
08314,-0.1
08349,0.6
08353,-0.1
08363,0.1
08370,-0.1
08376,-0.1
08427,-0.1
08451,0.1
08453,-0.1
08482,0.6
08512,-0.1
08539,0.1
08594,0.1
08686,0.6
08747,-0.1
08772,0.1
08773,0.1
08780,-0.6
08826,0.1
08828,0.1
08846,-0.1
08848,0.1
08854,-0.1
08858,0.1
08860,-0.1
08879,-0.1
08888,0.1
08890,0.1
08892,0.1
08913,0.1
08964,0.1
09010,-0.1
09021,0.1
09033,0.6
09055,0.1
09072,-0.1
09085,-0.1
09182,-0.1
0918A,0.6
09215,-0.1
09217,0.1
09220,0.1
09221,-0.6
09225,-0.1
09226,0.1
09232,-0.1
09237,0.1
09263,0.1
09265,0.1
09268,0.1
09283,-0.1
09284,-0.1
09302,-0.1
09313,-0.1
09323,0.1
09335,-0.1
09345,0.1
09350,0.1
09357,-0.6
09360,0.1
09370,-0.1
09417,0.1
09444,0.1
09479,0.1
09486,-0.6
09503,-0.1
09514,-0.6
09529,0.6
09534,-0.1
09545,0.1
09547,-0.1
09574,0.6
09581,0.1
09582,0.6
09597,-0.6
09629,-0.1
09658,-0.1
09693,0.1
09730,0.1
09738,0.1
09766,0.1
09788,-0.1
09789,0.1
09803,0.1
09829,-0.1
09837,0.1
09838,0.1
0987A,-0.1
09881,0.1
09883,0.1
09886,0.1
09896,0.1
09906,-0.1
09918,0.1
09932,0.1
09934,0.1
09982,-0.1
09986,0.1
